:020000040800F2
:100000000000022005850108558501085585010875
:100010005585010855850108558501080000000037
:1000200000000000000000000000000055850108ED
:10003000558501080000000055850108ED72010892
:100040005585010855850108558501085585010824
:100050005585010855850108558501085585010814
:100060005585010855850108558501085585010804
:1000700055850108558501085585010855850108F4
:1000800055850108558501085585010800000000C7
:10009000000000000000000000000000558501087D
:1000A00055850108558501085585010855850108C4
:1000B00055850108558501085585010855850108B4
:1000C00055850108558501085585010855850108A4
:1000D0005585010855850108558501080000000077
:1000E0005585010855850108558501080000000067
:1000F000000000000000000000000000558501081D
:100100000000000055850108558501085585010846
:1001100000000000000000000000000000000000DF
:100120005585010855850108558501085585010843
:1001300055850108000000000000000000000000DC
:1001400000000000000000000000000055850108CC
:100150005585010855850108558501085585010813
:1001600055850108558501080000000000000000C9
:10017000000000000000000000000000000000007F
:10018000000000005585010800000000000000008C
:080190005585010855850108A1
:1001A000A3F5803A704700BF174B002B08BF134BD5
:1001B0009D46FFF7F5FF00218B460F461348144A72
:1001C000121A19F081FB0E4B002B00D098470D4BF3
:1001D000002B00D098470020002104000D000D489E
:1001E000002802D00C48AFF3008018F0C7F92000B7
:1001F000290000F07DF918F0AFF900BF00000800F9
:10020000000000000000000000000000CC00002002
:100210004C070020000000000000000040D2010850
:1002200000000020CC000020CC0000204C07002063
:1002300001F0FF01102A2BDB10F0070F08D010F897
:10024000013B013A8B422DD010F0070F42B3F6D19B
:10025000F0B441EA012141EA014122F007047FF0B4
:1002600000070023F0E80256083C85EA010586EA0B
:10027000010685FA47F5A3FA87F586FA47F6A5FA47
:1002800087F68EB9EED1F0BC01F0FF0102F0070253
:1002900032B110F8013B013A83EA010313B1F8D1FE
:1002A0000020704701387047002D06BF35460338DF
:1002B000073815F0010F07D1013015F4807F02BF18
:1002C000013015F4C03F0130F0BC0138704700BF69
:1002D00053B94AB9002908BF00281CBF4FF0FF31AD
:1002E0004FF0FF3000F00CB8ADF1080C6DE904CE12
:1002F00019F04CFDDDF804E0DDE9022304B070479D
:10030000704700BF0348044B834202D0034B03B144
:1003100018477047CC000020CC00002000000000EF
:100320000548064B1B1AD90F01EBA301491002D057
:10033000034B03B118477047CC000020CC000020CD
:100340000000000010B5064C237843B9FFF7DAFF30
:10035000044B13B10448AFF300800123237010BD98
:10036000CC0000200000000048A0010808B5054BA3
:100370001BB105490548AFF30080BDE80840FFF711
:10038000CFBF00BF00000000D000002048A001083F
:1003900080B592B000AF3B1D184617F06CF90346CC
:1003A000002B03D14B4818F011FD90E03B1D18467F
:1003B00017F018F80346002B03D1474818F006FD44
:1003C00085E03B6A7A6A1946444818F009F94448BE
:1003D00018F0FCFC434818F0F9FC434818F0F6FC10
:1003E000424818F0F3FC00233B6100237B610023AB
:1003F000FB603B1D0833BB6101233B6415E00C200F
:1004000018F002FE0346BB63BB695B685A1CBB6BFA
:100410005A60BB699A68BB6B9A60BA69BB6B1A6019
:10042000BB6BBB613B6C01333B643B6ADA0F13442B
:100430005B101A463B6C9342E1DB0123FB6315E042
:100440000C2018F0E1FD0346BB63BB695A68BB6B27
:100450005A60BB699B685A1CBB6B9A60BA69BB6BDC
:100460001A60BB6BBB61FB6B0133FB637B6ADA0F0A
:1004700013445B101A46FB6B9342E1DB3B6A013B82
:100480007B607B6A013BBB603B1D184616F0D0FFCA
:1004900041F2883017F004F9BB697B6407E07B6C9C
:1004A0001B68BB63786C18F0B7FDBB6B7B647B6C1F
:1004B000002B04D03B1D08337A6C9A42EFD13B1DD0
:1004C000184616F0AAFF3B1D184617F0DFF848370C
:1004D000BD4680BDC4A10108D8A10108F0A1010852
:1004E0001CA2010838A2010874A20108C4A20108D4
:1004F00080B500AFFFF74CFF0023184680BD80B5E4
:1005000082B000AF78607B68002B01D1012341E00D
:100510007B6893F83D30DBB2002B06D17B6800226C
:1005200083F83C20786800F08DF87B68022283F81D
:100530003D207B681A687B6804331946104605F035
:10054000EBF87B68012283F846207B68012283F860
:100550003E207B68012283F83F207B68012283F8DC
:1005600040207B68012283F841207B68012283F8C8
:1005700042207B68012283F843207B68012283F8B4
:1005800044207B68012283F845207B68012283F8A0
:100590003D20002318460837BD4680BD80B582B097
:1005A00000AF78607B68022283F83D207B681B687F
:1005B0001A6A41F211131340002B0FD17B681B689C
:1005C0001A6A40F244431340002B07D17B681B6832
:1005D0001A687B681B6822F001021A60786800F0D4
:1005E0003BF87B68002283F846207B68002283F872
:1005F0003E207B68002283F83F207B68002283F83E
:1006000040207B68002283F841207B68002283F829
:1006100042207B68002283F843207B68002283F815
:1006200044207B68002283F845207B68002283F801
:100630003D207B68002283F83C20002318460837C1
:10064000BD4680BD80B483B000AF786000BF0C377A
:10065000BD465DF8047B704780B483B000AF78601E
:1006600000BF0C37BD465DF8047B704780B485B091
:1006700000AF78607B6893F83D30DBB2012B01D08E
:1006800001233CE07B68022283F83D207B681B68E5
:100690001E4A934218D07B681B68B3F1804F13D079
:1006A0007B681B681A4A93420ED07B681B68194A04
:1006B000934209D07B681B68174A934204D07B6839
:1006C0001B68164A934211D17B681B689B6803F034
:1006D0000703FB60FB68062B10D07B681B681A6859
:1006E0007B681B6842F001021A6007E07B681B68A8
:1006F0001A687B681B6842F001021A6000231846E2
:100700001437BD465DF8047B704700BF0000014010
:100710000004004000080040000C00400040014080
:1007200080B483B000AF78607B681B681A6A41F2BE
:1007300011131340002B0FD17B681B681A6A40F21B
:1007400044431340002B07D17B681B681A687B6801
:100750001B6822F001021A607B68012283F83D20A9
:10076000002318460C37BD465DF8047B7047000037
:1007700080B485B000AF78607B6893F83D30DBB221
:10078000012B01D0012344E07B68022283F83D2045
:100790007B681B68DA687B681B6842F00102DA60DC
:1007A0007B681B681E4A934218D07B681B68B3F1B4
:1007B000804F13D07B681B681A4A93420ED07B6827
:1007C0001B68194A934209D07B681B68174A9342F9
:1007D00004D07B681B68164A934211D17B681B6862
:1007E0009B6803F00703FB60FB68062B10D07B6857
:1007F0001B681A687B681B6842F001021A6007E0F8
:100800007B681B681A687B681B6842F001021A60EB
:10081000002318461437BD465DF8047B704700BFBF
:10082000000001400004004000080040000C0040AF
:100830000040014080B483B000AF78607B681B68E3
:10084000DA687B681B6822F00102DA607B681B684B
:100850001A6A41F211131340002B0FD17B681B68F9
:100860001A6A40F244431340002B07D17B681B688F
:100870001A687B681B6822F001021A607B680122FB
:1008800083F83D20002318460C37BD465DF8047BF5
:100890007047000080B586B000AFF860B9601346BD
:1008A000FB80FB6893F83D30DBB2022B01D10223C1
:1008B00070E0FB6893F83D30DBB2012B25D1BB68BB
:1008C000002B02D0FB88002B01D1012362E0FB68E2
:1008D000022283F83D20FB681B6A304ADA63FB681A
:1008E0001B6A2F4A1A64FB681B6A2E4ADA64FB688B
:1008F000186AB968FB681B682C331A46FB8813F02A
:10090000E2FB0346002B04D001E0012342E0012377
:1009100040E0FB681B68DA68FB681B6842F4807281
:10092000DA60FB681B68204A934218D0FB681B689A
:10093000B3F1804F13D0FB681B681C4A93420ED062
:10094000FB681B681A4A934209D0FB681B68194A66
:10095000934204D0FB681B68174A934211D1FB688D
:100960001B689B6803F007037B617B69062B10D033
:10097000FB681B681A68FB681B6842F001021A607A
:1009800007E0FB681B681A68FB681B6842F00102FD
:100990001A60002318461837BD4680BD85560008EA
:1009A000B3560008B35300080000014000040040A3
:1009B00000080040000C00400040014080B582B0BB
:1009C00000AF78607B681B68DA687B681B6822F47C
:1009D0008072DA607B681B6A184613F03CFC7B6807
:1009E0001B681A6A41F211131340002B0FD17B6868
:1009F0001B681A6A40F244431340002B07D17B68FE
:100A00001B681A687B681B6822F001021A607B6809
:100A1000012283F83D20002318460837BD4680BDDB
:100A200080B582B000AF78607B68002B01D10123D4
:100A300041E07B6893F83D30DBB2002B06D17B6848
:100A4000002283F83C20786800F08DF87B68022251
:100A500083F83D207B681A687B680433194610468A
:100A600004F05AFE7B68012283F846207B6801224D
:100A700083F83E207B68012283F83F207B680122B7
:100A800083F840207B68012283F841207B680122A3
:100A900083F842207B68012283F843207B6801228F
:100AA00083F844207B68012283F845207B6801227B
:100AB00083F83D20002318460837BD4680BD80B529
:100AC00082B000AF78607B68022283F83D207B68AB
:100AD0001B681A6A41F211131340002B0FD17B6877
:100AE0001B681A6A40F244431340002B07D17B680D
:100AF0001B681A687B681B6822F001021A6078681C
:100B000000F03BF87B68002283F846207B680022D7
:100B100083F83E207B68002283F83F207B68002218
:100B200083F840207B68002283F841207B68002204
:100B300083F842207B68002283F843207B680022F0
:100B400083F844207B68002283F845207B680022DC
:100B500083F83D207B68002283F83C200023184660
:100B60000837BD4680BD80B483B000AF786000BF59
:100B70000C37BD465DF8047B704780B483B000AF8E
:100B8000786000BF0C37BD465DF8047B70470000FD
:100B900080B584B000AF786039603B68002B09D124
:100BA0007B6893F83E30DBB2012B14BF0123002396
:100BB000DBB222E03B68042B09D17B6893F83F301D
:100BC000DBB2012B14BF01230023DBB215E03B682D
:100BD000082B09D17B6893F84030DBB2012B14BF9E
:100BE00001230023DBB208E07B6893F84130DBB2DD
:100BF000012B14BF01230023DBB2002B01D0012302
:100C000068E03B68002B04D17B68022283F83E2019
:100C100013E03B68042B04D17B68022283F83F2059
:100C20000BE03B68082B04D17B68022283F840204C
:100C300003E07B68022283F841207B681B68012265
:100C40003968184605F0C4F97B681B68234A93424B
:100C500007D17B681B685A6C7B681B6842F40042B2
:100C60005A647B681B681D4A934218D07B681B68D6
:100C7000B3F1804F13D07B681B68194A93420ED0A2
:100C80007B681B68174A934209D07B681B68164A29
:100C9000934204D07B681B68144A934211D17B684D
:100CA0001B689B6803F00703FB60FB68062B10D0F2
:100CB0007B681B681A687B681B6842F001021A6037
:100CC00007E07B681B681A687B681B6842F00102BA
:100CD0001A60002318461037BD4680BD0000014051
:100CE0000004004000080040000C004000400140AB
:100CF00080B582B000AF786039607B681B680022E5
:100D00003968184605F064F97B681B68294A9342E4
:100D100017D17B681B681A6A41F211131340002B2C
:100D20000FD17B681B681A6A40F244431340002BC2
:100D300007D17B681B685A6C7B681B6822F40042F1
:100D40005A647B681B681A6A41F211131340002B26
:100D50000FD17B681B681A6A40F244431340002B92
:100D600007D17B681B681A687B681B6822F0010248
:100D70001A603B68002B04D17B68012283F83E2077
:100D800013E03B68042B04D17B68012283F83F20E9
:100D90000BE03B68082B04D17B68012283F84020DC
:100DA00003E07B68012283F84120002318460837BE
:100DB000BD4680BD0000014080B584B000AF7860C2
:100DC00039600023FB733B68002B09D17B6893F8E3
:100DD0003E30DBB2012B14BF01230023DBB222E043
:100DE0003B68042B09D17B6893F83F30DBB2012BC1
:100DF00014BF01230023DBB215E03B68082B09D1A7
:100E00007B6893F84030DBB2012B14BF0123002331
:100E1000DBB208E07B6893F84130DBB2012B14BFF2
:100E200001230023DBB2002B01D00123B3E03B6898
:100E3000002B04D17B68022283F83E2013E03B683C
:100E4000042B04D17B68022283F83F200BE03B682F
:100E5000082B04D17B68022283F8402003E07B68E2
:100E6000022283F841203B680C2B41D801A252F8A2
:100E700023F000BFA90E0008F10E0008F10E0008D3
:100E8000F10E0008BB0E0008F10E0008F10E00087C
:100E9000F10E0008CD0E0008F10E0008F10E00085A
:100EA000F10E0008DF0E00087B681B68DA687B68BB
:100EB0001B6842F00202DA601DE07B681B68DA689A
:100EC0007B681B6842F00402DA6014E07B681B68F0
:100ED000DA687B681B6842F00802DA600BE07B6826
:100EE0001B68DA687B681B6842F01002DA6002E077
:100EF0000123FB7300BFFB7B002B4BD17B681B687E
:100F000001223968184605F063F87B681B68244A9B
:100F1000934207D17B681B685A6C7B681B6842F45C
:100F200000425A647B681B681D4A934218D07B6854
:100F30001B68B3F1804F13D07B681B68194A93423A
:100F40000ED07B681B68184A934209D07B681B68E7
:100F5000164A934204D07B681B68154A934211D10C
:100F60007B681B689B6803F00703BB60BB68062BAC
:100F700010D07B681B681A687B681B6842F001020E
:100F80001A6007E07B681B681A687B681B6842F080
:100F900001021A60FB7B18461037BD4680BD00BFBA
:100FA000000001400004004000080040000C004028
:100FB0000040014080B584B000AF78603960002304
:100FC000FB733B680C2B41D801A252F823F000BF01
:100FD000051000084D1000084D1000084D100008C5
:100FE000171000084D1000084D1000084D100008A3
:100FF000291000084D1000084D1000084D10000881
:101000003B1000087B681B68DA687B681B6822F06D
:101010000202DA601DE07B681B68DA687B681B6887
:1010200022F00402DA6014E07B681B68DA687B68EF
:101030001B6822F00802DA600BE07B681B68DA6844
:101040007B681B6822F01002DA6002E00123FB7368
:1010500000BFFB7B002B57D17B681B6800223968DF
:10106000184604F0B5FF7B681B682A4A934217D1E3
:101070007B681B681A6A41F211131340002B0FD1D1
:101080007B681B681A6A40F244431340002B07D167
:101090007B681B685A6C7B681B6822F400425A64A8
:1010A0007B681B681A6A41F211131340002B0FD1A1
:1010B0007B681B681A6A40F244431340002B07D137
:1010C0007B681B681A687B681B6822F001021A6043
:1010D0003B68002B04D17B68012283F83E2013E09B
:1010E0003B68042B04D17B68012283F83F200BE08E
:1010F0003B68082B04D17B68012283F8402003E081
:101100007B68012283F84120FB7B18461037BD46DF
:1011100080BD00BF0000014080B586B000AFF86020
:10112000B9607A607B800023FB75BB68002B09D116
:10113000FB6893F83E30DBB2022B0CBF0123002387
:10114000DBB222E0BB68042B09D1FB6893F83F3087
:10115000DBB2022B0CBF01230023DBB215E0BB681E
:10116000082B09D1FB6893F84030DBB2022B0CBF8F
:1011700001230023DBB208E0FB6893F84130DBB2C7
:10118000022B0CBF01230023DBB2002B01D0022372
:101190005DE1BB68002B09D1FB6893F83E30DBB200
:1011A000012B0CBF01230023DBB222E0BB68042B20
:1011B00009D1FB6893F83F30DBB2012B0CBF012350
:1011C0000023DBB215E0BB68082B09D1FB6893F85C
:1011D0004030DBB2012B0CBF01230023DBB208E05F
:1011E000FB6893F84130DBB2012B0CBF01230023D5
:1011F000DBB2002B24D07B68002B02D07B88002B35
:1012000001D1012323E1BB68002B04D1FB6802223A
:1012100083F83E2016E0BB68042B04D1FB68022251
:1012200083F83F200EE0BB68082B04D1FB68022244
:1012300083F8402006E0FB68022283F8412001E0A9
:10124000012304E1BB680C2B00F2AE8001A252F82E
:1012500023F000BF89120008A9130008A913000891
:10126000A9130008D1120008A9130008A913000847
:10127000A913000819130008A9130008A9130008EE
:10128000A913000861130008FB685B6A724ADA63FD
:10129000FB685B6A714A1A64FB685B6A704ADA64CD
:1012A000FB68586A7968FB681B6834331A467B8888
:1012B00012F009FF0346002B01D00123C7E0FB68B1
:1012C0001B68DA68FB681B6842F40072DA606EE043
:1012D000FB689B6A604ADA63FB689B6A5F4A1A6430
:1012E000FB689B6A5E4ADA64FB68986A7968FB6807
:1012F0001B6838331A467B8812F0E5FE0346002B44
:1013000001D00123A3E0FB681B68DA68FB681B6857
:1013100042F48062DA604AE0FB68DB6A4E4ADA63D4
:10132000FB68DB6A4D4A1A64FB68DB6A4C4ADA6484
:10133000FB68D86A7968FB681B683C331A467B886F
:1013400012F0C1FE0346002B01D001237FE0FB68B1
:101350001B68DA68FB681B6842F40062DA6026E00A
:10136000FB681B6B3C4ADA63FB681B6B3B4A1A64E5
:10137000FB681B6B3A4ADA64FB68186B7968FB6898
:101380001B6840331A467B8812F09DFE0346002BF3
:1013900001D001235BE0FB681B68DA68FB681B680F
:1013A00042F48052DA6002E00123FB7500BFFB7D4E
:1013B000002B4BD1FB681B680122B968184604F06A
:1013C00007FEFB681B68274A934207D1FB681B682E
:1013D0005A6CFB681B6842F400425A64FB681B6845
:1013E000204A934218D0FB681B68B3F1804F13D09A
:1013F000FB681B681C4A93420ED0FB681B681B4AA3
:10140000934209D0FB681B68194A934204D0FB68D9
:101410001B68184A934211D1FB681B689B6803F054
:1014200007033B613B69062B10D0FB681B681A68F9
:10143000FB681B6842F001021A6007E0FB681B684A
:101440001A68FB681B6842F001021A60FB7D1846AF
:101450001837BD4680BD00BF45540008ED54000854
:10146000B3530008000001400004004000080040A1
:10147000000C00400040014080B584B000AF7860AF
:1014800039600023FB733B680C2B55D801A252F83E
:1014900023F000BFC91400083915000839150008E9
:1014A00039150008E5140008391500083915000839
:1014B000391500080115000839150008391500080C
:1014C000391500081D1500087B681B68DA687B6801
:1014D0001B6822F40072DA607B685B6A184612F0BF
:1014E000BAFE2CE07B681B68DA687B681B6822F414
:1014F0008062DA607B689B6A184612F0ACFE1EE0E0
:101500007B681B68DA687B681B6822F40062DA601B
:101510007B68DB6A184612F09EFE10E07B681B6851
:10152000DA687B681B6822F48052DA607B681B6B88
:10153000184612F090FE02E00123FB7300BFFB7B14
:10154000002B57D17B681B6800223968184604F0CD
:101550003FFD7B681B682A4A934217D17B681B6852
:101560001A6A41F211131340002B0FD17B681B68DC
:101570001A6A40F244431340002B07D17B681B6872
:101580005A6C7B681B6822F400425A647B681B68B3
:101590001A6A41F211131340002B0FD17B681B68AC
:1015A0001A6A40F244431340002B07D17B681B6842
:1015B0001A687B681B6822F001021A603B68002BE6
:1015C00004D17B68012283F83E2013E03B68042BA2
:1015D00004D17B68012283F83F200BE03B68082B95
:1015E00004D17B68012283F8402003E07B6801225C
:1015F00083F84120FB7B18461037BD4680BD00BFF5
:101600000000014080B582B000AF78607B68002B9D
:1016100001D1012341E07B6893F83D30DBB2002B20
:1016200006D17B68002283F83C20786800F08DF8B2
:101630007B68022283F83D207B681A687B6804334C
:101640001946104604F068F87B68012283F84620AA
:101650007B68012283F83E207B68012283F83F20CB
:101660007B68012283F840207B68012283F84120B7
:101670007B68012283F842207B68012283F84320A3
:101680007B68012283F844207B68012283F845208F
:101690007B68012283F83D20002318460837BD46A9
:1016A00080BD80B582B000AF78607B68022283F88D
:1016B0003D207B681B681A6A41F211131340002B0E
:1016C0000FD17B681B681A6A40F244431340002B19
:1016D00007D17B681B681A687B681B6822F00102CF
:1016E0001A60786800F03BF87B68002283F8462097
:1016F0007B68002283F83E207B68002283F83F202D
:101700007B68002283F840207B68002283F8412018
:101710007B68002283F842207B68002283F8432004
:101720007B68002283F844207B68002283F84520F0
:101730007B68002283F83D207B68002283F83C20F0
:10174000002318460837BD4680BD80B483B000AF83
:10175000786000BF0C37BD465DF8047B704780B4ED
:1017600083B000AF786000BF0C37BD465DF8047BE6
:101770007047000080B584B000AF786039603B6886
:10178000002B09D17B6893F83E30DBB2012B14BFEC
:1017900001230023DBB222E03B68042B09D17B68E4
:1017A00093F83F30DBB2012B14BF01230023DBB2DF
:1017B00015E03B68082B09D17B6893F84030DBB219
:1017C000012B14BF01230023DBB208E07B6893F8F0
:1017D0004130DBB2012B14BF01230023DBB2002B0D
:1017E00001D0012368E03B68002B04D17B68022212
:1017F00083F83E2013E03B68042B04D17B6802226F
:1018000083F83F200BE03B68082B04D17B68022261
:1018100083F8402003E07B68022283F841207B6844
:101820001B6801223968184604F0D2FB7B681B68EC
:10183000234A934207D17B681B685A6C7B681B68FC
:1018400042F400425A647B681B681D4A934218D0D8
:101850007B681B68B3F1804F13D07B681B68194A03
:1018600093420ED07B681B68174A934209D07B686D
:101870001B68164A934204D07B681B68144A934243
:1018800011D17B681B689B6803F00703FB60FB6852
:10189000062B10D07B681B681A687B681B6842F0B7
:1018A00001021A6007E07B681B681A687B681B6886
:1018B00042F001021A60002318461037BD4680BD71
:1018C000000001400004004000080040000C0040FF
:1018D0000040014080B582B000AF786039607B681D
:1018E0001B6800223968184604F072FB7B681B688D
:1018F000294A934217D17B681B681A6A41F2111377
:101900001340002B0FD17B681B681A6A40F24443D6
:101910001340002B07D17B681B685A6C7B681B68DF
:1019200022F400425A647B681B681A6A41F2111360
:101930001340002B0FD17B681B681A6A40F24443A6
:101940001340002B07D17B681B681A687B681B68F3
:1019500022F001021A603B68002B04D17B6801224F
:1019600083F83E2013E03B68042B04D17B680122FE
:1019700083F83F200BE03B68082B04D17B680122F1
:1019800083F8402003E07B68012283F84120002394
:1019900018460837BD4680BD0000014080B584B0C0
:1019A00000AF786039600023FB733B68002B09D1DE
:1019B0007B6893F83E30DBB2012B14BF0123002378
:1019C000DBB222E03B68042B09D17B6893F83F30FF
:1019D000DBB2012B14BF01230023DBB215E03B680F
:1019E000082B09D17B6893F84030DBB2012B14BF80
:1019F00001230023DBB208E07B6893F84130DBB2BF
:101A0000012B14BF01230023DBB2002B01D00123E3
:101A1000B3E03B68002B04D17B68022283F83E20B0
:101A200013E03B68042B04D17B68022283F83F203B
:101A30000BE03B68082B04D17B68022283F840202E
:101A400003E07B68022283F841203B680C2B41D8DD
:101A500001A252F823F000BF8D1A0008D51A000821
:101A6000D51A0008D51A00089F1A0008D51A0008D0
:101A7000D51A0008D51A0008B11A0008D51A0008AE
:101A8000D51A0008D51A0008C31A00087B681B681D
:101A9000DA687B681B6842F00202DA601DE07B684E
:101AA0001B68DA687B681B6842F00402DA6014E0A5
:101AB0007B681B68DA687B681B6842F00802DA60A2
:101AC0000BE07B681B68DA687B681B6842F01002D9
:101AD000DA6002E00123FB7300BFFB7B002B4BD1DC
:101AE0007B681B6801223968184604F071FA7B682C
:101AF0001B68244A934207D17B681B685A6C7B6839
:101B00001B6842F400425A647B681B681D4A93427A
:101B100018D07B681B68B3F1804F13D07B681B68BB
:101B2000194A93420ED07B681B68184A934209D029
:101B30007B681B68164A934204D07B681B68154A71
:101B4000934211D17B681B689B6803F00703BB605D
:101B5000BB68062B10D07B681B681A687B681B6803
:101B600042F001021A6007E07B681B681A687B6814
:101B70001B6842F001021A60FB7B18461037BD4615
:101B800080BD00BF0000014000040040000800408C
:101B9000000C00400040014080B584B000AF786088
:101BA00039600023FB733B680C2B41D801A252F82B
:101BB00023F000BFE91B0008311C0008311C00089D
:101BC000311C0008FB1B0008311C0008311C0008F8
:101BD000311C00080D1C0008311C0008311C0008D5
:101BE000311C00081F1C00087B681B68DA687B68D2
:101BF0001B6822F00202DA601DE07B681B68DA686D
:101C00007B681B6822F00402DA6014E07B681B68C2
:101C1000DA687B681B6822F00802DA600BE07B68F8
:101C20001B68DA687B681B6822F01002DA6002E049
:101C30000123FB7300BFFB7B002B57D17B681B6824
:101C400000223968184604F0C3F97B681B682A4AE9
:101C5000934217D17B681B681A6A41F21113134033
:101C6000002B0FD17B681B681A6A40F24443134073
:101C7000002B07D17B681B685A6C7B681B6822F4B9
:101C800000425A647B681B681A6A41F211131340C0
:101C9000002B0FD17B681B681A6A40F24443134043
:101CA000002B07D17B681B681A687B681B6822F0D1
:101CB00001021A603B68002B04D17B68012283F883
:101CC0003E2013E03B68042B04D17B68012283F89B
:101CD0003F200BE03B68082B04D17B68012283F88E
:101CE000402003E07B68012283F84120FB7B1846FB
:101CF0001037BD4680BD00BF0000014080B586B0F2
:101D000000AFF860B9607A607B800023FB75BB6828
:101D1000002B09D1FB6893F83E30DBB2022B0CBFDD
:101D200001230023DBB222E0BB68042B09D1FB684E
:101D300093F83F30DBB2022B0CBF01230023DBB250
:101D400015E0BB68082B09D1FB6893F84030DBB283
:101D5000022B0CBF01230023DBB208E0FB6893F8E1
:101D60004130DBB2022B0CBF01230023DBB2002B7E
:101D700001D002235DE1BB68002B09D1FB6893F819
:101D80003E30DBB2012B0CBF01230023DBB222E08B
:101D9000BB68042B09D1FB6893F83F30DBB2012B01
:101DA0000CBF01230023DBB215E0BB68082B09D16F
:101DB000FB6893F84030DBB2012B0CBF01230023FA
:101DC000DBB208E0FB6893F84130DBB2012B0CBFBB
:101DD00001230023DBB2002B24D07B68002B02D030
:101DE0007B88002B01D1012323E1BB68002B04D1A8
:101DF000FB68022283F83E2016E0BB68042B04D166
:101E0000FB68022283F83F200EE0BB68082B04D158
:101E1000FB68022283F8402006E0FB68022283F878
:101E2000412001E0012304E1BB680C2B00F2AE80ED
:101E300001A252F823F000BF6D1E00088D1F00089C
:101E40008D1F00088D1F0008B51E00088D1F00089B
:101E50008D1F00088D1F0008FD1E00088D1F000843
:101E60008D1F00088D1F0008451F0008FB685B6A76
:101E7000724ADA63FB685B6A714A1A64FB685B6AE0
:101E8000704ADA64FB68586A7968FB681B68343307
:101E90001A467B8812F017F90346002B01D0012364
:101EA000C7E0FB681B68DA68FB681B6842F40072D5
:101EB000DA606EE0FB689B6A604ADA63FB689B6AE3
:101EC0005F4A1A64FB689B6A5E4ADA64FB68986A38
:101ED0007968FB681B6838331A467B8812F0F3F880
:101EE0000346002B01D00123A3E0FB681B68DA68DE
:101EF000FB681B6842F48062DA604AE0FB68DB6AD8
:101F00004E4ADA63FB68DB6A4D4A1A64FB68DB6A97
:101F10004C4ADA64FB68D86A7968FB681B683C3312
:101F20001A467B8812F0CFF80346002B01D001231C
:101F30007FE0FB681B68DA68FB681B6842F400629C
:101F4000DA6026E0FB681B6B3C4ADA63FB681B6BBC
:101F50003B4A1A64FB681B6B3A4ADA64FB68186BED
:101F60007968FB681B6840331A467B8812F0ABF82F
:101F70000346002B01D001235BE0FB681B68DA6895
:101F8000FB681B6842F48052DA6002E00123FB75B3
:101F900000BFFB7D002B4BD1FB681B680122B96899
:101FA000184604F015F8FB681B68274A934207D1CE
:101FB000FB681B685A6CFB681B6842F400425A6459
:101FC000FB681B68204A934218D0FB681B68B3F17A
:101FD000804F13D0FB681B681C4A93420ED0FB68ED
:101FE0001B681B4A934209D0FB681B68194A93423D
:101FF00004D0FB681B68184A934211D1FB681B6828
:102000009B6803F007033B613B69062B10D0FB681C
:102010001B681A68FB681B6842F001021A6007E03F
:10202000FB681B681A68FB681B6842F001021A60B3
:10203000FB7D18461837BD4680BD00BF45540008DB
:10204000ED540008B35300080000014000040040B4
:1020500000080040000C00400040014080B584B002
:1020600000AF786039600023FB733B680C2B55D8B8
:1020700001A252F823F000BFAD2000081D21000886
:102080001D2100081D210008C92000081D2100088D
:102090001D2100081D210008E52000081D21000861
:1020A0001D2100081D210008012100087B681B6814
:1020B000DA687B681B6822F40072DA607B685B6A0E
:1020C000184612F0C8F82CE07B681B68DA687B6859
:1020D0001B6822F48062DA607B689B6A184612F003
:1020E000BAF81EE07B681B68DA687B681B6822F41C
:1020F0000062DA607B68DB6A184612F0ACF810E028
:102100007B681B68DA687B681B6822F48052DA609F
:102110007B681B6B184612F09EF802E00123FB73EC
:1021200000BFFB7B002B57D17B681B6800223968FE
:10213000184603F04DFF7B681B682A4A934217D16B
:102140007B681B681A6A41F211131340002B0FD1F0
:102150007B681B681A6A40F244431340002B07D186
:102160007B681B685A6C7B681B6822F400425A64C7
:102170007B681B681A6A41F211131340002B0FD1C0
:102180007B681B681A6A40F244431340002B07D156
:102190007B681B681A687B681B6822F001021A6062
:1021A0003B68002B04D17B68012283F83E2013E0BA
:1021B0003B68042B04D17B68012283F83F200BE0AD
:1021C0003B68082B04D17B68012283F8402003E0A0
:1021D0007B68012283F84120FB7B18461037BD46FF
:1021E00080BD00BF0000014080B582B000AF7860C4
:1021F0007B68002B01D1012341E07B6893F83D30DF
:10220000DBB2002B06D17B68002283F83C20786883
:1022100000F08DF87B68022283F83D207B681A6805
:102220007B6804331946104603F076FA7B68012276
:1022300083F846207B68012283F83E207B680122D8
:1022400083F83F207B68012283F840207B680122CD
:1022500083F841207B68012283F842207B680122B9
:1022600083F843207B68012283F844207B680122A5
:1022700083F845207B68012283F83D20002318461F
:102280000837BD4680BD80B582B000AF78607B68FE
:10229000022283F83D207B681B681A6A41F2111301
:1022A0001340002B0FD17B681B681A6A40F244432D
:1022B0001340002B07D17B681B681A687B681B687A
:1022C00022F001021A60786800F03BF87B68002277
:1022D00083F846207B68002283F83E207B6800223A
:1022E00083F83F207B68002283F840207B6800222F
:1022F00083F841207B68002283F842207B6800221B
:1023000083F843207B68002283F844207B68002206
:1023100083F845207B68002283F83D207B680022FB
:1023200083F83C20002318460837BD4680BD80B4A2
:1023300083B000AF786000BF0C37BD465DF8047B0A
:10234000704780B483B000AF786000BF0C37BD46E3
:102350005DF8047B7047000080B584B000AF786002
:1023600039603B68002B04D17B6893F83E30DBB2C8
:1023700013E03B68042B04D17B6893F83F30DBB259
:102380000BE03B68082B04D17B6893F84030DBB24C
:1023900003E07B6893F84130DBB2FB733B68002BB2
:1023A00004D17B6893F84230DBB213E03B68042B26
:1023B00004D17B6893F84330DBB20BE03B68082B19
:1023C00004D17B6893F84430DBB203E07B6893F878
:1023D0004530DBB2BB73FB7B012B02D1BB7B012BF6
:1023E00001D0012377E03B68002B04D17B680222F7
:1023F00083F83E2013E03B68042B04D17B68022263
:1024000083F83F200BE03B68082B04D17B68022255
:1024100083F8402003E07B68022283F841203B6878
:10242000002B04D17B68022283F8422013E03B6832
:10243000042B04D17B68022283F843200BE03B6825
:10244000082B04D17B68022283F8442003E07B68D8
:10245000022283F845207B681B68012239681846F0
:1024600003F0B6FD7B681B681D4A934218D07B6859
:102470001B68B3F1804F13D07B681B68194A9342E5
:102480000ED07B681B68184A934209D07B681B6892
:10249000164A934204D07B681B68154A934211D1B7
:1024A0007B681B689B6803F00703BB60BB68062B57
:1024B00010D07B681B681A687B681B6842F00102B9
:1024C0001A6007E07B681B681A687B681B6842F02B
:1024D00001021A60002318461037BD4680BD00BFB8
:1024E000000001400004004000080040000C0040D3
:1024F0000040014080B582B000AF786039607B68F1
:102500001B6800223968184603F062FD7B681B686F
:102510001A6A41F211131340002B0FD17B681B681C
:102520001A6A40F244431340002B07D17B681B68B2
:102530001A687B681B6822F001021A603B68002B56
:1025400004D17B68012283F83E2013E03B68042B12
:1025500004D17B68012283F83F200BE03B68082B05
:1025600004D17B68012283F8402003E07B680122CC
:1025700083F841203B68002B04D17B68012283F85B
:10258000422013E03B68042B04D17B68012283F8CE
:1025900043200BE03B68082B04D17B68012283F8C1
:1025A000442003E07B68012283F84520002318467D
:1025B0000837BD4680BD000080B584B000AF7860AC
:1025C00039600023FB733B68002B04D17B6893F8D0
:1025D0003E30DBB213E03B68042B04D17B6893F8F8
:1025E0003F30DBB20BE03B68082B04D17B6893F8EB
:1025F0004030DBB203E07B6893F84130DBB2BB7361
:102600003B68002B04D17B6893F84230DBB213E0C7
:102610003B68042B04D17B6893F84330DBB20BE0BA
:102620003B68082B04D17B6893F84430DBB203E0AD
:102630007B6893F84530DBB27B73BB7B012B02D107
:102640007B7B012B01D00123C2E03B68002B04D12E
:102650007B68022283F83E2013E03B68042B04D100
:102660007B68022283F83F200BE03B68082B04D1F3
:102670007B68022283F8402003E07B68022283F813
:1026800041203B68002B04D17B68022283F8422062
:1026900013E03B68042B04D17B68022283F84320BB
:1026A0000BE03B68082B04D17B68022283F84420AE
:1026B00003E07B68022283F845203B680C2B41D85D
:1026C00001A252F823F000BFFD26000845270008AC
:1026D00045270008452700080F2700084527000860
:1026E000452700084527000821270008452700083E
:1026F0004527000845270008332700087B681B682A
:10270000DA687B681B6842F00202DA601DE07B68D1
:102710001B68DA687B681B6842F00402DA6014E028
:102720007B681B68DA687B681B6842F00802DA6025
:102730000BE07B681B68DA687B681B6842F010025C
:10274000DA6002E00123FB7300BFFB7B002B3ED16C
:102750007B681B6801223968184603F039FC7B68E6
:102760001B681D4A934218D07B681B68B3F1804FE9
:1027700013D07B681B68194A93420ED07B681B6894
:10278000174A934209D07B681B68164A934204D0CB
:102790007B681B68144A934211D17B681B689B6855
:1027A00003F00703BB60BB68062B10D07B681B6877
:1027B0001A687B681B6842F001021A6007E07B68B8
:1027C0001B681A687B681B6842F001021A60FB7B79
:1027D00018461037BD4680BD00000140000400408F
:1027E00000080040000C00400040014080B584B06B
:1027F00000AF786039600023FB733B680C2B41D835
:1028000001A252F823F000BF3D28000885280008E7
:1028100085280008852800084F280008852800081A
:1028200085280008852800086128000885280008F8
:102830008528000885280008732800087B681B6825
:10284000DA687B681B6822F00202DA601DE07B68B0
:102850001B68DA687B681B6822F00402DA6014E007
:102860007B681B68DA687B681B6822F00802DA6004
:102870000BE07B681B68DA687B681B6822F010023B
:10288000DA6002E00123FB7300BFFB7B002B56D113
:102890007B681B6800223968184603F099FB7B6847
:1028A0001B681A6A41F211131340002B0FD17B6889
:1028B0001B681A6A40F244431340002B07D17B681F
:1028C0001B681A687B681B6822F001021A603B686B
:1028D000002B04D17B68012283F83E2013E03B6883
:1028E000042B04D17B68012283F83F200BE03B6876
:1028F000082B04D17B68012283F8402003E07B6829
:10290000012283F841203B68002B04D17B6801221F
:1029100083F8422013E03B68042B04D17B6801223A
:1029200083F843200BE03B68082B04D17B6801222D
:1029300083F8442003E07B68012283F84520FB7B79
:1029400018461037BD4680BD80B586B000AFF86030
:10295000B9607A607B800023FB75BB68002B04D1D3
:10296000FB6893F83E30DBB213E0BB68042B04D164
:10297000FB6893F83F30DBB20BE0BB68082B04D157
:10298000FB6893F84030DBB203E0FB6893F841301A
:10299000DBB2BB75BB68002B04D1FB6893F84230F7
:1029A000DBB213E0BB68042B04D1FB6893F843301F
:1029B000DBB20BE0BB68082B04D1FB6893F8443012
:1029C000DBB203E0FB6893F84530DBB27B75BB7D7F
:1029D000022B02D07B7D022B01D102233CE1BB7D87
:1029E000012B43D17B7D012B40D17B68002B02D092
:1029F0007B88002B01D101232EE1BB68002B04D181
:102A0000FB68022283F83E2013E0BB68042B04D14C
:102A1000FB68022283F83F200BE0BB68082B04D13F
:102A2000FB68022283F8402003E0FB68022283F85F
:102A30004120BB68002B04D1FB68022283F84220AE
:102A400016E0BB68042B04D1FB68022283F8432004
:102A50000EE0BB68082B04D1FB68022283F84420F7
:102A600006E0FB68022283F8452001E00123F3E041
:102A7000FB681B680122B968184603F0A9FABB6815
:102A80000C2B00F2AD8001A252F823F0C12A0008FD
:102A9000E12B0008E12B0008E12B0008092B0008BE
:102AA000E12B0008E12B0008E12B0008512B000866
:102AB000E12B0008E12B0008E12B0008992B00080E
:102AC000FB685B6A664ADA63FB685B6A654A1A649C
:102AD000FB685B6A644ADA64FB68586AFB681B68D7
:102AE000343319467A687B8811F0EDFA0346002BDF
:102AF00001D00123B0E0FB681B68DA68FB681B6843
:102B000042F40072DA606EE0FB689B6A544ADA6352
:102B1000FB689B6A534A1A64FB689B6A524ADA64F0
:102B2000FB68986AFB681B68383319467A687B88AB
:102B300011F0C9FA0346002B01D001238CE0FB6899
:102B40001B68DA68FB681B6842F48062DA604AE05E
:102B5000FB68DB6A424ADA63FB68DB6A414A1A6453
:102B6000FB68DB6A404ADA64FB68D86AFB681B686A
:102B70003C3319467A687B8811F0A5FA0346002B8E
:102B800001D0012368E0FB681B68DA68FB681B68FA
:102B900042F40062DA6026E0FB681B6B304ADA63BD
:102BA000FB681B6B2F4A1A64FB681B6B2E4ADA64A6
:102BB000FB68186BFB681B68403319467A687B8892
:102BC00011F081FA0346002B01D0012344E0FB6899
:102BD0001B68DA68FB681B6842F48052DA6002E026
:102BE0000123FB7500BFFB681B68204A934218D085
:102BF000FB681B68B3F1804F13D0FB681B681C4A4D
:102C000093420ED0FB681B681A4A934209D0FB68B6
:102C10001B68194A934204D0FB681B68174A934209
:102C200011D1FB681B689B6803F007033B613B699C
:102C3000062B10D0FB681B681A68FB681B6842F003
:102C400001021A6007E0FB681B681A68FB681B68D2
:102C500042F001021A60FB7D18461837BD4680BD60
:102C6000555500081D560008B353000800000140E8
:102C70000004004000080040000C004000400140FB
:102C800080B584B000AF786039600023FB737B6847
:102C90001B6800223968184603F09AF93B680C2B30
:102CA00054D801A252F823F0DD2C00084D2D000865
:102CB0004D2D00084D2D0008F92C00084D2D000861
:102CC0004D2D00084D2D0008152D00084D2D000834
:102CD0004D2D00084D2D0008312D00087B681B6824
:102CE000DA687B681B6822F40072DA607B685B6AD2
:102CF000184611F0B0FA2CE07B681B68DA687B6834
:102D00001B6822F48062DA607B689B6A184611F0C7
:102D1000A2FA1EE07B681B68DA687B681B6822F4F5
:102D20000062DA607B68DB6A184611F094FA10E002
:102D30007B681B68DA687B681B6822F48052DA6063
:102D40007B681B6B184611F086FA02E00123FB73C7
:102D500000BFFB7B002B4FD17B681B681A6A41F2D6
:102D600011131340002B0FD17B681B681A6A40F2C5
:102D700044431340002B07D17B681B681A687B68AB
:102D80001B6822F001021A603B68002B04D17B68AB
:102D9000012283F83E2013E03B68042B04D17B68BA
:102DA000012283F83F200BE03B68082B04D17B68AD
:102DB000012283F8402003E07B68012283F8412050
:102DC0003B68002B04D17B68012283F8422013E08A
:102DD0003B68042B04D17B68012283F843200BE07D
:102DE0003B68082B04D17B68012283F8442003E070
:102DF0007B68012283F84520FB7B18461037BD46CF
:102E000080BD00BF80B582B000AF786039607B685C
:102E1000002B01D1012341E07B6893F83D30DBB208
:102E2000002B06D17B68002283F83C20786800F0F4
:102E30007DF87B68022283F83D207B681A687B68F6
:102E400004331946104602F067FC7B681B681A6859
:102E50007B681B6822F008021A607B681B6819688F
:102E60007B681B683A680A431A607B68012283F812
:102E700046207B68012283F83E207B68012283F88C
:102E80003F207B68012283F842207B68012283F87F
:102E900043207B68012283F83D2000231846083731
:102EA000BD4680BD80B582B000AF78607B680222ED
:102EB00083F83D207B681B681A6A41F211131340A6
:102EC000002B0FD17B681B681A6A40F24443134001
:102ED000002B07D17B681B681A687B681B6822F08F
:102EE00001021A60786800F02BF87B68002283F8F2
:102EF00046207B68002283F83E207B68002283F80E
:102F00003F207B68002283F842207B68002283F800
:102F100043207B68002283F83D207B68002283F8F1
:102F20003C20002318460837BD4680BD80B483B0DE
:102F300000AF786000BF0C37BD465DF8047B70477A
:102F400080B483B000AF786000BF0C37BD465DF839
:102F5000047B704780B584B000AF786039607B68CF
:102F600093F83E30FB737B6893F83F30BB737B680C
:102F700093F842307B737B6893F843303B73FB7B61
:102F8000012B08D1BB7B012B05D17B7B012B02D10F
:102F90003B7B012B01D001232BE07B68022283F8CD
:102FA0003E207B68022283F83F207B68022283F860
:102FB00042207B68022283F843207B681B68012241
:102FC0000021184603F004F87B681B6801220421E5
:102FD000184602F0FDFF7B681B68084A934207D140
:102FE0007B681B685A6C7B681B6842F400425A6419
:102FF000002318461037BD4680BD00BF00000140C9
:1030000080B582B000AF786039607B681B680022B1
:103010000021184602F0DCFF7B681B6800220421B7
:10302000184602F0D5FF7B681B68244A934217D1EB
:103030007B681B681A6A41F211131340002B0FD1F1
:103040007B681B681A6A40F244431340002B07D187
:103050007B681B685A6C7B681B6822F400425A64C8
:103060007B681B681A6A41F211131340002B0FD1C1
:103070007B681B681A6A40F244431340002B07D157
:103080007B681B681A687B681B6822F001021A6063
:103090007B68012283F83E207B68012283F83F2071
:1030A0007B68012283F842207B68012283F8432059
:1030B000002318460837BD4680BD00BF0000014010
:1030C00080B584B000AF786039607B6893F83E309B
:1030D000FB737B6893F83F30BB737B6893F8423097
:1030E0007B737B6893F843303B73FB7B012B08D1E8
:1030F000BB7B012B05D17B7B012B02D13B7B012BC1
:1031000001D001233BE07B68022283F83E207B68EC
:10311000022283F83F207B68022283F842207B68EA
:10312000022283F843207B681B68DA687B681B688F
:1031300042F00202DA607B681B68DA687B681B6811
:1031400042F00402DA607B681B6801220021184605
:1031500002F03EFF7B681B6801220421184602F042
:1031600037FF7B681B68084A934207D17B681B685E
:103170005A6C7B681B6842F400425A64002318466C
:103180001037BD4680BD00BF0000014080B582B051
:1031900000AF786039607B681B68DA687B681B6801
:1031A00022F00202DA607B681B68DA687B681B68C1
:1031B00022F00402DA607B681B68002200211846B6
:1031C00002F006FF7B681B6800220421184602F00B
:1031D000FFFE7B681B68244A934217D17B681B68FB
:1031E0001A6A41F211131340002B0FD17B681B6840
:1031F0001A6A40F244431340002B07D17B681B68D6
:103200005A6C7B681B6822F400425A647B681B6816
:103210001A6A41F211131340002B0FD17B681B680F
:103220001A6A40F244431340002B07D17B681B68A5
:103230001A687B681B6822F001021A607B68012211
:1032400083F83E207B68012283F83F207B680122BF
:1032500083F842207B68012283F84320002318462C
:103260000837BD4680BD00BF0000014080B586B074
:1032700000AF786039607B68002B01D1012397E0B3
:103280007B6893F83D30DBB2002B06D17B680022CF
:1032900083F83C20786800F0D3F87B68022283F83A
:1032A0003D207B681B689B687A68126823F4804322
:1032B00023F0070393607B681A687B680433194620
:1032C000104602F029FA7B681B689B687B617B686B
:1032D0001B689B693B617B681B681B6AFB603B68E2
:1032E0001B687A6913437B613B6923F4407323F0C5
:1032F00003033B613B689A683B689B691B0213436D
:103300003A6913433B613B6923F4406323F00C03A8
:103310003B613B6923F4704323F0F0033B613B685E
:10332000DA683B68DB691B0213433A6913433B616C
:103330003B681B691A013B681B6A1B0313433A690C
:1033400013433B61FB6823F02203FB60FB6823F01F
:103350008803FB603B685A683B685B691B01134349
:10336000FA681343FB607B681B687A699A607B6824
:103370001B683A699A617B681B68FA681A627B6805
:10338000012283F846207B68012283F83E207B6877
:10339000012283F83F207B68012283F842207B686A
:1033A000012283F843207B68012283F83D2000231B
:1033B00018461837BD4680BD80B582B000AF786032
:1033C0007B68022283F83D207B681B681A6A41F201
:1033D00011131340002B0FD17B681B681A6A40F24F
:1033E00044431340002B07D17B681B681A687B6835
:1033F0001B6822F001021A60786800F02BF87B68E5
:10340000002283F846207B68002283F83E207B68F8
:10341000002283F83F207B68002283F842207B68EB
:10342000002283F843207B68002283F83D207B68DC
:10343000002283F83C20002318460837BD4680BD93
:1034400080B483B000AF786000BF0C37BD465DF834
:10345000047B704780B483B000AF786000BF0C3746
:10346000BD465DF8047B704780B584B000AF7860DE
:1034700039607B6893F83E30FB737B6893F83F308C
:10348000BB737B6893F842307B737B6893F843305F
:103490003B733B68002B10D1FB7B012B02D17B7B64
:1034A000012B01D0012369E07B68022283F83E20D2
:1034B0007B68022283F8422031E03B68042B10D164
:1034C000BB7B012B02D13B7B012B01D0012355E0BB
:1034D0007B68022283F83F207B68022283F8432026
:1034E0001DE0FB7B012B08D1BB7B012B05D17B7B36
:1034F000012B02D13B7B012B01D001233EE07B68F5
:10350000022283F83E207B68022283F83F207B68FA
:10351000022283F842207B68022283F843203B6822
:10352000002B03D03B68042B08D00FE07B681B689E
:1035300001220021184602F04BFD16E07B681B6853
:1035400001220421184602F043FD0EE07B681B684F
:1035500001220021184602F03BFD7B681B68012216
:103560000421184602F034FD00BF7B681B681A680E
:103570007B681B6842F001021A600023184610376E
:10358000BD4680BD80B582B000AF786039603B68D1
:10359000002B03D03B68042B08D00FE07B681B682E
:1035A00000220021184602F013FD16E07B681B681C
:1035B00000220421184602F00BFD0EE07B681B6818
:1035C00000220021184602F003FD7B681B680022E0
:1035D0000421184602F0FCFC00BF7B681B681A6AD5
:1035E00041F211131340002B0FD17B681B681A6A3C
:1035F00040F244431340002B07D17B681B681A68D4
:103600007B681B6822F001021A603B68002B02D025
:103610003B68042B38D13B68002B04D17B68012226
:1036200083F83E2013E03B68042B04D17B68012221
:1036300083F83F200BE03B68082B04D17B68012214
:1036400083F8402003E07B68012283F841203B6837
:10365000002B04D17B68012283F8422024E03B68E0
:10366000042B04D17B68012283F843201CE03B68D3
:10367000082B04D17B68012283F8442014E07B6886
:10368000012283F845200FE07B68012283F83E2069
:103690007B68012283F83F207B68012283F8422067
:1036A0007B68012283F84320002318460837BD4673
:1036B00080BD80B584B000AF786039607B6893F8D6
:1036C0003E30FB737B6893F83F30BB737B6893F8A5
:1036D00042307B737B6893F843303B733B68002B2D
:1036E00010D1FB7B012B02D17B7B012B01D001236D
:1036F00089E07B68022283F83E207B68022283F8FF
:10370000422031E03B68042B10D1BB7B012B02D15E
:103710003B7B012B01D0012375E07B68022283F8FB
:103720003F207B68022283F843201DE0FB7B012BB6
:1037300008D1BB7B012B05D17B7B012B02D13B7BCD
:10374000012B01D001235EE07B68022283F83E203A
:103750007B68022283F83F207B68022283F84220A4
:103760007B68022283F843203B68002B03D03B6830
:10377000042B10D01FE07B681B6801220021184633
:1037800002F026FC7B681B68DA687B681B6842F0E5
:103790000202DA602EE07B681B68012204211846D1
:1037A00002F016FC7B681B68DA687B681B6842F0D5
:1037B0000402DA601EE07B681B68012200211846C3
:1037C00002F006FC7B681B6801220421184602F007
:1037D000FFFB7B681B68DA687B681B6842F00202AB
:1037E000DA607B681B68DA687B681B6842F0040259
:1037F000DA6000BF7B681B681A687B681B6842F050
:1038000001021A60002318461037BD4680BD80B5FE
:1038100082B000AF786039603B68002B0FD17B68C5
:103820001B6800220021184602F0D2FB7B681B684F
:10383000DA687B681B6822F00202DA6030E03B68DD
:10384000042B0FD17B681B6800220421184602F06C
:10385000BFFB7B681B68DA687B681B6822F0040288
:10386000DA601DE07B681B6800220021184602F028
:10387000AFFB7B681B6800220421184602F0A8FBFE
:103880007B681B68DA687B681B6822F00202DA60DA
:103890007B681B68DA687B681B6822F00402DA60C8
:1038A0007B681B681A6A41F211131340002B0FD179
:1038B0007B681B681A6A40F244431340002B07D10F
:1038C0007B681B681A687B681B6822F001021A601B
:1038D0003B68002B02D03B68042B38D13B68002B9F
:1038E00004D17B68012283F83E2013E03B68042B5F
:1038F00004D17B68012283F83F200BE03B68082B52
:1039000004D17B68012283F8402003E07B68012218
:1039100083F841203B68002B04D17B68012283F8A7
:10392000422024E03B68042B04D17B68012283F809
:1039300043201CE03B68082B04D17B68012283F8FC
:10394000442014E07B68012283F845200FE07B6867
:10395000012283F83E207B68012283F83F207B68A8
:10396000012283F842207B68012283F84320002350
:1039700018460837BD4680BD80B586B000AFF860F8
:10398000B9607A603B60FB6893F83E30FB75FB687A
:1039900093F83F30BB75FB6893F842307B75FB684A
:1039A00093F843303B75BB68002B20D1FB7D022B85
:1039B00002D07B7D022B01D102233FE1FB7D012B55
:1039C00013D17B7D012B10D17B68002B02D03B8C67
:1039D000002B01D1012331E1FB68022283F83E2054
:1039E000FB68022283F842205DE0012326E1BB68E8
:1039F000042B20D1BB7D022B02D03B7D022B01D1B9
:103A000002231BE1BB7D012B13D13B7D012B10D188
:103A10003B68002B02D03B8C002B01D101230DE130
:103A2000FB68022283F83F20FB68022283F84320D0
:103A300039E0012302E1FB7D022B08D0BB7D022B84
:103A400005D07B7D022B02D03B7D022B01D10223CE
:103A5000F4E0FB7D012B24D1BB7D012B21D17B7DAB
:103A6000012B1ED13B7D012B1BD17B68002B05D088
:103A70003B68002B02D03B8C002B01D10123DDE001
:103A8000FB68022283F83E20FB68022283F83F2075
:103A9000FB68022283F84220FB68022283F843205D
:103AA00001E00123CAE0BB68002B03D0BB68042BF4
:103AB00033D065E0FB685B6A624ADA63FB685B6A85
:103AC000614A1A64FB685B6A604ADA64FB68586A98
:103AD000FB681B68343319467A683B8C10F0F3FAA4
:103AE0000346002B01D00123A8E0FB681B68DA68BD
:103AF000FB681B6842F40072DA60FB681B680122F5
:103B00000021184602F064FAFB681B681A68FB681B
:103B10001B6842F001021A608FE0FB689B6A494A09
:103B2000DA63FB689B6A484A1A64FB689B6A474AE7
:103B3000DA64FB68986AFB681B68383319463A6890
:103B40003B8C10F0C0FA0346002B01D0012375E036
:103B5000FB681B68DA68FB681B6842F48062DA6005
:103B6000FB681B6801220421184602F031FAFB6849
:103B70001B681A68FB681B6842F001021A605CE06F
:103B8000FB685B6A2F4ADA63FB685B6A2E4A1A6439
:103B9000FB685B6A2D4ADA64FB68586AFB681B683D
:103BA000343319467A683B8C10F08DFA0346002BAB
:103BB00001D0012342E0FB689B6A224ADA63FB687A
:103BC0009B6A214A1A64FB689B6A204ADA64FB6894
:103BD000986AFB681B68383319463A683B8C10F0CA
:103BE00072FA0346002B01D0012327E0FB681B6813
:103BF000DA68FB681B6842F40072DA60FB681B68D5
:103C0000DA68FB681B6842F48062DA60FB681B6854
:103C100001220021184602F0DBF9FB681B68012233
:103C20000421184602F0D4F9FB681B681A68FB6887
:103C30001B6842F001021A6000BF002318461837C3
:103C4000BD4680BD555500081D560008B3530008F9
:103C500080B582B000AF786039603B68002B14D12A
:103C60007B681B6800220021184602F0B1F97B68CE
:103C70001B68DA687B681B6822F40072DA607B6874
:103C80005B6A184610F0E7FA3FE03B68042B14D15A
:103C90007B681B6800220421184602F099F97B68B2
:103CA0001B68DA687B681B6822F48062DA607B68D4
:103CB0009B6A184610F0CFFA27E07B681B68002249
:103CC0000021184602F084F97B681B680022042159
:103CD000184602F07DF97B681B68DA687B681B6810
:103CE00022F40072DA607B681B68DA687B681B6804
:103CF00022F48062DA607B685B6A184610F0ABFAE7
:103D00007B689B6A184610F0A6FA7B681B681A6AE3
:103D100041F211131340002B0FD17B681B681A6A04
:103D200040F244431340002B07D17B681B681A689C
:103D30007B681B6822F001021A603B68002B02D0EE
:103D40003B68042B38D13B68002B04D17B680122EF
:103D500083F83E2013E03B68042B04D17B680122EA
:103D600083F83F200BE03B68082B04D17B680122DD
:103D700083F8402003E07B68012283F841203B6800
:103D8000002B04D17B68012283F8422024E03B68A9
:103D9000042B04D17B68012283F843201CE03B689C
:103DA000082B04D17B68012283F8442014E07B684F
:103DB000012283F845200FE07B68012283F83E2032
:103DC0007B68012283F83F207B68012283F8422030
:103DD0007B68012283F84320002318460837BD463C
:103DE00080BD80B584B000AF78607B681B68DB68FD
:103DF000FB607B681B681B69BB60BB6803F0020348
:103E0000002B20D0FB6803F00203002B1BD07B6843
:103E10001B686FF002021A617B6801221A777B68C7
:103E20001B689B6903F00303002B03D0786801F043
:103E3000E3F905E0786801F0D5F9786801F0F0F968
:103E40007B6800221A77BB6803F00403002B20D0A4
:103E5000FB6803F00403002B1BD07B681B686FF02A
:103E600004021A617B6802221A777B681B689B69CF
:103E700003F44073002B03D0786801F0BDF905E02E
:103E8000786801F0AFF9786801F0CAF97B68002220
:103E90001A77BB6803F00803002B20D0FB6803F0FF
:103EA0000803002B1BD07B681B686FF008021A61A7
:103EB0007B6804221A777B681B68DB6903F00303C5
:103EC000002B03D0786801F097F905E0786801F0DD
:103ED00089F9786801F0A4F97B6800221A77BB6839
:103EE00003F01003002B20D0FB6803F01003002B1D
:103EF0001BD07B681B686FF010021A617B68082278
:103F00001A777B681B68DB6903F44073002B03D0CE
:103F1000786801F071F905E0786801F063F9786874
:103F200001F07EF97B6800221A77BB6803F0010379
:103F3000002B0CD0FB6803F00103002B07D07B683B
:103F40001B686FF001021A61786801F037F9BB68ED
:103F500003F08003002B0CD0FB6803F08003002BE0
:103F600007D07B681B686FF080021A61786804F0E4
:103F7000A0F8BB6803F04003002B0CD0FB6803F0F3
:103F80004003002B07D07B681B686FF040021A616A
:103F9000786801F059F9BB6803F02003002B0CD0BE
:103FA000FB6803F02003002B07D07B681B686FF0D1
:103FB00020021A61786804F068F800BF1037BD4627
:103FC00080BD000080B586B000AFF860B9607A604F
:103FD0000023FB75FB6893F83C30012B01D10223D1
:103FE00048E0FB68012283F83C207B680C2B39D821
:103FF00001A252F823F000BF2D40000865400008E0
:1040000065400008654000083B4000086540000826
:104010006540000865400008494000086540000808
:10402000654000086540000857400008FB681B68B1
:10403000B968184601F0F6FB17E0FB681B68B96821
:10404000184601F055FC10E0FB681B68B96818467B
:1040500001F0BAFC09E0FB681B68B968184601F07A
:104060001DFD02E00123FB7500BFFB68002283F801
:104070003C20FB7D18461837BD4680BD80B586B014
:1040800000AFF860B9607A600023FB75FB6893F8B5
:104090003C30012B01D1022388E0FB68012283F828
:1040A0003C207B68002B1BD1FB681868BB68196833
:1040B000BB685A68BB68DB6801F0D2FDFB681B680F
:1040C0009A69FB681B6822F00C029A61FB681B6806
:1040D0009969BB689A68FB681B680A439A6160E04B
:1040E0007B68042B1CD1FB681868BB681968BB6827
:1040F0005A68BB68DB6801F04AFEFB681B689A6976
:10410000FB681B6822F440629A61FB681B6899692E
:10411000BB689B681A02FB681B680A439A6140E00F
:104120007B68082B1BD1FB681868BB681968BB68E3
:104130005A68BB68DB6801F097FEFB681B68DA69A8
:10414000FB681B6822F00C02DA61FB681B68D96906
:10415000BB689A68FB681B680A43DA6121E07B68E8
:104160000C2B1CD1FB681868BB681968BB685A68BF
:10417000BB68DB6801F0B4FEFB681B68DA69FB68AA
:104180001B6822F44062DA61FB681B68D969BB686E
:104190009B681A02FB681B680A43DA6101E001238D
:1041A000FB75FB68002283F83C20FB7D184618371E
:1041B000BD4680BD80B586B000AFF860B9607A605A
:1041C0000023FB75FB6893F83C30012B01D10223DF
:1041D000AEE0FB68012283F83C207B680C2B00F2E8
:1041E0009F8001A252F823F01D42000821430008DD
:1041F00021430008214300085D42000821430008D4
:1042000021430008214300089F4200082143000881
:104210002143000821430008DF420008FB681B68B7
:10422000B968184601F0FEFAFB681B689A69FB68DA
:104230001B6842F008029A61FB681B689A69FB6878
:104240001B6822F004029A61FB681B689969BB68CD
:104250001A69FB681B680A439A6164E0FB681B6883
:10426000B968184601F044FBFB681B689A69FB6853
:104270001B6842F400629A61FB681B689A69FB68DC
:104280001B6822F480629A61FB681B689969BB68AD
:104290001B691A02FB681B680A439A6143E0FB68CA
:1042A0001B68B968184601F08FFBFB681B68DA6968
:1042B000FB681B6842F00802DA61FB681B68DA6978
:1042C000FB681B6822F00402DA61FB681B68D9698D
:1042D000BB681A69FB681B680A43DA6123E0FB6864
:1042E0001B68B968184601F0D9FBFB681B68DA69DE
:1042F000FB681B6842F40062DA61FB681B68DA69DC
:10430000FB681B6822F48062DA61FB681B68D9696C
:10431000BB681B691A02FB681B680A43DA6102E08A
:104320000123FB7500BFFB68002283F83C20FB7D66
:1043300018461837BD4680BD80B58CB000AFF86018
:10434000B9607A603B60002387F82F307A683B6859
:104350009A4200F0BE80FB6893F83C30012B01D1FB
:104360000223B7E0FB68012283F83C20FB680222AD
:1043700083F83D20BB681B683B61BB685B687B6161
:10438000BB689B68BB61BB68DB68FB61BB681B6982
:104390007B62BB685B69BB627B68002B03D07B6878
:1043A000042B09D011E0FB681B6807F110021146CD
:1043B000184601F037FA0CE0FB681B6807F11002A1
:1043C0001146184601F094FA03E0012387F82F30D4
:1043D00000BF97F82F30002B70D13B68002B03D023
:1043E0003B68042B33D065E0FB681868BB689969AB
:1043F000BB68DA69BB681B6A01F032FCFB681B68AA
:104400009A69FB681B6822F00C029A61FB681B68C2
:104410009A68FB681B6822F070029A60FB681B6850
:104420009A68FB681B6842F050029A60FB681B6840
:104430009A68FB681B6822F007029A60FB681B6899
:104440009A68FB681B6842F006029A6036E0FB68D7
:104450001868BB689969BB68DA69BB681B6A01F0B8
:1044600096FCFB681B689A69FB681B6822F4406233
:104470009A61FB681B689A68FB681B6822F07002EF
:104480009A60FB681B689A68FB681B6842F06002D0
:104490009A60FB681B689A68FB681B6822F0070239
:1044A0009A60FB681B689A68FB681B6842F006020A
:1044B0009A6003E0012387F82F3000BFFB680122D8
:1044C00083F83D20FB68002283F83C2097F82F30CA
:1044D00000E0012318463037BD4680BD80B588B066
:1044E00002AFF860B9607A603B603B6A1B0A013337
:1044F00001933B6A00933B687A68B968F86800F0FA
:1045000007F80346FB75FB7D18461837BD4680BD8E
:1045100080B586B000AFF860B9607A603B60002378
:10452000FB75FB6893F84630DBB2022B01D1022306
:104530002BE1FB6893F84630DBB2012B0BD13B68D3
:10454000002B04D13B6A002B01D001231DE1FB6845
:10455000022283F846207B68B3F5804F00F0D880B4
:104560007B68B3F5804F00F2EE807B68B3F5005FA7
:1045700000F0B3807B68B3F5005F00F2E4807B68F5
:10458000B3F5805F00F08E807B68B3F5805F00F24A
:10459000DA807B68B3F5006F69D07B68B3F5006F94
:1045A00000F2D1807B68B3F5806F45D07B68B3F5AE
:1045B000806F00F2C8807B68B3F5807F04D07B6891
:1045C000B3F5007F1CD0BEE0FB681B6A714ADA635A
:1045D000FB681B6A704A1A64FB681B6A6F4ADA64DC
:1045E000FB68186A3968FB681B684C331A467B6A9B
:1045F0000FF069FD0346002B00F0A8800123C4E002
:10460000FB685B6A664ADA63FB685B6A654A1A6440
:10461000FB685B6A614ADA64FB68586A3968FB6860
:104620001B684C331A467B6A0FF04DFD0346002B86
:1046300000F08E800123A8E0FB689B6A584ADA6389
:10464000FB689B6A574A1A64FB689B6A534ADA64A0
:10465000FB68986A3968FB681B684C331A467B6AAA
:104660000FF031FD0346002B74D001238DE0FB6871
:10467000DB6A4B4ADA63FB68DB6A4A4A1A64FB6806
:10468000DB6A464ADA64FB68D86A3968FB681B68EB
:104690004C331A467B6A0FF016FD0346002B5BD0A5
:1046A000012372E0FB681B6B3D4ADA63FB681B6BFE
:1046B0003C4A1A64FB681B6B384ADA64FB68186B67
:1046C0003968FB681B684C331A467B6A0FF0FBFCA9
:1046D0000346002B42D0012357E0FB685B6B324A54
:1046E000DA63FB685B6B314A1A64FB685B6B2B4ACD
:1046F000DA64FB68586B3968FB681B684C331A46F0
:104700007B6A0FF0E0FC0346002B29D001233CE03C
:10471000FB689B6B264ADA63FB689B6B254A1A642D
:10472000FB689B6B1D4ADA64FB68986B3968FB6811
:104730001B684C331A467B6A0FF0C5FC0346002BFE
:1047400010D0012321E00123FB750CE000BF0AE03B
:1047500000BF08E000BF06E000BF04E000BF02E0C9
:1047600000BF00E000BFFB7D002B0DD1FB681B6884
:10477000B9683A6A0A439A64FB681B68D968FB689F
:104780001B687A680A43DA60FB7D18461837BD4615
:1047900080BD00BF85560008B3560008B35300081B
:1047A00045540008ED54000835810008598100087F
:1047B000CF560008FD56000880B584B000AF786081
:1047C00039600023FB733B68B3F5804F50D03B68E2
:1047D000B3F5804F52D83B68B3F5005F42D03B68D9
:1047E000B3F5005F4AD83B68B3F5805F34D03B68CF
:1047F000B3F5805F42D83B68B3F5006F26D03B68C5
:10480000B3F5006F3AD83B68B3F5806F18D03B68BA
:10481000B3F5806F32D83B68B3F5807F04D03B6836
:10482000B3F5007F06D029E07B681B6A18460FF0BD
:1048300012FD26E07B685B6A18460FF00CFD20E055
:104840007B689B6A18460FF006FD1AE07B68DB6AFE
:1048500018460FF000FD14E07B681B6B18460FF044
:10486000FAFC0EE07B685B6B18460FF0F4FC08E086
:104870007B689B6B18460FF0EEFC02E00123FB7394
:1048800000BFFB7B002B0CD17B681B68D9683B68A1
:10489000DA437B681B680A40DA607B68012283F890
:1048A0004620FB7B18461037BD4680BD80B588B0DA
:1048B00002AFF860B9607A603B603B6A1B0A013363
:1048C00001933B6A00933B687A68B968F86800F026
:1048D00007F80346FB75FB7D18461837BD4680BDBB
:1048E00080B586B000AFF860B9607A603B600023A5
:1048F000FB75FB6893F84630DBB2022B01D1022333
:104900002BE1FB6893F84630DBB2012B0BD13B68FF
:10491000002B04D13B6A002B01D001231DE1FB6871
:10492000022283F846207B68B3F5804F00F0D880E0
:104930007B68B3F5804F00F2EE807B68B3F5005FD3
:1049400000F0B3807B68B3F5005F00F2E4807B6821
:10495000B3F5805F00F08E807B68B3F5805F00F276
:10496000DA807B68B3F5006F69D07B68B3F5006FC0
:1049700000F2D1807B68B3F5806F45D07B68B3F5DA
:10498000806F00F2C8807B68B3F5807F04D07B68BD
:10499000B3F5007F1CD0BEE0FB681B6A714ADA6386
:1049A000FB681B6A704A1A64FB681B6A6F4ADA6408
:1049B000FB68186AFB681B684C3319463A687B6AC7
:1049C0000FF081FB0346002B00F0A8800123C4E018
:1049D000FB685B6A664ADA63FB685B6A654A1A646D
:1049E000FB685B6A614ADA64FB68586AFB681B68AB
:1049F0004C3319463A687B6A0FF065FB0346002B7F
:104A000000F08E800123A8E0FB689B6A584ADA63B5
:104A1000FB689B6A574A1A64FB689B6A534ADA64CC
:104A2000FB68986AFB681B684C3319463A687B6AD6
:104A30000FF049FB0346002B74D001238DE0FB6887
:104A4000DB6A4B4ADA63FB68DB6A4A4A1A64FB6832
:104A5000DB6A464ADA64FB68D86AFB681B684C3339
:104A600019463A687B6A0FF02EFB0346002B5BD099
:104A7000012372E0FB681B6B3D4ADA63FB681B6B2A
:104A80003C4A1A64FB681B6B384ADA64FB68186B93
:104A9000FB681B684C3319463A687B6A0FF013FBBE
:104AA0000346002B42D0012357E0FB685B6B324A80
:104AB000DA63FB685B6B314A1A64FB685B6B2B4AF9
:104AC000DA64FB68586BFB681B684C3319463A681C
:104AD0007B6A0FF0F8FA0346002B29D001233CE053
:104AE000FB689B6B264ADA63FB689B6B254A1A645A
:104AF000FB689B6B1D4ADA64FB68986BFB681B685C
:104B00004C3319463A687B6A0FF0DDFA0346002BF6
:104B100010D0012321E00123FB750CE000BF0AE067
:104B200000BF08E000BF06E000BF04E000BF02E0F5
:104B300000BF00E000BFFB7D002B0DD1FB681B68B0
:104B4000B9683A6A0A439A64FB681B68D968FB68CB
:104B50001B687A680A43DA60FB7D18461837BD4641
:104B600080BD00BF85560008B3560008B353000847
:104B7000555500081D560008358100085981000868
:104B8000CF560008FD56000880B584B000AF7860AD
:104B900039600023FB733B68B3F5804F50D03B680E
:104BA000B3F5804F52D83B68B3F5005F42D03B6805
:104BB000B3F5005F4AD83B68B3F5805F34D03B68FB
:104BC000B3F5805F42D83B68B3F5006F26D03B68F1
:104BD000B3F5006F3AD83B68B3F5806F18D03B68E7
:104BE000B3F5806F32D83B68B3F5807F04D03B6863
:104BF000B3F5007F06D029E07B681B6A18460FF0EA
:104C00002AFB26E07B685B6A18460FF024FB20E055
:104C10007B689B6A18460FF01EFB1AE07B68DB6A14
:104C200018460FF018FB14E07B681B6B18460FF05A
:104C300012FB0EE07B685B6B18460FF00CFB08E084
:104C40007B689B6B18460FF006FB02E00123FB73A9
:104C500000BFFB7B002B0CD17B681B68D9683B68CD
:104C6000DA437B681B680A40DA607B68012283F8BC
:104C70004620FB7B18461037BD4680BD80B483B00C
:104C800000AF786039607B6893F83C30012B01D12C
:104C9000022314E07B68012283F83C207B68022217
:104CA00083F83D207B681B683A685A617B68012263
:104CB00083F83D207B68002283F83C2000231846BF
:104CC0000C37BD465DF8047B7047000080B586B0A8
:104CD00000AFF860B9607A600023FB75FB6893F859
:104CE0003C30012B01D10223B8E0FB68012283F89C
:104CF0003C20FB68022283F83D20BB685B68002BE8
:104D000002D0012B09D021E0FB681B689A68FB6880
:104D10001B6822F47F429A601BE0BB68DB68002BB3
:104D200009D0FB68012283F83D20FB68002283F84C
:104D30003C20012392E0FB681868BB68D968BB6817
:104D40009A68BB681B6901F023F902E00123FB7537
:104D500000BFFB7D002B78D17B680C2B74D801A29F
:104D600052F823F0994D0008494E0008494E0008BA
:104D7000494E0008C54D0008494E0008494E00083C
:104D8000494E0008F14D0008494E0008494E000800
:104D9000494E00081D4E0008BB681B68002B08D058
:104DA000FB681B689A69FB681B6842F080029A6185
:104DB0004BE0FB681B689A69FB681B6822F0800265
:104DC0009A6142E0BB681B68002B08D0FB681B6837
:104DD0009A69FB681B6842F400429A6135E0FB68FF
:104DE0001B689A69FB681B6822F400429A612CE0F8
:104DF000BB681B68002B08D0FB681B68DA69FB687E
:104E00001B6842F08002DA611FE0FB681B68DA6908
:104E1000FB681B6822F08002DA6116E0BB681B6841
:104E2000002B08D0FB681B68DA69FB681B6842F43A
:104E30000042DA6109E0FB681B68DA69FB681B68FD
:104E400022F40042DA6100E000BFFB68012283F82F
:104E50003D20FB68002283F83C20FB7D1846183774
:104E6000BD4680BD80B584B000AF78603960002356
:104E7000FB737B6893F83C30012B01D10223B4E033
:104E80007B68012283F83C207B68022283F83D2066
:104E90007B681B689B68BB60BB6823F07703BB60C3
:104EA000BB6823F47F43BB607B681B68BA689A6069
:104EB0003B681B68B3F5005F3ED0B3F5005F00F2BE
:104EC0008780B3F5805F00F08680B3F5805F7FD880
:104ED000702B1AD0702B7BD8602B50D0602B77D8DA
:104EE000502B3CD0502B73D8402B58D0402B6FD830
:104EF000302B64D0302B6BD8202B60D0202B67D880
:104F0000002B5CD0102B5AD062E07B6818683B689D
:104F100099683B685A683B68DB6801F039F87B6840
:104F20001B689B68BB60BB6843F07703BB607B6812
:104F30001B68BA689A604FE07B6818683B6899689C
:104F40003B685A683B68DB6801F022F87B681B68A5
:104F50009A687B681B6842F480429A603CE07B68F8
:104F600018683B6859683B68DB681A4600F0E0FE49
:104F70007B681B685021184600F0EFFF2CE07B682F
:104F800018683B6859683B68DB681A4600F03CFFCC
:104F90007B681B686021184600F0DFFF1CE07B681F
:104FA00018683B6859683B68DB681A4600F0C0FE29
:104FB0007B681B684021184600F0CFFF0CE07B683F
:104FC0001A683B681B681946104600F0C6FF03E0EC
:104FD0000123FB7300E000BF7B68012283F83D20C2
:104FE0007B68002283F83C20FB7B18461037BD46C7
:104FF00080BD80B485B000AF786039607B681B6885
:105000005B68FB60FB6823F08003FB60FA683B6829
:105010001343FB607B681B68FA685A6000231846DC
:105020001437BD465DF8047B704780B582B000AF91
:10503000786039607B6893F83C30012B01D1022302
:1050400031E07B68012283F83C207B68022283F8F0
:105050003D203968786800F071FD0346002B09D0C7
:105060007B68012283F83D207B68002283F83C2086
:10507000012318E07B681B68DA687B681B6822F0F4
:105080004002DA607B681B68DA687B681B6822F480
:105090008042DA607B68012283F83D207B68002231
:1050A00083F83C20002318460837BD4680BD80B5F4
:1050B00082B000AF786039607B6893F83C30012B98
:1050C00001D1022331E07B68012283F83C207B6818
:1050D000022283F83D203968786800F02FFD0346EE
:1050E000002B09D07B68012283F83D207B680022D9
:1050F00083F83C20012318E07B681B68DA687B6832
:105100001B6842F04002DA607B681B68DA687B68E3
:105110001B6822F48042DA607B68012283F83D201C
:105120007B68002283F83C20002318460837BD46E0
:1051300080BD000080B485B000AF78603960002386
:10514000FB603B680C2B31D801A252F823F000BF62
:1051500085510008AD510008AD510008AD5100085F
:105160008F510008AD510008AD510008AD51000845
:1051700099510008AD510008AD510008AD5100082B
:10518000A35100087B681B685B6BFB600FE07B68CA
:105190001B689B6BFB600AE07B681B68DB6BFB603A
:1051A00005E07B681B681B6CFB6000E000BFFB68D0
:1051B00018461437BD465DF8047B704780B483B051
:1051C00000AF786000BF0C37BD465DF8047B7047C8
:1051D00080B483B000AF786000BF0C37BD465DF887
:1051E000047B704780B483B000AF786000BF0C3799
:1051F000BD465DF8047B704780B483B000AF786033
:1052000000BF0C37BD465DF8047B704780B483B0A7
:1052100000AF786000BF0C37BD465DF8047B704777
:1052200080B483B000AF786000BF0C37BD465DF836
:10523000047B704780B483B000AF786000BF0C3748
:10524000BD465DF8047B704780B483B000AF7860E2
:1052500000BF0C37BD465DF8047B704780B483B057
:1052600000AF786000BF0C37BD465DF8047B704727
:1052700080B483B000AF786000BF0C37BD465DF8E6
:10528000047B704780B483B000AF78607B6893F88C
:105290003D30DBB218460C37BD465DF8047B7047E5
:1052A00080B483B000AF78607B6893F83D30DBB2A8
:1052B00018460C37BD465DF8047B704780B483B058
:1052C00000AF78607B6893F83D30DBB218460C374E
:1052D000BD465DF8047B704780B483B000AF786052
:1052E0007B6893F83D30DBB218460C37BD465DF85D
:1052F000047B704780B483B000AF78607B6893F81C
:105300003D30DBB218460C37BD465DF8047B704774
:1053100080B483B000AF78607B6893F83D30DBB237
:1053200018460C37BD465DF8047B704780B483B0E7
:1053300000AF78607B681B7F18460C37BD465DF870
:10534000047B704780B485B000AF786039603B68FB
:10535000002B04D17B6893F83E30DBB213E03B684E
:10536000042B04D17B6893F83F30DBB20BE03B6841
:10537000082B04D17B6893F84030DBB203E07B68F4
:1053800093F84130DBB2FB73FB7B18461437BD4604
:105390005DF8047B704780B483B000AF78607B68B1
:1053A00093F84630DBB218460C37BD465DF8047BF7
:1053B000704780B584B000AF78607B689B6BFB6002
:1053C000FB685B6A7A689A4207D1FB6801221A7708
:1053D000FB68012283F83E202AE0FB689B6A7A681A
:1053E0009A4207D1FB6802221A77FB68012283F8F0
:1053F0003F201DE0FB68DB6A7A689A4207D1FB68B0
:1054000004221A77FB68012283F8402010E0FB6831
:105410001B6B7A689A4207D1FB6808221A77FB68EF
:10542000012283F8412003E0FB68012283F83D203C
:10543000F868FFF71DFFFB6800221A7700BF1037DE
:10544000BD4680BD80B584B000AF78607B689B6B43
:10545000FB60FB685B6A7A689A420BD1FB680122A9
:105460001A777B68DB69002B36D1FB68012283F851
:105470003E2031E0FB689B6A7A689A420BD1FB6858
:1054800002221A777B68DB69002B25D1FB68012299
:1054900083F83F2020E0FB68DB6A7A689A420BD1F0
:1054A000FB6804221A777B68DB69002B14D1FB6848
:1054B000012283F840200FE0FB681B6B7A689A4258
:1054C0000AD1FB6808221A777B68DB69002B03D1BD
:1054D000FB68012283F84120F868FFF7A1FEFB6812
:1054E00000221A7700BF1037BD4680BD80B584B05A
:1054F00000AF78607B689B6BFB60FB685B6A7A68D7
:105500009A4203D1FB6801221A7719E0FB689B6A73
:105510007A689A4203D1FB6802221A7710E0FB688E
:10552000DB6A7A689A4203D1FB6804221A7707E0A3
:10553000FB681B6B7A689A4202D1FB6808221A77D3
:10554000F868FFF777FEFB6800221A7700BF103774
:10555000BD4680BD80B584B000AF78607B689B6B32
:10556000FB60FB685B6A7A689A420FD1FB68012294
:105570001A777B68DB69002B46D1FB68012283F830
:105580003E20FB68012283F842203DE0FB689B6AD5
:105590007A689A420FD1FB6802221A777B68DB692E
:1055A000002B31D1FB68012283F83F20FB680122E8
:1055B00083F8432028E0FB68DB6A7A689A420FD1BF
:1055C000FB6804221A777B68DB69002B1CD1FB681F
:1055D000012283F84020FB68012283F8442013E075
:1055E000FB681B6B7A689A420ED1FB6808221A7717
:1055F0007B68DB69002B07D1FB68012283F841201F
:10560000FB68012283F84520F868FFF7F5FDFB6889
:1056100000221A7700BF1037BD4680BD80B584B028
:1056200000AF78607B689B6BFB60FB685B6A7A68A5
:105630009A4203D1FB6801221A7719E0FB689B6A42
:105640007A689A4203D1FB6802221A7710E0FB685D
:10565000DB6A7A689A4203D1FB6804221A7707E072
:10566000FB681B6B7A689A4202D1FB6808221A77A2
:10567000F868FFF7CBFDFB6800221A7700BF1037F0
:10568000BD4680BD80B584B000AF78607B689B6B01
:10569000FB60FB681B6ADB69002B03D1FB680122FE
:1056A00083F83D20F868FFF789FD00BF1037BD463D
:1056B00080BD80B584B000AF78607B689B6BFB6079
:1056C000F868FFF785FD00BF1037BD4680BD80B587
:1056D00084B000AF78607B689B6BFB60FB689B6B62
:1056E000DB69002B03D1FB68012283F83D20F868B9
:1056F000FFF7AAFD00BF1037BD4680BD80B584B05E
:1057000000AF78607B689B6BFB60F868FFF7A6FDD5
:1057100000BF1037BD4680BD80B485B000AF786053
:1057200039607B681B68FB607B68374A93420FD007
:105730007B68B3F1804F0BD07B68344A934207D02B
:105740007B68334A934203D07B68324A934208D144
:10575000FB6823F07003FB603B685B68FA681343E7
:10576000FB607B68284A93421BD07B68B3F1804F73
:1057700017D07B68254A934213D07B68244A934212
:105780000FD07B68234A93420BD07B68224A934216
:1057900007D07B68214A934203D07B68204A93421A
:1057A00008D1FB6823F44073FB603B68DB68FA6850
:1057B0001343FB60FB6823F080023B685B69134383
:1057C000FB603B689A687B68DA623B681A687B68B2
:1057D0009A627B680C4A934203D13B681A697B68E2
:1057E0001A637B681B6843F004027B681A607B685D
:1057F00001225A617B68FA681A6000BF1437BD46FF
:105800005DF8047B704700BF0000014000040040C9
:1058100000080040000C00400040014000440140EE
:105820000048014080B487B000AF786039607B6881
:105830001B6A7B617B681B6A23F001027B681A622A
:105840007B685B683B617B689B69FB60FB6823F05E
:105850007003FB60FB6823F00303FB603B681B687D
:10586000FA681343FB607B6923F002037B613B68AA
:105870009B687A6913437B617B681C4A93420CD115
:105880007B6923F008037B613B68DB687A6913431B
:105890007B617B6923F004037B617B68134A93423D
:1058A00011D13B6923F480733B613B6923F400739E
:1058B0003B613B685B693A6913433B613B689B69A9
:1058C0003A6913433B617B683A695A607B68FA68BE
:1058D0009A613B685A687B685A637B687A691A6286
:1058E00000BF1C37BD465DF8047B704700000140D7
:1058F00080B487B000AF786039607B681B6A7B61D9
:105900007B681B6A23F010027B681A627B685B6805
:105910003B617B689B69FB60FB6823F4E043FB60B1
:10592000FB6823F44073FB603B681B681B02FA684A
:105930001343FB607B6923F020037B613B689B681A
:105940001B017A6913437B617B681E4A93420DD128
:105950007B6923F080037B613B68DB681B017A690C
:1059600013437B617B6923F040037B617B68154AAD
:10597000934213D13B6923F480633B613B6923F479
:1059800000633B613B685B699B003A6913433B6181
:105990003B689B699B003A6913433B617B683A69AA
:1059A0005A607B68FA689A613B685A687B689A63B8
:1059B0007B687A691A6200BF1C37BD465DF8047BBC
:1059C000704700BF0000014080B487B000AF78602E
:1059D00039607B681B6A7B617B681B6A23F4807279
:1059E0007B681A627B685B683B617B68DB69FB6094
:1059F000FB6823F07003FB60FB6823F00303FB608C
:105A00003B681B68FA681343FB607B6923F40073EF
:105A10007B613B689B681B027A6913437B617B68EF
:105A20001D4A93420DD17B6923F400637B613B687F
:105A3000DB681B027A6913437B617B6923F4806313
:105A40007B617B68144A934213D13B6923F48053F2
:105A50003B613B6923F400533B613B685B691B017D
:105A60003A6913433B613B689B691B013A691343E5
:105A70003B617B683A695A607B68FA68DA613B6827
:105A80005A687B68DA637B687A691A6200BF1C37E0
:105A9000BD465DF8047B70470000014080B487B0CC
:105AA00000AF786039607B681B6A3B617B681B6A6A
:105AB00023F480527B681A627B685B687B617B6839
:105AC000DB69FB60FB6823F4E043FB60FB6823F4C5
:105AD0004073FB603B681B681B02FA681343FB6062
:105AE0003B6923F400533B613B689B681B033A69A5
:105AF00013433B617B68104A934209D17B6923F4CD
:105B000080437B613B685B699B017A6913437B61DE
:105B10007B687A695A607B68FA68DA613B685A6820
:105B20007B681A647B683A691A6200BF1C37BD46FD
:105B30005DF8047B704700BF0000014080B586B06F
:105B400000AF786039600023FB757B681B689B6839
:105B50003B613B6923F070033B613B685B683A69DA
:105B600013433B613B6923F007033B613B681B68C0
:105B70003A6913433B617B681B683A699A603B68EA
:105B80005B68702B1AD0702B60D8602B54D0602BC0
:105B90005CD8502B46D0502B58D8402B19D0402BD6
:105BA00054D8302B55D0302B50D8202B51D0202B0F
:105BB0004CD8002B4DD0102B4BD047E07B68186899
:105BC0003B68D9683B689A683B681B6900F0E0F95C
:105BD00040E03B681B68052B01D101233BE07B685B
:105BE0001B681B6AFB607B681B681A6A7B681B6802
:105BF00022F001021A627B681B689B69BB60BB686C
:105C000023F0F003BB603B681B691B01BA681343B8
:105C1000BB607B681B68BA689A617B681B68FA681E
:105C20001A6217E07B6818683B6899683B681B69D3
:105C30001A4600F07DF80DE07B6818683B689968AB
:105C40003B681B691A4600F0DFF803E00123FB758F
:105C500000E000BFFB7D18461837BD4680BD000040
:105C600080B487B000AFF860B9607A603B60FB68D1
:105C70001B6A3B61FB681B6A23F00102FB681A6226
:105C8000FB689B697B61FB68244A934213D0FB68E5
:105C9000B3F1804F0FD0FB68214A93420BD0FB68D1
:105CA000204A934207D0FB681F4A934203D0FB6807
:105CB0001E4A934201D1012300E00023002B08D0AB
:105CC0007B6923F003037B617A697B6813437B6103
:105CD00003E07B6943F001037B617B6923F0F00300
:105CE0007B613B681B01DBB27A6913437B613B69D3
:105CF00023F00A033B61BB6803F00A033A691343CC
:105D00003B61FB687A699A61FB683A691A6200BF75
:105D10001C37BD465DF8047B704700BF00000140A2
:105D20000004004000080040000C0040004001401A
:105D300080B487B000AFF860B9607A60FB681B6A16
:105D40007B61FB681B6A23F00102FB681A62FB6837
:105D50009B693B613B6923F0F0033B617B681B015E
:105D60003A6913433B617B6923F00A037B617A69DB
:105D7000BB6813437B61FB683A699A61FB687A6987
:105D80001A6200BF1C37BD465DF8047B704780B4C3
:105D900087B000AFF860B9607A603B60FB681B6A4F
:105DA0007B61FB681B6A23F01002FB681A62FB68C8
:105DB0009B693B613B6923F440733B617B681B0239
:105DC0003A6913433B613B6923F470433B613B6891
:105DD0001B039BB23A6913433B617B6923F0A00329
:105DE0007B61BB681B0103F0A0037A6913437B61ED
:105DF000FB683A699A61FB687A691A6200BF1C37CE
:105E0000BD465DF8047B704780B487B000AFF86092
:105E1000B9607A60FB681B6A7B61FB681B6A23F0D0
:105E20001002FB681A62FB689B693B613B6923F4C3
:105E300070433B617B681B033A6913433B617B6999
:105E400023F0A0037B61BB681B017A6913437B616C
:105E5000FB683A699A61FB687A691A6200BF1C376D
:105E6000BD465DF8047B704780B487B000AFF86032
:105E7000B9607A603B60FB681B6A7B61FB681B6AE8
:105E800023F48072FB681A62FB68DB693B613B6943
:105E900023F003033B613A697B6813433B613B6931
:105EA00023F0F0033B613B681B01DBB23A6913430B
:105EB0003B617B6923F420637B61BB681B0203F4B5
:105EC00020637A6913437B61FB683A69DA61FB6896
:105ED0007A691A6200BF1C37BD465DF8047B7047C3
:105EE00080B487B000AFF860B9607A603B60FB684F
:105EF0001B6A7B61FB681B6A23F48052FB681A6291
:105F0000FB68DB693B613B6923F440733B617B6861
:105F10001B023A6913433B613B6923F470433B61C5
:105F20003B681B039BB23A6913433B617B6923F4D3
:105F300020437B61BB681B0303F420437A6913434E
:105F40007B61FB683A69DA61FB687A691A6200BFB3
:105F50001C37BD465DF8047B704780B485B000AF48
:105F6000786039607B689B68FB60FB6823F0700396
:105F7000FB603A68FB68134343F00703FB607B68F0
:105F8000FA689A6000BF1437BD465DF8047B70471D
:105F900080B487B000AFF860B9607A603B60FB689E
:105FA0009B687B617B6923F47F437B613B681A02BA
:105FB0007B681A43BB6813437A6913437B61FB68B0
:105FC0007A699A6000BF1C37BD465DF8047B704754
:105FD00080B487B000AFF860B9607A60BB6803F046
:105FE0001F03012202FA03F37B61FB681A6A7B69D3
:105FF000DB431A40FB681A62FB681A6ABB6803F04D
:106000001F03796801FA03F31A43FB681A6200BFA1
:106010001C37BD465DF8047B704780B58AB000AF81
:10602000786039607B68002B01D101239AE07B689E
:1060300093F83D30DBB2002B06D17B68002283F859
:106040003C20786800F0D6F87B68022283F83D2077
:106050007B681A687B68043319461046FFF75CFBBF
:106060007B6818683B6819683B689B680322FFF7E8
:10607000F7FD7B681B689A697B681B6822F00C023D
:106080009A617B681B6899693B685A687B681B68E2
:106090000A439A617B681B685A687B681B6842F0F8
:1060A00080025A607B681B689A687B681B6822F0D4
:1060B00070029A607B681B689A687B681B6842F074
:1060C00040029A607B681B689A687B681B6822F0B4
:1060D00007029A607B681B689A687B681B6842F0BD
:1060E00004029A600023FB6100233B627023FB6083
:1060F00000237B620023BB6100237B613B68DB687C
:106100003B617B681B6807F10C0211461846FFF7DC
:10611000EFFB7B681B685A687B681B6822F0700283
:106120005A607B681B685A687B681B6842F05002A3
:106130005A607B68012283F846207B68012283F83D
:106140003E207B68012283F83F207B68012283F890
:1061500042207B68012283F843207B68012283F878
:106160003D20002318462837BD4680BD80B582B04B
:1061700000AF78607B68022283F83D207B681B6853
:106180001A6A41F211131340002B0FD17B681B6870
:106190001A6A40F244431340002B07D17B681B6806
:1061A0001A687B681B6822F001021A60786800F0A8
:1061B0002BF87B68002283F846207B68002283F856
:1061C0003E207B68002283F83F207B68002283F812
:1061D00042207B68002283F843207B68002283F8FA
:1061E0003D207B68002283F83C20002318460837B6
:1061F000BD4680BD80B483B000AF786000BF0C376F
:10620000BD465DF8047B704780B483B000AF786012
:1062100000BF0C37BD465DF8047B704780B584B085
:1062200000AF78607B6893F83E30FB737B6893F82F
:106230003F30BB737B6893F842307B737B6893F885
:1062400043303B73FB7B012B08D1BB7B012B05D17A
:106250007B7B012B02D13B7B012B01D001234FE043
:106260007B68022283F83E207B68022283F83F206D
:106270007B68022283F842207B68022283F8432055
:106280007B681B68012200211846FFF7A1FE7B688E
:106290001B681D4A934218D07B681B68B3F1804F7E
:1062A00013D07B681B68194A93420ED07B681B6829
:1062B000174A934209D07B681B68164A934204D060
:1062C0007B681B68144A934211D17B681B689B68EA
:1062D00003F00703BB60BB68062B10D07B681B680C
:1062E0001A687B681B6842F001021A6007E07B684D
:1062F0001B681A687B681B6842F001021A60002361
:1063000018461037BD4680BD000001400004004023
:1063100000080040000C00400040014080B582B001
:1063200000AF78607B681B68002200211846FFF7E9
:106330004FFE7B681B681A6A41F211131340002B51
:106340000FD17B681B681A6A40F244431340002B4C
:1063500007D17B681B681A687B681B6822F0010202
:106360001A607B68012283F83E207B68012283F853
:106370003F207B68012283F842207B68012283F85A
:106380004320002318460837BD4680BD80B584B041
:1063900000AF78607B6893F83E30FB737B6893F8BE
:1063A0003F30BB737B6893F842307B737B6893F814
:1063B00043303B73FB7B012B08D1BB7B012B05D109
:1063C0007B7B012B02D13B7B012B01D0012357E0CA
:1063D0007B68022283F83E207B68022283F83F20FC
:1063E0007B68022283F842207B68022283F84320E4
:1063F0007B681B68DA687B681B6842F00202DA601F
:106400007B681B68012200211846FFF7E1FD7B68CD
:106410001B681D4A934218D07B681B68B3F1804FFC
:1064200013D07B681B68194A93420ED07B681B68A7
:10643000174A934209D07B681B68164A934204D0DE
:106440007B681B68144A934211D17B681B689B6868
:1064500003F00703BB60BB68062B10D07B681B688A
:106460001A687B681B6842F001021A6007E07B68CB
:106470001B681A687B681B6842F001021A600023DF
:1064800018461037BD4680BD0000014000040040A2
:1064900000080040000C00400040014080B582B080
:1064A00000AF78607B681B68002200211846FFF768
:1064B0008FFD7B681B68DA687B681B6822F002022C
:1064C000DA607B681B681A6A41F211131340002BD3
:1064D0000FD17B681B681A6A40F244431340002BBB
:1064E00007D17B681B681A687B681B6822F0010271
:1064F0001A607B68012283F83E207B68012283F8C2
:106500003F207B68012283F842207B68012283F8C8
:106510004320002318460837BD4680BD80B586B0AD
:1065200000AFF860B9601346FB80FB6893F83E301B
:10653000FB75FB6893F84230BB75FB7D022B02D0E4
:10654000BB7D022B01D102237CE0FB7D012B34D1EA
:10655000BB7D012B31D1BB68002B02D0FB88002B07
:1065600001D101236EE0FB68022283F83E20FB6824
:10657000022283F8422000BFFB681B680122002131
:106580001846FFF725FDFB685B6A304ADA63FB6853
:106590005B6A2F4A1A64FB685B6A2E4ADA64FB68FE
:1065A000586AFB681B6834331946BA68FB880DF0DB
:1065B0008AFD0346002B04D001E0012342E00123C1
:1065C00040E0FB681B68DA68FB681B6842F40072F5
:1065D000DA60FB681B68204A934218D0FB681B688E
:1065E000B3F1804F13D0FB681B681C4A93420ED056
:1065F000FB681B681A4A934209D0FB681B68194A5A
:10660000934204D0FB681B68174A934211D1FB6880
:106610001B689B6803F007033B613B69062B10D0A6
:10662000FB681B681A68FB681B6842F001021A606D
:1066300007E0FB681B681A68FB681B6842F00102F0
:106640001A60002318461837BD4680BD555500080E
:106650001D560008B353000800000140000400402C
:1066600000080040000C00400040014080B582B0AE
:1066700000AF78607B681B68002200211846FFF796
:10668000A7FC7B681B68DA687B681B6822F40072D1
:10669000DA607B685B6A18460DF0DDFD7B681B687D
:1066A0001A6A41F211131340002B0FD17B681B684B
:1066B0001A6A40F244431340002B07D17B681B68E1
:1066C0001A687B681B6822F001021A607B6801224D
:1066D00083F83E207B68012283F84220002318467D
:1066E0000837BD4680BD000080B584B000AF78603B
:1066F00039603B68002B09D17B6893F84230DBB2EC
:10670000012B14BF01230023DBB222E03B68042BE2
:1067100009D17B6893F84330DBB2012B14BF01230E
:106720000023DBB215E03B68082B09D17B6893F8A6
:106730004430DBB2012B14BF01230023DBB208E09D
:106740007B6893F84530DBB2012B14BF0123002393
:10675000DBB2002B01D0012363E03B68002B04D1A6
:106760007B68022283F8422013E03B68042B04D1AB
:106770007B68022283F843200BE03B68082B04D19E
:106780007B68022283F8442003E07B68022283F8BE
:1067900045207B681B6804223968184601F068FDB3
:1067A0007B681B685A6C7B681B6842F400425A6421
:1067B0007B681B681D4A934218D07B681B68B3F145
:1067C000804F13D07B681B68194A93420ED07B68B8
:1067D0001B68184A934209D07B681B68164A93428B
:1067E00004D07B681B68154A934211D17B681B68F3
:1067F0009B6803F00703FB60FB68062B10D07B68E7
:106800001B681A687B681B6842F001021A6007E087
:106810007B681B681A687B681B6842F001021A607B
:10682000002318461037BD4680BD00BF0000014060
:106830000004004000080040000C004000400140FF
:1068400080B582B000AF786039607B681B68002239
:106850003968184601F00CFD7B681B681A6A41F222
:1068600011131340002B0FD17B681B681A6A40F28A
:1068700044431340002B07D17B681B685A6C7B682C
:106880001B6822F400425A647B681B681A6A41F252
:1068900011131340002B0FD17B681B681A6A40F25A
:1068A00044431340002B07D17B681B681A687B6840
:1068B0001B6822F001021A603B68002B04D17B6840
:1068C000012283F8422013E03B68042B04D17B684B
:1068D000012283F843200BE03B68082B04D17B683E
:1068E000012283F8442003E07B68012283F84520DD
:1068F000002318460837BD4680BD000080B584B02F
:1069000000AF786039600023FB733B68002B09D12E
:106910007B6893F84230DBB2012B14BF01230023C4
:10692000DBB222E03B68042B09D17B6893F843304B
:10693000DBB2012B14BF01230023DBB215E03B685F
:10694000082B09D17B6893F84430DBB2012B14BFCC
:1069500001230023DBB208E07B6893F84530DBB20B
:10696000012B14BF01230023DBB2002B01D0012334
:1069700099E03B68002B04D17B68022283F8422017
:1069800013E03B68042B04D17B68022283F8432088
:106990000BE03B68082B04D17B68022283F844207B
:1069A00003E07B68022283F845203B68082B1BD05C
:1069B0003B68082B21D83B68002B03D03B68042B95
:1069C00009D01AE07B681B68DA687B681B6842F0B4
:1069D0000202DA6014E07B681B68DA687B681B6877
:1069E00042F00402DA600BE07B681B68DA687B68BF
:1069F0001B6842F00802DA6002E00123FB7300BF6B
:106A0000FB7B002B4ED17B681B68DA687B681B68B8
:106A100042F08002DA607B681B68042239681846FD
:106A200001F026FC7B681B685A6C7B681B6842F48B
:106A300000425A647B681B681D4A934218D07B68E9
:106A40001B68B3F1804F13D07B681B68194A9342CF
:106A50000ED07B681B68184A934209D07B681B687C
:106A6000164A934204D07B681B68154A934211D1A1
:106A70007B681B689B6803F00703BB60BB68062B41
:106A800010D07B681B681A687B681B6842F00102A3
:106A90001A6007E07B681B681A687B681B6842F015
:106AA00001021A60FB7B18461037BD4680BD00BF4F
:106AB000000001400004004000080040000C0040BD
:106AC0000040014080B584B000AF78603960002399
:106AD000FB733B68082B1BD03B68082B21D83B6815
:106AE000002B03D03B68042B09D01AE07B681B689D
:106AF000DA687B681B6822F00202DA6014E07B68C7
:106B00001B68DA687B681B6822F00402DA600BE01D
:106B10007B681B68DA687B681B6822F00802DA6011
:106B200002E00123FB7300BFFB7B002B64D17B6879
:106B30001B6800223968184601F09AFB7B681B68C5
:106B40001B6ABB60BA6840F244431340002B07D174
:106B50007B681B68DA687B681B6822F08002DA6059
:106B60007B681B681A6A41F211131340002B0FD186
:106B70007B681B681A6A40F244431340002B07D11C
:106B80007B681B685A6C7B681B6822F400425A645D
:106B90007B681B681A6A41F211131340002B0FD156
:106BA0007B681B681A6A40F244431340002B07D1EC
:106BB0007B681B681A687B681B6822F001021A60F8
:106BC0003B68002B04D17B68012283F8422013E04C
:106BD0003B68042B04D17B68012283F843200BE03F
:106BE0003B68082B04D17B68012283F8442003E032
:106BF0007B68012283F84520FB7B18461037BD4691
:106C000080BD000080B586B000AFF860B9607A60E2
:106C10007B800023FB75BB68002B09D1FB6893F8D0
:106C20004230DBB2022B0CBF01230023DBB222E097
:106C3000BB68042B09D1FB6893F84330DBB2022B0D
:106C40000CBF01230023DBB215E0BB68082B09D180
:106C5000FB6893F84430DBB2022B0CBF0123002306
:106C6000DBB208E0FB6893F84530DBB2022B0CBFC7
:106C700001230023DBB2002B01D002231FE1BB68FC
:106C8000002B09D1FB6893F84230DBB2012B0CBF1B
:106C900001230023DBB222E0BB68042B09D1FB688F
:106CA00093F84330DBB2012B0CBF01230023DBB28E
:106CB00015E0BB68082B09D1FB6893F84430DBB2C0
:106CC000012B0CBF01230023DBB208E0FB6893F823
:106CD0004530DBB2012B0CBF01230023DBB2002BBC
:106CE00024D07B68002B02D07B88002B01D10123AC
:106CF000E5E0BB68002B04D1FB68022283F8422048
:106D000016E0BB68042B04D1FB68022283F8432001
:106D10000EE0BB68082B04D1FB68022283F84420F4
:106D200006E0FB68022283F8452001E00123C6E06B
:106D3000BB68082B51D0BB68082B72D8BB68002BEE
:106D400003D0BB68042B24D06BE0FB685B6A5E4A0F
:106D5000DA63FB685B6A5D4A1A64FB685B6A5C4ADB
:106D6000DA64FB68586A7968FB681B6834331A4632
:106D70007B880DF0A8F90346002B01D001239EE08B
:106D8000FB681B68DA68FB681B6842F40072DA6013
:106D90004AE0FB689B6A4C4ADA63FB689B6A4B4A91
:106DA0001A64FB689B6A4A4ADA64FB68986A7968E5
:106DB000FB681B6838331A467B880DF084F903465C
:106DC000002B01D001237AE0FB681B68DA68FB68BE
:106DD0001B6842F48062DA6026E0FB68DB6A3A4AAC
:106DE000DA63FB68DB6A394A1A64FB68DB6A384A93
:106DF000DA64FB68D86A7968FB681B683C331A461A
:106E00007B880DF060F90346002B01D0012356E08A
:106E1000FB681B68DA68FB681B6842F40062DA6092
:106E200002E00123FB7500BFFB7D002B46D1FB6810
:106E30001B680422B968184601F01AFAFB681B683F
:106E40005A6CFB681B6842F400425A64FB681B687A
:106E5000204A934218D0FB681B68B3F1804F13D0CF
:106E6000FB681B681C4A93420ED0FB681B681B4AD8
:106E7000934209D0FB681B68194A934204D0FB680F
:106E80001B68184A934211D1FB681B689B6803F08A
:106E900007033B613B69062B10D0FB681B681A682F
:106EA000FB681B6842F001021A6007E0FB681B6880
:106EB0001A68FB681B6842F001021A60FB7D1846E5
:106EC0001837BD4680BD00BF7D810008ED54000825
:106ED0000382000800000140000400400008004058
:106EE000000C00400040014080B584B000AF7860E5
:106EF00039600023FB733B68082B25D03B68082BC7
:106F000030D83B68002B03D03B68042B0ED029E01F
:106F10007B681B68DA687B681B6822F40072DA60A1
:106F20007B685B6A18460DF096F91EE07B681B686B
:106F3000DA687B681B6822F48062DA607B689B6A8F
:106F400018460DF088F910E07B681B68DA687B68EA
:106F50001B6822F40062DA607B68DB6A18460DF079
:106F60007AF902E00123FB7300BFFB7B002B52D1B7
:106F70007B681B6800223968184601F079F97B6844
:106F80001B681A6A41F211131340002B0FD17B6862
:106F90001B681A6A40F244431340002B07D17B68F8
:106FA0001B685A6C7B681B6822F400425A647B6839
:106FB0001B681A6A41F211131340002B0FD17B6832
:106FC0001B681A6A40F244431340002B07D17B68C8
:106FD0001B681A687B681B6822F001021A603B6814
:106FE000002B04D17B68012283F8422013E03B6828
:106FF000042B04D17B68012283F843200BE03B681B
:10700000082B04D17B68012283F8442003E07B68CD
:10701000012283F84520FB7B18461037BD4680BD12
:1070200080B584B000AF786039603B68002B09D12F
:107030007B6893F84230DBB2012B14BF012300239D
:10704000DBB222E03B68042B09D17B6893F8433024
:10705000DBB2012B14BF01230023DBB215E03B6838
:10706000082B09D17B6893F84430DBB2012B14BFA5
:1070700001230023DBB208E07B6893F84530DBB2E4
:10708000012B14BF01230023DBB2002B01D001230D
:1070900063E03B68002B04D17B68022283F8422026
:1070A00013E03B68042B04D17B68022283F8432061
:1070B0000BE03B68082B04D17B68022283F8442054
:1070C00003E07B68022283F845207B681B6804226A
:1070D0003968184601F0CCF87B681B685A6C7B68ED
:1070E0001B6842F400425A647B681B681D4A934245
:1070F00018D07B681B68B3F1804F13D07B681B6886
:10710000194A93420ED07B681B68184A934209D0F3
:107110007B681B68164A934204D07B681B68154A3B
:10712000934211D17B681B689B6803F00703FB60E7
:10713000FB68062B10D07B681B681A687B681B688D
:1071400042F001021A6007E07B681B681A687B68DE
:107150001B6842F001021A60002318461037BD4632
:1071600080BD00BF00000140000400400008004056
:10717000000C00400040014080B582B000AF786054
:1071800039607B681B6800223968184601F070F886
:107190007B681B681A6A41F211131340002B0FD150
:1071A0007B681B681A6A40F244431340002B07D1E6
:1071B0007B681B685A6C7B681B6822F400425A6427
:1071C0007B681B681A6A41F211131340002B0FD120
:1071D0007B681B681A6A40F244431340002B07D1B6
:1071E0007B681B681A687B681B6822F001021A60C2
:1071F0003B68002B04D17B68012283F8422013E016
:107200003B68042B04D17B68012283F843200BE008
:107210003B68082B04D17B68012283F8442003E0FB
:107220007B68012283F84520002318460837BD46B5
:1072300080BD000080B584B000AF78603960002365
:10724000FB733B68002B09D17B6893F84230DBB2BB
:10725000012B14BF01230023DBB222E03B68042B87
:1072600009D17B6893F84330DBB2012B14BF0123B3
:107270000023DBB215E03B68082B09D17B6893F84B
:107280004430DBB2012B14BF01230023DBB208E042
:107290007B6893F84530DBB2012B14BF0123002338
:1072A000DBB2002B01D0012399E03B68002B04D115
:1072B0007B68022283F8422013E03B68042B04D150
:1072C0007B68022283F843200BE03B68082B04D143
:1072D0007B68022283F8442003E07B68022283F863
:1072E00045203B68082B1BD03B68082B21D83B6806
:1072F000002B03D03B68042B09D01AE07B681B6885
:10730000DA687B681B6842F00202DA6014E07B688E
:107310001B68DA687B681B6842F00402DA600BE0E5
:107320007B681B68DA687B681B6842F00802DA60D9
:1073300002E00123FB7300BFFB7B002B4ED17B6877
:107340001B68DA687B681B6842F08002DA607B6841
:107350001B6804223968184600F08AFF7B681B68A6
:107360005A6C7B681B6842F400425A647B681B6855
:107370001D4A934218D07B681B68B3F1804F13D02D
:107380007B681B68194A93420ED07B681B68184AB9
:10739000934209D07B681B68164A934204D07B68ED
:1073A0001B68154A934211D17B681B689B6803F0E8
:1073B0000703BB60BB68062B10D07B681B681A688C
:1073C0007B681B6842F001021A6007E07B681B685B
:1073D0001A687B681B6842F001021A60FB7B184642
:1073E0001037BD4680BD00BF0000014000040040D2
:1073F00000080040000C00400040014080B584B00F
:1074000000AF786039600023FB733B68082B1BD00A
:107410003B68082B21D83B68002B03D03B68042B2A
:1074200009D01AE07B681B68DA687B681B6822F069
:107430000202DA6014E07B681B68DA687B681B680C
:1074400022F00402DA600BE07B681B68DA687B6874
:107450001B6822F00802DA6002E00123FB7300BF20
:10746000FB7B002B64D17B681B68002239681846BF
:1074700000F0FEFE7B681B681B6ABB60BA6840F2C6
:1074800044431340002B07D17B681B68DA687B6894
:107490001B6822F08002DA607B681B681A6A41F27E
:1074A00011131340002B0FD17B681B681A6A40F23E
:1074B00044431340002B07D17B681B685A6C7B68E0
:1074C0001B6822F400425A647B681B681A6A41F206
:1074D00011131340002B0FD17B681B681A6A40F20E
:1074E00044431340002B07D17B681B681A687B68F4
:1074F0001B6822F001021A603B68002B04D17B68F4
:10750000012283F8422013E03B68042B04D17B68FE
:10751000012283F843200BE03B68082B04D17B68F1
:10752000012283F8442003E07B68012283F8452090
:10753000FB7B18461037BD4680BD000080B586B085
:1075400000AFF860B9607A607B800023FB75BB6890
:10755000002B09D1FB6893F84230DBB2022B0CBF41
:1075600001230023DBB222E0BB68042B09D1FB68B6
:1075700093F84330DBB2022B0CBF01230023DBB2B4
:1075800015E0BB68082B09D1FB6893F84430DBB2E7
:10759000022B0CBF01230023DBB208E0FB6893F849
:1075A0004530DBB2022B0CBF01230023DBB2002BE2
:1075B00001D002231FE1BB68002B09D1FB6893F8BF
:1075C0004230DBB2012B0CBF01230023DBB222E0EF
:1075D000BB68042B09D1FB6893F84330DBB2012B65
:1075E0000CBF01230023DBB215E0BB68082B09D1D7
:1075F000FB6893F84430DBB2012B0CBF012300235E
:10760000DBB208E0FB6893F84530DBB2012B0CBF1E
:1076100001230023DBB2002B24D07B68002B02D097
:107620007B88002B01D10123E5E0BB68002B04D14E
:10763000FB68022283F8422016E0BB68042B04D1C9
:10764000FB68022283F843200EE0BB68082B04D1BC
:10765000FB68022283F8442006E0FB68022283F8DC
:10766000452001E00123C6E0BB68082B51D0BB6870
:10767000082B72D8BB68002B03D0BB68042B24D026
:107680006BE0FB685B6A5E4ADA63FB685B6A5D4AD3
:107690001A64FB685B6A5C4ADA64FB68586A79685A
:1076A000FB681B6834331A467B880CF00CFD0346DC
:1076B000002B01D001239EE0FB681B68DA68FB68A1
:1076C0001B6842F40072DA604AE0FB689B6A4C4A2D
:1076D000DA63FB689B6A4B4A1A64FB689B6A4A4AF6
:1076E000DA64FB68986A7968FB681B6838331A4665
:1076F0007B880CF0E8FC0346002B01D001237AE0E4
:10770000FB681B68DA68FB681B6842F48062DA6019
:1077100026E0FB68DB6A3A4ADA63FB68DB6A394ACF
:107720001A64FB68DB6A384ADA64FB68D86A7968ED
:10773000FB681B683C331A467B880CF0C4FC03468C
:10774000002B01D0012356E0FB681B68DA68FB6858
:107750001B6842F40062DA6002E00123FB7500BF9F
:10776000FB7D002B46D1FB681B680422B9681846D4
:1077700000F07EFDFB681B685A6CFB681B6842F4D6
:1077800000425A64FB681B68204A934218D0FB6889
:107790001B68B3F1804F13D0FB681B681C4A9342EF
:1077A0000ED0FB681B681B4A934209D0FB681B681C
:1077B000194A934204D0FB681B68184A934211D1BE
:1077C000FB681B689B6803F007033B613B69062B62
:1077D00010D0FB681B681A68FB681B6842F0010246
:1077E0001A6007E0FB681B681A68FB681B6842F0B8
:1077F00001021A60FB7D18461837BD4680BD00BFE8
:107800007D810008ED54000803820008000001405B
:107810000004004000080040000C0040004001400F
:1078200080B584B000AF786039600023FB733B689B
:10783000082B25D03B68082B30D83B68002B03D0A1
:107840003B68042B0ED029E07B681B68DA687B68F4
:107850001B6822F40072DA607B685B6A18460CF0E1
:10786000FAFC1EE07B681B68DA687B681B6822F400
:107870008062DA607B689B6A18460CF0ECFC10E0D2
:107880007B681B68DA687B681B6822F40062DA6038
:107890007B68DB6A18460CF0DEFC02E00123FB7318
:1078A00000BFFB7B002B52D17B681B68002239682C
:1078B000184600F0DDFC7B681B681A6A41F2111360
:1078C0001340002B0FD17B681B681A6A40F24443B7
:1078D0001340002B07D17B681B685A6C7B681B68C0
:1078E00022F400425A647B681B681A6A41F2111341
:1078F0001340002B0FD17B681B681A6A40F2444387
:107900001340002B07D17B681B681A687B681B68D3
:1079100022F001021A603B68002B04D17B6801222F
:1079200083F8422013E03B68042B04D17B680122DA
:1079300083F843200BE03B68082B04D17B680122CD
:1079400083F8442003E07B68012283F84520FB7B19
:1079500018461037BD4680BD80B584B000AF786052
:1079600039603B68002B01D1042300E00023FB6059
:107970007B6893F83E30FB727B6893F83F30BB72B4
:107980007B6893F842307B727B6893F843303B729C
:10799000FB7A012B08D1BB7A012B05D17B7A012B15
:1079A00002D13B7A012B01D0012326E07B68022221
:1079B00083F83E207B68022283F83F207B68022206
:1079C00083F842207B68022283F843207B681B688F
:1079D00004223968184600F04BFC7B681B680122C2
:1079E000F9681846FEF7F4FA7B681B685A6C7B68E6
:1079F0001B6842F400425A64002318461037BD4603
:107A000080BD80B584B000AF786039603B68002BE2
:107A100001D1042300E00023FB607B681B68002287
:107A20003968184600F024FC7B681B680022F9685E
:107A30001846FEF7CDFA7B681B681A6A41F21113EB
:107A40001340002B0FD17B681B681A6A40F2444335
:107A50001340002B07D17B681B685A6C7B681B683E
:107A600022F400425A647B681B681A6A41F21113BF
:107A70001340002B0FD17B681B681A6A40F2444305
:107A80001340002B07D17B681B681A687B681B6852
:107A900022F001021A607B68012283F83E207B6895
:107AA000012283F83F207B68012283F842207B6813
:107AB000012283F84320002318461037BD4680BDBD
:107AC00080B584B000AF786039603B68002B01D18D
:107AD000042300E00023FB607B6893F83E30FB72D8
:107AE0007B6893F83F30BB727B6893F842307B72BF
:107AF0007B6893F843303B72FB7A012B08D1BB7A49
:107B0000012B05D17B7A012B02D13B7A012B01D0CD
:107B1000012336E07B68022283F83E207B68022244
:107B200083F83F207B68022283F842207B68022290
:107B300083F843207B681B68DA687B681B6842F027
:107B40000202DA607B681B68DA687B681B6842F0B7
:107B50000402DA607B681B6804223968184600F06A
:107B600087FB7B681B680122F9681846FEF730FA2C
:107B70007B681B685A6C7B681B6842F400425A643D
:107B8000002318461037BD4680BD80B584B000AFD5
:107B9000786039603B68002B01D1042300E00023AA
:107BA000FB607B681B68DA687B681B6822F0020256
:107BB000DA607B681B68DA687B681B6822F0040265
:107BC000DA607B681B6800223968184600F050FBB9
:107BD0007B681B680022F9681846FEF7F9F97B6894
:107BE0001B681A6A41F211131340002B0FD17B68F6
:107BF0001B681A6A40F244431340002B07D17B688C
:107C00001B685A6C7B681B6822F400425A647B68CC
:107C10001B681A6A41F211131340002B0FD17B68C5
:107C20001B681A6A40F244431340002B07D17B685B
:107C30001B681A687B681B6822F001021A607B6867
:107C4000012283F83E207B68012283F83F207B6875
:107C5000012283F842207B68012283F8432000231D
:107C600018461037BD4680BD80B485B000AFF860BF
:107C7000B9607A60FB6893F83C30012B01D1022394
:107C80004CE0FB68012283F83C20BB68002B08D045
:107C9000BB68102B05D0BB68202B02D0BB68302BF3
:107CA0000FD1FB681B689A68FB681B6822F07002A2
:107CB0009A60FB681B689968FB681B68BA680A438E
:107CC0009A60FB681B685A68FB681B6842F00102F7
:107CD0005A60FB681B685A68FB681B6822F0040244
:107CE0005A60FB681B685968FB681B687A680A431E
:107CF0005A60FB681B68DA68FB681B6822F0200288
:107D0000DA60FB681B68DA68FB681B6822F40052C3
:107D1000DA60FB68002283F83C2000231846143701
:107D2000BD465DF8047B704780B485B000AFF86055
:107D3000B9607A60FB6893F83C30012B01D10223D3
:107D40004CE0FB68012283F83C20BB68002B08D084
:107D5000BB68102B05D0BB68202B02D0BB68302B32
:107D60000FD1FB681B689A68FB681B6822F07002E1
:107D70009A60FB681B689968FB681B68BA680A43CD
:107D80009A60FB681B685A68FB681B6842F0010236
:107D90005A60FB681B685A68FB681B6822F0040283
:107DA0005A60FB681B685968FB681B687A680A435D
:107DB0005A60FB681B68DA68FB681B6822F4005293
:107DC000DA60FB681B68DA68FB681B6842F0200217
:107DD000DA60FB68002283F83C2000231846143741
:107DE000BD465DF8047B704780B485B000AFF86095
:107DF000B9607A60FB6893F83C30012B01D1022313
:107E000058E0FB68012283F83C20BB68002B08D0B7
:107E1000BB68102B05D0BB68202B02D0BB68302B71
:107E20000FD1FB681B689A68FB681B6822F0700220
:107E30009A60FB681B689968FB681B68BA680A430C
:107E40009A60FB681B685A68FB681B6842F0010275
:107E50005A60FB681B685A68FB681B6822F00402C2
:107E60005A60FB681B685968FB681B687A680A439C
:107E70005A60FB685B6B124ADA63FB685B6B114A02
:107E80001A64FB685B6B104ADA64FB681B68DA688B
:107E9000FB681B6822F02002DA60FB681B68DA6866
:107EA000FB681B6842F40052DA60FB68002283F82A
:107EB0003C20002318461437BD465DF8047B70470C
:107EC0003581000859810008B353000880B485B09B
:107ED00000AF786039607B6893F83C30012B01D1AA
:107EE000022350E07B68012283F83C207B68022259
:107EF00083F83D207B681B685B68FB607B681B68C0
:107F00009B68BB60FB6823F07003FB603B681B68E9
:107F1000FA681343FB607B681B68FA685A607B68E9
:107F20001B681C4A934218D07B681B68B3F1804FD2
:107F300013D07B681B68184A93420ED07B681B687D
:107F4000164A934209D07B681B68154A934204D0B5
:107F50007B681B68134A93420CD1BB6823F08003F3
:107F6000BB603B685B68BA681343BB607B681B6897
:107F7000BA689A607B68012283F83D207B68002202
:107F800083F83C20002318461437BD465DF8047B77
:107F9000704700BF0000014000040040000800409E
:107FA000000C00400040014080B485B000AF786014
:107FB00039600023FB607B6893F83C30012B01D1D2
:107FC00002233DE07B68012283F83C20FB6823F01C
:107FD000FF023B68DB681343FB60FB6823F44072DD
:107FE0003B689B681343FB60FB6823F480623B683B
:107FF0005B681343FB60FB6823F400623B681B680B
:108000001343FB60FB6823F480523B681B691343F6
:10801000FB60FB6823F400523B685B691343FB6021
:10802000FB6823F480423B68DB691343FB607B6899
:108030001B68FA685A647B68002283F83C2000239E
:1080400018461437BD465DF8047B704780B483B092
:1080500000AF786039607B6893F83C30012B01D128
:1080600002230CE07B68012283F83C207B681B68BC
:108070003A681A657B68002283F83C200023184682
:108080000C37BD465DF8047B704780B483B000AF09
:10809000786000BF0C37BD465DF8047B704780B444
:1080A00083B000AF786000BF0C37BD465DF8047B3D
:1080B000704780B483B000AF786000BF0C37BD4616
:1080C0005DF8047B704780B483B000AF78607B6854
:1080D00093F83D30DBB218460C37BD465DF8047BA3
:1080E000704780B485B000AF786039603B68002B82
:1080F00004D17B6893F84230DBB213E03B68042B79
:1081000004D17B6893F84330DBB20BE03B68082B6B
:1081100004D17B6893F84430DBB203E07B6893F8CA
:108120004530DBB2FB73FB7B18461437BD465DF868
:10813000047B704780B584B000AF78607B689B6B30
:10814000FB60FB68012283F83D20F868FFF79DFF84
:1081500000BF1037BD4680BD80B584B000AF7860E9
:108160007B689B6BFB60FB68012283F83D20F8680D
:10817000FFF795FF00BF1037BD4680BD80B584B0C6
:1081800000AF78607B689B6BFB60FB685B6A7A681A
:108190009A420BD1FB6801221A777B68DB69002BBE
:1081A00025D1FB68012283F8422020E0FB689B6A0E
:1081B0007A689A420BD1FB6802221A777B68DB69E6
:1081C000002B14D1FB68012283F843200FE0FB68E9
:1081D000DB6A7A689A420AD1FB6804221A777B68C4
:1081E000DB69002B03D1FB68012283F84420F86887
:1081F000FDF716F8FB6800221A7700BF1037BD465E
:1082000080BD80B584B000AF78607B689B6BFB60FD
:10821000FB685B6A7A689A4207D1FB6801221A7789
:10822000FB68012283F8422018E0FB689B6A7A68A9
:108230009A4207D1FB6802221A77FB68012283F871
:1082400043200BE0FB68DB6A7A689A4206D1FB6840
:1082500004221A77FB68012283F84420F868FDF7AE
:1082600007F8FB6800221A7700BF1037BD4680BDB3
:1082700080B487B000AFF860B9607A60BB6803F083
:108280000F03042202FA03F37B61FB681A6A7B691D
:10829000DB431A40FB681A62FB681A6ABB6803F08A
:1082A0000F03796801FA03F31A43FB681A6200BFEF
:1082B0001C37BD465DF8047B704780B582B000AFC7
:1082C00078607B68002B01D1012342E07B6893F842
:1082D0004130DBB2002B06D17B68002283F84020BE
:1082E000786800F0A0F97B68242283F841207B683D
:1082F0001B68DA687B681B6822F40052DA607868D1
:1083000002F068FC7B681B681A697B681B6822F4B2
:1083100090421A617B681B685A697B681B6822F06F
:108320002A025A617B681B68DA687B681B6842F422
:108330000052DA607B6800225A647B68202283F84E
:1083400041207B68202283F842207B6800225A6308
:10835000002318460837BD4680BD80B582B000AF07
:1083600078607B68002B01D101234AE07B6893F899
:108370004130DBB2002B06D17B68002283F840201D
:10838000786800F050F97B68242283F841207B68EC
:108390001B68DA687B681B6822F40052DA60786830
:1083A00002F018FC7B681B681A697B681B6822F462
:1083B00090421A617B681B685A697B681B6822F0CF
:1083C00022025A617B681B685A697B681B6842F00D
:1083D00008025A617B681B68DA687B681B6842F494
:1083E0000052DA607B6800225A647B68202283F89E
:1083F00041207B68202283F842207B6800225A6358
:10840000002318460837BD4680BD80B582B000AF56
:10841000786039607B68002B01D101235AE07B68CA
:1084200093F84130DBB2002B06D17B68002283F841
:108430004020786800F0F7F87B68242283F8412018
:108440007B681B68DA687B681B6822F40052DA607C
:10845000786802F0BFFB7B681B681A697B681B6841
:1084600022F400621A617B681B685A697B681B688A
:1084700022F02A025A617B681B681A697B681B68B4
:1084800042F480421A617B681B681A697B681B682A
:1084900022F020021A617B681B6819697B681B68DF
:1084A0003A680A431A617B681B68DA687B681B6854
:1084B00042F40052DA607B6800225A647B68202212
:1084C00083F841207B68202283F842207B680022C9
:1084D0005A63002318460837BD4680BD80B584B076
:1084E00000AFF8600B467A60FB72FB68002B01D18D
:1084F000012362E0FB6893F84130DBB2002B06D128
:10850000FB68002283F84020F86800F08CF8FB68D4
:10851000242283F84120FB681B68DA68FB681B682B
:1085200022F40052DA60F86802F054FBFB681B6822
:108530001A69FB681B6822F490421A61FB681B6889
:108540005A69FB681B6822F02A025A61FB681B68A3
:108550001A69FB681B6822F00F021A61FB681B682E
:108560001969FA7AFB681B680A431A61FB681B6881
:10857000DA68FB681B6822F40062DA60FB681B683B
:10858000D968FB681B687A680A43DA60FB681B6875
:10859000DA68FB681B6842F40052DA60FB6800226C
:1085A0005A64FB68202283F84120FB68202283F86C
:1085B0004220FB6800225A63002318461037BD464C
:1085C00080BD80B582B000AF78607B68002B01D1A0
:1085D000012324E07B68242283F841207B681B6808
:1085E000DA687B681B6822F40052DA60786800F071
:1085F00024F87B6800225A647B68002283F84120BB
:108600007B68002283F842207B6800221A637B6823
:1086100000225A637B68002283F84020002318461A
:108620000837BD4680BD80B483B000AF786000BF1E
:108630000C37BD465DF8047B704780B483B000AF53
:10864000786000BF0C37BD465DF8047B704780B58D
:108650008AB002AFF860B9603B601346FB8000232C
:108660007B61FB6893F84130DBB2202B75D1BB688E
:10867000002B02D0FB88002B01D101236EE0FB68A8
:1086800000225A64FB68212283F8412002F0B8FDE1
:108690007861FB68FA889A84FB68FA88DA84FB6858
:1086A0009B68B3F5805F08D1FB681B69002B04D180
:1086B0000023FB61BB68BB6103E0BB68FB61002377
:1086C000BB612EE03B6800937B6900228021F86843
:1086D00001F0F7FE0346002B05D0FB68202283F84B
:1086E000412003233AE0FB69002B0BD1BB691B88B7
:1086F0001A46FB681B68C2F308025A60BB69023362
:10870000BB6107E0FB691A78FB681B685A60FB696C
:108710000133FB61FB68DB8C9BB2013B9AB2FB68C7
:10872000DA84FB68DB8C9BB2002BCBD13B680093D7
:108730007B6900224021F86801F0C3FE0346002B4C
:1087400005D0FB68202283F84120032306E0FB6864
:10875000202283F84120002300E00223184620371E
:10876000BD4680BD80B58AB002AFF860B9603B609D
:108770001346FB8000237B61FB6893F84230DBB239
:10878000202B40F08180BB68002B02D0FB88002B9F
:1087900001D1012379E0FB6800225A64FB682222A0
:1087A00083F84220FB6800221A6302F029FD7861F9
:1087B000FB68FA889A85FB68FA88DA85FB689B680B
:1087C000B3F5805F08D1FB681B69002B04D100233F
:1087D000FB61BB68BB6103E0BB68FB610023BB615D
:1087E00047E03B6800937B6900222021F86801F094
:1087F00068FE0346002B05D0FB68202283F8422048
:10880000032342E0FB69002B0CD1FB681B685B680B
:108810009BB2C3F308039AB2BB691A80BB690233E7
:10882000BB611FE0FB689B68B3F5805F07D0FB6806
:108830009B68002B0AD1FB681B69002B06D1FB68E3
:108840001B685B68DAB2FB691A7008E0FB681B689A
:108850005B68DBB203F07F03DAB2FB691A70FB6975
:108860000133FB61FB68DB8D9BB2013B9AB2FB6875
:10887000DA85FB68DB8D9BB2002BB2D1FB6820222E
:1088800083F84220002300E0022318462037BD462B
:1088900080BD80B485B000AFF860B9601346FB803E
:1088A000FB6893F84130DBB2202B21D1BB68002B51
:1088B00002D0FB88002B01D101231AE0FB68BA68C3
:1088C0001A62FB68FA889A84FB68FA88DA84FB6883
:1088D00000225A64FB68212283F84120FB681B6850
:1088E000DA68FB681B6842F08002DA60002300E06F
:1088F000022318461437BD465DF8047B704780B5E7
:1089000084B000AFF860B9601346FB80FB6893F851
:108910004230DBB2202B12D1BB68002B02D0FB8887
:10892000002B01D101230BE0FB6800221A63FB88B6
:108930001A46B968F86801F01DFE034600E00223FC
:1089400018461037BD4680BD80B58CB000AFF860CA
:10895000B9601346FB80FB6893F84130DBB2202BF3
:1089600062D1BB68002B02D0FB88002B01D1012310
:108970005BE0BA68FB681A62FB68FA889A84FB6855
:10898000FA88DA84FB6800225A64FB68212283F8A3
:108990004120FB689B6B274ADA63FB689B6B264A86
:1089A0001A64FB689B6B254ADA64FB689B6B0022A8
:1089B0001A6507F10803FB62FB68986BFB6A19688C
:1089C000FB681B6804331A46FB880BF07CFB0346EC
:1089D000002B08D0FB6810225A64FB68202283F821
:1089E0004120012321E0FB681B686FF040021A6000
:1089F000FB681B681433BB61BB6953E8003F7B61B4
:108A00007B6943F08003BB62FB681B681433BA6A5E
:108A10007A623B62396A7A6A41E80023FB61FB694A
:108A2000002BE5D1002300E0022318463037BD4675
:108A300080BD00BF11A20008ABA200082FA400084F
:108A400080B584B000AFF860B9601346FB80FB6866
:108A500093F84230DBB2202B12D1BB68002B02D03E
:108A6000FB88002B01D101230BE0FB6800221A6375
:108A7000FB881A46B968F86801F0B6FD034600E0C5
:108A8000022318461037BD4680BD80B49DB000AFAC
:108A900078600023FB667B681B685B6903F08003DA
:108AA000802B0CBF01230023DBB2FB667B6893F8AD
:108AB0004130DBB2212B1CD1FB6E002B19D07B681F
:108AC0001B681433FB64FB6C53E8003FBB64BB6C56
:108AD00023F08003BB667B681B681433BA6EBA65EB
:108AE0007B65796DBA6D41E800233B653B6D002BDA
:108AF000E5D17B681B685B6903F04003402B0CBF2A
:108B000001230023DBB2FB667B6893F84230DBB2C3
:108B1000222B50D1FB6E002B4DD07B681B680C3391
:108B2000BB63BB6B53E8003F7B637B6B23F48073B9
:108B30007B667B681B680C337A6E7A643B64396CA5
:108B40007A6C41E80023FB63FB6B002BE5D17B686B
:108B50001B6814337B627B6A53E8003F3B623B6ACD
:108B600023F001033B667B681B6814333A6E3A635B
:108B7000FB62F96A3A6B41E80023BB62BB6A002BD7
:108B8000E5D17B681B6814333B613B6953E8003FC8
:108B9000FB60FB6823F04003FB657B681B681433B4
:108BA000FA6DFA61BB61B969FA6941E800237B613A
:108BB0007B69002BE5D1002318467437BD465DF86C
:108BC000047B704780B49DB000AF78607B6893F8F9
:108BD0004130DBB2212B19D17B681B6814333B6514
:108BE0003B6D53E8003FFB64FB6C43F08003FB6686
:108BF0007B681B681433FA6EFA65BB65B96DFA6D54
:108C000041E800237B657B6D002BE5D17B6893F801
:108C10004230DBB2222B5CD10023FB607B681B68F7
:108C20001B68FB607B681B685B68FB60FB687B689C
:108C30001B69002B19D07B681B680C33FB63FB6B33
:108C400053E8003FBB63BB6B43F48073BB667B6838
:108C50001B680C33BA6EBA647B64796CBA6C41E8F9
:108C600000233B643B6C002BE5D17B681B6814330D
:108C7000BB62BB6A53E8003F7B627B6A43F001033F
:108C80007B667B681B6814337A6E7A633B63396B4F
:108C90007A6B41E80023FB62FB6A002BE5D17B681D
:108CA0001B6814337B617B6953E8003F3B613B6980
:108CB00043F040033B667B681B6814333A6E3A62AC
:108CC000FB61F9693A6A41E80023BB61BB69002B8B
:108CD000E5D1002318467437BD465DF8047B704724
:108CE00080B590B000AF78600023FB637B681B68A1
:108CF0005B6903F08003802B0CBF01230023DBB2F0
:108D0000FB637B6893F84130DBB2212B28D1FB6BEE
:108D1000002B25D07B681B6814337B627B6A53E889
:108D2000003F3B623B6A23F08003BB637B681B68A8
:108D30001433BA6B3A63FB62F96A3A6B41E8002379
:108D4000BB62BB6A002BE5D17B689B6B002B04D018
:108D50007B689B6B18460BF00EFA786801F0EAFC12
:108D60007B681B685B6903F04003402B0CBF012349
:108D70000023DBB2FB637B6893F84230DBB2222B2B
:108D800028D1FB6B002B25D07B681B6814333B611B
:108D90003B6953E8003FFB60FB6823F040037B63C3
:108DA0007B681B6814337A6BFA61BB61B969FA6935
:108DB00041E800237B617B69002BE5D17B68DB6B9D
:108DC000002B04D07B68DB6B18460BF0D4F9786875
:108DD00001F0D8FC002318464037BD4680BD80B561
:108DE00088B000AFF860B9603B601346FB80FB6859
:108DF00093F84230DBB2202B40F0C080BB68002BE0
:108E000002D0FB88002B01D10123B8E0FB680022CF
:108E10005A64FB68222283F84220FB6801221A630D
:108E2000FB6800225A6302F0EBF97861FB68FA886C
:108E30009A85FB68FA88DA85FB689B68B3F5805FE2
:108E400008D1FB681B69002B04D10023FB61BB68C0
:108E5000BB6103E0BB68FB610023BB613B68002290
:108E60001A8077E0FB681B681B6803F01003102B67
:108E700017D100233B61FB681B681B683B61FB68E3
:108E80001B685B683B613B693B681B88002B08D013
:108E9000FB6802225A63FB68202283F842200023E9
:108EA0006DE0FB681B681B6803F02003202B3CD19E
:108EB000FB69002B0CD1FB681B685B689BB2C3F39A
:108EC00008039AB2BB691A80BB690233BB611FE019
:108ED000FB689B68B3F5805F07D0FB689B68002B3D
:108EE0000AD1FB681B69002B06D1FB681B685B6815
:108EF000DAB2FB691A7008E0FB681B685B68DBB2DA
:108F000003F07F03DAB2FB691A70FB690133FB617E
:108F10003B681B8801339AB23B681A80FB68DB8D83
:108F20009BB2013B9AB2FB68DA85BB6AB3F1FF3FA3
:108F300010D002F065F902467B69D31ABA6A9A42E8
:108F400002D3BB6A002B05D1FB68202283F84220A4
:108F5000032314E0FB68DB8D9BB2002B82D1FB68FE
:108F60009A8DFB68DB8D9BB2D31A9AB23B681A804C
:108F7000FB68202283F84220002300E002231846E9
:108F80002037BD4680BD80B58CB000AFF860B960B9
:108F90001346FB80FB6893F84230DBB2202B4AD1AA
:108FA000BB68002B02D0FB88002B01D1012343E0DA
:108FB000FB6801221A63FB6800225A63FB881A4689
:108FC000B968F86801F0D6FA034687F82F3097F8A9
:108FD0002F30002B2CD1FB681B6B012B25D10023DC
:108FE0003B61FB681B681B683B61FB681B685B6837
:108FF0003B613B69FB681B680C33BB61BB6953E891
:10900000003F7B617B6943F01003BB62FB681B6818
:109010000C33BA6A7A623B62396A7A6A41E80023A1
:10902000FB61FB69002BE5D102E0012387F82F30BB
:1090300097F82F3000E0022318463037BD4680BD38
:1090400080B58CB000AFF860B9601346FB80FB6858
:1090500093F84230DBB2202B46D1BB68002B02D004
:10906000FB88002B01D101233FE0FB6801221A633A
:10907000FB6800225A63FB881A46B968F86801F059
:10908000B3FA034687F82F30FB681B6B012B25D101
:1090900000233B61FB681B681B683B61FB681B6826
:1090A0005B683B613B69FB681B680C33BB61BB6958
:1090B00053E8003F7B617B6943F01003BB62FB68B0
:1090C0001B680C33BA6A7A623B62396A7A6A41E891
:1090D0000023FB61FB69002BE5D102E0012387F847
:1090E0002F3097F82F3000E0022318463037BD4666
:1090F00080BD80B483B000AF78607B685B6B18463E
:109100000C37BD465DF8047B704780B5A0B000AF5A
:1091100078607B681B680C33FB65FB6D53E8003F90
:10912000BB65BB6D23F4F073FB677B681B680C3376
:10913000FA6FBA667B66796EBA6E41E800233B66C9
:109140003B6E002BE5D17B681B681433BB64BB6CA2
:1091500053E8003F7B647B6C23F00103BB677B68B3
:109160001B681433BA6F7A653B65396D7A6D41E8D7
:109170000023FB64FB6C002BE5D17B681B6B012B90
:1091800019D17B681B680C337B637B6B53E8003F12
:109190003B633B6B23F010037B677B681B680C33DE
:1091A0007A6F3A64FB63F96B3A6C41E80023BB6366
:1091B000BB6B002BE5D17B681B685B6903F0800308
:1091C000802B36D17B681B6814333B623B6A53E8C3
:1091D000003FFB61FB6923F080033B677B681B68F2
:1091E00014333A6FFA62BB62B96AFA6A41E8002343
:1091F0007B627B6A002BE5D17B689B6B002B18D0D0
:109200007B689B6B00221A657B689B6B18460AF093
:10921000B2FF0346002B0CD07B689B6B18460BF00B
:1092200071FB0346202B04D17B6810225A64032370
:1092300052E07B681B685B6903F04003402B36D12A
:109240007B681B681433FB60FB6853E8003FBB601E
:10925000BB6823F04003FB667B681B681433FA6E1F
:10926000BA617B617969BA6941E800233B613B6976
:10927000002BE5D17B68DB6B002B18D07B68DB6BA8
:1092800000221A657B68DB6B18460AF074FF034600
:10929000002B0CD07B68DB6B18460BF033FB0346CE
:1092A000202B04D17B6810225A64032314E07B68CE
:1092B0000022DA847B680022DA857B6800225A6407
:1092C0007B68202283F842207B68202283F841209B
:1092D0007B6800221A63002318468037BD4680BD94
:1092E00080B58EB000AF78607B681B680C333B6242
:1092F0003B6A53E8003FFB61FB6923F0C0037B63DB
:109300007B681B680C337A6BFA62BB62B96AFA6AD3
:1093100041E800237B627B6A002BE5D17B681B68F8
:109320005B6903F08003802B36D17B681B681433A4
:10933000FB60FB6853E8003FBB60BB6823F0800321
:109340003B637B681B6814333A6BBA617B61796954
:10935000BA6941E800233B613B69002BE5D17B689A
:109360009B6B002B18D07B689B6B00221A657B6877
:109370009B6B18460AF0FFFE0346002B0CD07B685F
:109380009B6B18460BF0BEFA0346202B04D17B687A
:1093900010225A64032307E07B680022DA847B688A
:1093A000202283F84120002318463837BD4680BD6F
:1093B00080B59AB000AF78607B681B680C33BB64E3
:1093C000BB6C53E8003F7B647B6C23F490737B663B
:1093D0007B681B680C337A6E7A653B65396D7A6DF4
:1093E00041E80023FB64FB6C002BE5D17B681B6824
:1093F00014337B637B6B53E8003F3B633B6B23F091
:1094000001033B667B681B6814333A6E3A64FB6366
:10941000F96B3A6C41E80023BB63BB6B002BE5D1D1
:109420007B681B6B012B19D17B681B680C333B627B
:109430003B6A53E8003FFB61FB6923F01003FB65C7
:109440007B681B680C33FA6DFA62BB62B96AFA6A10
:1094500041E800237B627B6A002BE5D17B681B68B7
:109460005B6903F04003402B36D17B681B681433E3
:10947000FB60FB6853E8003FBB60BB6823F0400320
:10948000BB657B681B681433BA6DBA617B6179690F
:10949000BA6941E800233B613B69002BE5D17B6859
:1094A000DB6B002B18D07B68DB6B00221A657B68B6
:1094B000DB6B18460AF05FFE0346002B0CD07B687E
:1094C000DB6B18460BF01EFA0346202B04D17B6899
:1094D00010225A6403230AE07B680022DA857B6845
:1094E000202283F842207B6800221A63002318465A
:1094F0006837BD4680BD000080B5A2B000AF78607F
:109500000123C7F884307B681B680C333B663B6ED5
:1095100053E8003FFB65FB6D23F4F073C7F8803020
:109520007B681B680C33D7F88020FA66BB66B96E7F
:10953000FA6E41E800237B667B6E002BE3D17B68EB
:109540001B681433FB64FB6C53E8003FBB64BB6CCB
:1095500023F00103FB677B681B681433FA6FBA655D
:109560007B65796DBA6D41E800233B653B6D002B4F
:10957000E5D17B681B6B012B19D17B681B680C3311
:10958000BB63BB6B53E8003F7B637B6B23F0100333
:10959000BB677B681B680C33BA6F7A643B64396CB9
:1095A0007A6C41E80023FB63FB6B002BE5D17B6801
:1095B0009B6B002B0FD07B681B685B6903F08003FB
:1095C000802B04D17B689B6B534A1A6503E07B6850
:1095D0009B6B00221A657B68DB6B002B0FD07B68CE
:1095E0001B685B6903F04003402B04D17B68DB6B95
:1095F0004A4A1A6503E07B68DB6B00221A657B68C8
:109600001B685B6903F08003802B2DD17B681B688E
:1096100014337B627B6A53E8003F3B623B6A23F072
:1096200080037B677B681B6814337A6F3A63FB6245
:10963000F96A3A6B41E80023BB62BB6A002BE5D1B3
:109640007B689B6B002B0FD07B689B6B18460AF0E6
:1096500002FE0346002B04D07B689B6B00221A6538
:1096600002E00023C7F884307B681B685B6903F065
:109670004003402B30D17B681B6814333B613B694E
:1096800053E8003FFB60FB6823F040033B677B68C7
:109690001B6814333A6FFA61BB61B969FA6941E832
:1096A00000237B617B69002BE5D17B68DB6B002BA2
:1096B00012D07B68DB6B18460AF0CDFD0346002B09
:1096C00007D07B68DB6B00221A650123C7F8843062
:1096D00002E00023C7F88430D7F88430012B16D17C
:1096E0007B680022DA847B680022DA857B680022AE
:1096F0005A647B68202283F841207B68202283F80B
:1097000042207B6800221A63786800F00BFC00237B
:1097100018468837BD4680BD6DA80008CDA8000852
:1097200080B58EB000AF78607B681B680C333B62FD
:109730003B6A53E8003FFB61FB6923F0C0037B6396
:109740007B681B680C337A6BFA62BB62B96AFA6A8F
:1097500041E800237B627B6A002BE5D17B681B68B4
:109760005B6903F08003802B3CD17B681B6814335A
:10977000FB60FB6853E8003FBB60BB6823F08003DD
:109780003B637B681B6814333A6BBA617B61796910
:10979000BA6941E800233B613B69002BE5D17B6856
:1097A0009B6B002B13D07B689B6B164A1A657B68FA
:1097B0009B6B18460AF04FFD0346002B1CD07B68BC
:1097C0009B6B1B6D7A68926B1046984714E07B6820
:1097D0000022DA847B68202283F84120786800F038
:1097E000ABFB09E07B680022DA847B68202283F8E7
:1097F0004120786800F0A0FB002318463837BD46AA
:1098000080BD00BF2DA9000880B59AB000AF786078
:109810007B681B680C33BB64BB6C53E8003F7B6404
:109820007B6C23F490737B667B681B680C337A6EC9
:109830007A653B65396D7A6D41E80023FB64FB6C0A
:10984000002BE5D17B681B6814337B637B6B53E88B
:10985000003F3B633B6B23F001033B667B681B6867
:1098600014333A6E3A64FB63F96B3A6C41E80023B7
:10987000BB63BB6B002BE5D17B681B6B012B19D144
:109880007B681B680C333B623B6A53E8003FFB611B
:10989000FB6923F01003FB657B681B680C33FA6DD2
:1098A000FA62BB62B96AFA6A41E800237B627B6AAA
:1098B000002BE5D17B681B685B6903F04003402BFC
:1098C0003FD17B681B681433FB60FB6853E8003FA3
:1098D000BB60BB6823F04003BB657B681B68143327
:1098E000BA6DBA617B617969BA6941E800233B616D
:1098F0003B69002BE5D17B68DB6B002B13D07B68C9
:10990000DB6B194A1A657B68DB6B18460AF0A3FC0F
:109910000346002B22D07B68DB6B1B6D7A68D26B11
:10992000104698471AE07B680022DA857B6820227F
:1099300083F842207B6800221A63786800F006FBF7
:109940000CE07B680022DA857B68202283F84220C5
:109950007B6800221A63786800F0F8FA0023184642
:109960006837BD4680BD00BF57A9000880B5BAB0B2
:1099700000AF78607B681B681B68C7F8E4307B68C1
:109980001B68DB68C7F8E0307B681B685B69C7F859
:10999000DC300023C7F8D8300023C7F8D430D7F81C
:1099A000E43003F00F03C7F8D830D7F8D830002BD5
:1099B0000FD1D7F8E43003F02003002B09D0D7F8FB
:1099C000E03003F02003002B03D0786801F043F867
:1099D00073E2D7F8D830002B00F0DE80D7F8DC3007
:1099E00003F00103002B06D1D7F8E03003F49073A5
:1099F000002B00F0D180D7F8E43003F00103002BF6
:109A00000BD0D7F8E03003F48073002B05D07B68CF
:109A10005B6C43F001027B685A64D7F8E43003F0D2
:109A20000403002B0BD0D7F8DC3003F00103002B2C
:109A300005D07B685B6C43F002027B685A64D7F800
:109A4000E43003F00203002B0BD0D7F8DC3003F036
:109A50000103002B05D07B685B6C43F004027B683C
:109A60005A64D7F8E43003F00803002B11D0D7F87C
:109A7000E03003F02003002B05D1D7F8DC3003F0F1
:109A80000103002B05D07B685B6C43F008027B6808
:109A90005A647B685B6C002B00F00A82D7F8E430D4
:109AA00003F02003002B08D0D7F8E03003F02003A8
:109AB000002B02D0786800F0CEFF7B681B685B69E2
:109AC00003F04003402B0CBF01230023DBB2C7F897
:109AD000D4307B685B6C03F00803002B03D1D7F80C
:109AE000D430002B4FD0786800F04CFE7B681B68A8
:109AF0005B6903F04003402B41D17B681B68143342
:109B0000C7F89C30D7F89C3053E8003FC7F898302E
:109B1000D7F8983023F04003C7F8D0307B681B6833
:109B20001433D7F8D020C7F8A820C7F8A430D7F846
:109B3000A410D7F8A82041E80023C7F8A030D7F830
:109B4000A030002BD9D17B68DB6B002B13D07B6856
:109B5000DB6B8A4A1A657B68DB6B18460AF07BFB75
:109B60000346002B16D07B68DB6B1B6D7A68D26BCB
:109B7000104698470EE0786800F0CAF90AE0786865
:109B800000F0C6F906E0786800F0C2F97B680022B0
:109B90005A648DE100BF8BE17B681B6B012B40F0A9
:109BA0006781D7F8E43003F01003002B00F06081E8
:109BB000D7F8E03003F01003002B00F059810023A8
:109BC000BB607B681B681B68BB607B681B685B684D
:109BD000BB60BB687B681B685B6903F04003402B7C
:109BE00040F0CE807B68DB6B1B685B68A7F8BE30FB
:109BF000B7F8BE30002B00F0A9807B689B8DB7F8CA
:109C0000BE209A4280F0A2807B68B7F8BE20DA8539
:109C10007B68DB6BDB69B3F5807F00F088807B6855
:109C20001B680C33C7F88830D7F8883053E8003FFA
:109C3000C7F88430D7F8843023F48073C7F8B8307D
:109C40007B681B680C33D7F8B820C7F89420C7F896
:109C50009030D7F89010D7F8942041E80023C7F847
:109C60008C30D7F88C30002BD9D17B681B6814332B
:109C70007B677B6F53E8003F3B673B6F23F001033B
:109C8000C7F8B4307B681B681433D7F8B420C7F822
:109C90008020FB67F96FD7F8802041E80023BB677D
:109CA000BB6F002BE1D17B681B6814333B663B6EB6
:109CB00053E8003FFB65FB6D23F04003C7F8B0306D
:109CC0007B681B681433D7F8B020FA66BB66B96EA0
:109CD000FA6E41E800237B667B6E002BE3D17B6844
:109CE000202283F842207B6800221A637B681B686D
:109CF0000C33FB64FB6C53E8003FBB64BB6C23F08C
:109D00001003C7F8AC307B681B680C33D7F8AC2065
:109D1000BA657B65796DBA6D41E800233B653B6DA3
:109D2000002BE3D17B68DB6B18460AF024FA7B68D2
:109D300002225A637B689A8D7B68DB8D9BB2D31AB3
:109D40009BB21946786800F00BF9B3E07B689B8DF5
:109D5000B7F8BE209A4240F0AD807B68DB6BDB69D0
:109D6000B3F5807F40F0A6807B6802225A637B684F
:109D70009B8D1946786800F0F3F89BE04BA800082B
:109D80007B689A8D7B68DB8D9BB2D31AA7F8CE30A7
:109D90007B68DB8D9BB2002B00F08E80B7F8CE3055
:109DA000002B00F089807B681B680C33BB63BB6BA6
:109DB00053E8003F7B637B6B23F49073C7F8C83094
:109DC0007B681B680C33D7F8C8207A643B64396C15
:109DD0007A6C41E80023FB63FB6B002BE3D17B68CB
:109DE0001B6814337B627B6A53E8003F3B623B6A2B
:109DF00023F00103C7F8C4307B681B681433D7F81D
:109E0000C4203A63FB62F96A3A6B41E80023BB6203
:109E1000BB6A002BE3D17B68202283F842207B6859
:109E200000221A637B681B680C333B613B6953E873
:109E3000003FFB60FB6823F01003C7F8C0307B686D
:109E40001B680C33D7F8C020FA61BB61B969FA69A5
:109E500041E800237B617B69002BE3D17B68022210
:109E60005A63B7F8CE301946786800F079F823E0E5
:109E7000D7F8E43003F08003002B09D0D7F8E030A6
:109E800003F08003002B03D0786800F07CFD14E021
:109E9000D7F8E43003F04003002B0ED0D7F8E030C1
:109EA00003F04003002B08D0786800F0BCFD04E00C
:109EB00000BF02E000BF00E000BFE837BD4680BD44
:109EC00080B483B000AF786000BF0C37BD465DF84A
:109ED000047B704780B483B000AF786000BF0C375C
:109EE000BD465DF8047B704780B483B000AF7860F6
:109EF00000BF0C37BD465DF8047B704780B483B06B
:109F000000AF786000BF0C37BD465DF8047B70473A
:109F100080B483B000AF786000BF0C37BD465DF8F9
:109F2000047B704780B483B000AF786000BF0C370B
:109F3000BD465DF8047B704780B483B000AF7860A5
:109F400000BF0C37BD465DF8047B704780B483B01A
:109F500000AF786000BF0C37BD465DF8047B7047EA
:109F600080B483B000AF78600B467B8000BF0C37B5
:109F7000BD465DF8047B704780B489B000AF78605F
:109F80007B6893F84030012B01D102232AE07B68E3
:109F9000012283F840207B68242283F841207B68DB
:109FA0001B680C33FB60FB6853E8003FBB60BB6879
:109FB00043F00103FB617B681B680C33FA69BA61EB
:109FC0007B617969BA6941E800233B613B69002BF9
:109FD000E5D17B68202283F841207B68002283F84A
:109FE0004020002318462437BD465DF8047B7047A7
:109FF00080B489B000AF78607B6893F84030012B63
:10A0000001D102232DE07B68012283F840207B6888
:10A01000242283F841207B681B680C33FB60FB68BB
:10A0200053E8003FBB60BB6843F00203FB617B6801
:10A030001B680C33FA69BA617B617969BA6941E8D6
:10A0400000233B613B69002BE5D17B68202283F82C
:10A0500041207B6800225A637B68002283F84020FD
:10A06000002318462437BD465DF8047B704780B452
:10A0700089B000AF78607B6893F84030012B01D144
:10A0800002232DE07B68012283F840207B68242294
:10A0900083F841207B681B680C33FB60FB6853E846
:10A0A000003FBB60BB6823F00203FB617B681B6859
:10A0B0000C33FA69BA617B617969BA6941E80023B6
:10A0C0003B613B69002BE5D17B68202283F841206E
:10A0D0007B6800225A637B68002283F840200023BB
:10A0E00018462437BD465DF8047B704780B485B0C0
:10A0F00000AF78600023FB607B6893F84030012B51
:10A1000001D1022320E07B68012283F840207B6894
:10A11000242283F841207B681B68DB68FB60FB68B6
:10A1200023F00C03FB60FB6843F00803FB607B68D3
:10A130001B68FA68DA607B68202283F841207B681C
:10A14000002283F84020002318461437BD465DF8EE
:10A15000047B704780B485B000AF78600023FB605B
:10A160007B6893F84030012B01D1022320E07B680B
:10A17000012283F840207B68242283F841207B68F9
:10A180001B68DB68FB60FB6823F00C03FB60FB686B
:10A1900043F00403FB607B681B68FA68DA607B6845
:10A1A000202283F841207B68002283F8402000238E
:10A1B00018461437BD465DF8047B704780B485B0FF
:10A1C00000AF78600023FB600023BB607B6893F8DE
:10A1D0004130DBB2FB607B6893F84230DBB2BB609E
:10A1E000FB68DAB2BB68DBB21343DBB21846143744
:10A1F000BD465DF8047B704780B483B000AF7860E3
:10A200007B685B6C18460C37BD465DF8047B704775
:10A2100080B590B000AF78607B689B6BFB637B6818
:10A220001B681B6803F48073002B37D1FB6B002283
:10A23000DA84FB6B1B6814337B627B6A53E8003F54
:10A240003B623B6A23F08003BB63FB6B1B681433E8
:10A25000BA6B3A63FB62F96A3A6B41E80023BB626E
:10A26000BB6A002BE5D1FB6B1B680C333B613B6980
:10A2700053E8003FFB60FB6843F040037B63FB6BEC
:10A280001B680C337A6BFA61BB61B969FA6941E802
:10A2900000237B617B69002BE5D102E0F86BFFF7BF
:10A2A0000FFE00BF4037BD4680BD80B584B000AF13
:10A2B00078607B689B6BFB60F868FFF70BFE00BF64
:10A2C0001037BD4680BD80B59CB000AF78607B681C
:10A2D0009B6BFB667B681B681B6803F48073002B19
:10A2E00072D1FB6E0022DA85FB6E1B680C33FB64B7
:10A2F000FB6C53E8003FBB64BB6C23F48073BB660C
:10A30000FB6E1B680C33BA6EBA657B65796DBA6DEE
:10A3100041E800233B653B6D002BE5D1FB6E1B68DC
:10A320001433BB63BB6B53E8003F7B637B6B23F051
:10A3300001037B66FB6E1B6814337A6E7A643B64A0
:10A34000396C7A6C41E80023FB63FB6B002BE5D191
:10A35000FB6E1B6814337B627B6A53E8003F3B62F1
:10A360003B6A23F040033B66FB6E1B6814333A6E76
:10A370003A63FB62F96A3A6B41E80023BB62BB6A4D
:10A38000002BE5D1FB6E202283F84220FB6E1B6B75
:10A39000012B19D1FB6E1B680C333B613B6953E801
:10A3A000003FFB60FB6823F01003FB65FB6E1B683E
:10A3B0000C33FA6DFA61BB61B969FA6941E80023AF
:10A3C0007B617B69002BE5D1FB6E00225A63FB6E3B
:10A3D0001B6B012B06D1FB6E9B8D1946F86EFFF7A8
:10A3E000BFFD02E0F86EFFF77FFD00BF7037BD468E
:10A3F00080BD80B584B000AF78607B689B6BFB60EC
:10A40000FB6801225A63FB681B6B012B08D1FB68B8
:10A410009B8D5B089BB21946F868FFF7A1FD02E02F
:10A42000F868FFF76BFD00BF1037BD4680BD80B5F3
:10A4300084B000AF78600023FB607B689B6BBB60DF
:10A44000BB681B685B6903F08003802B0CBF012392
:10A450000023DBB2FB60BB6893F84130DBB2212BF9
:10A4600008D1FB68002B05D0BB680022DA84B868ED
:10A4700000F060F9BB681B685B6903F04003402B88
:10A480000CBF01230023DBB2FB60BB6893F84230B2
:10A49000DBB2222B08D1FB68002B05D0BB68002261
:10A4A000DA85B86800F06EF9BB685B6C43F01002A7
:10A4B000BB685A64B868FFF72BFD00BF1037BD4674
:10A4C00080BD80B586B000AFF860B9603B601346D0
:10A4D000FB713BE03B6AB3F1FF3F37D000F090FEE9
:10A4E00002463B68D31A3A6A9A4202D33B6A002B6F
:10A4F00001D103233AE0FB681B68DB6803F0040327
:10A50000002B23D0BB68802B20D0BB68402B1DD0F4
:10A51000FB681B681B6803F00803082B16D1002397
:10A520007B61FB681B681B687B61FB681B685B6861
:10A530007B617B69F86800F025F9FB6808225A64A2
:10A54000FB68002283F8402001230FE0FB681B68B2
:10A550001A68BB681340BA689A420CBF01230023F3
:10A56000DBB21A46FB799A42B4D00023184618375A
:10A57000BD4680BD80B485B000AFF860B9601346B9
:10A58000FB80FB68BA689A62FB68FA889A85FB6868
:10A59000FA88DA85FB6800225A64FB68222283F875
:10A5A0004220FB681B69002B07D0FB681B68DA6838
:10A5B000FB681B6842F48072DA60FB681B685A69AA
:10A5C000FB681B6842F001025A61FB681B68DA688D
:10A5D000FB681B6842F02002DA600023184614373B
:10A5E000BD465DF8047B704780B598B000AFF86059
:10A5F000B9601346FB80BA68FB689A62FB68FA8808
:10A600009A85FB6800225A64FB68222283F8422064
:10A61000FB68DB6B444ADA63FB68DB6B434A1A6412
:10A62000FB68DB6B424ADA64FB68DB6B00221A656D
:10A6300007F10803FB65FB68D86BFB681B680433F4
:10A640001946FB6D1A68FB8809F03DFD0346002B97
:10A6500008D0FB6810225A64FB68202283F842204D
:10A6600001235DE000233B61FB681B681B683B61C5
:10A67000FB681B685B683B613B69FB681B69002BDF
:10A6800019D0FB681B680C333B643B6C53E8003FFC
:10A69000FB63FB6B43F48073BB65FB681B680C3387
:10A6A000BA6DFA64BB64B96CFA6C41E800237B6450
:10A6B0007B6C002BE5D1FB681B681433FB62FB6AE3
:10A6C00053E8003FBB62BB6A43F001037B65FB6854
:10A6D0001B6814337A6DBA637B63796BBA6B41E89C
:10A6E00000233B633B6B002BE5D1FB681B681433F5
:10A6F000BB61BB6953E8003F7B617B6943F040036A
:10A700003B65FB681B6814333A6D7A623B62396AB9
:10A710007A6A41E80023FB61FB69002BE5D1002345
:10A7200018466037BD4680BDC7A20008F3A30008E5
:10A730002FA4000880B489B000AF78607B681B68E4
:10A740000C33FB60FB6853E8003FBB60BB6823F041
:10A75000C003FB617B681B680C33FA69BA617B61DB
:10A760007969BA6941E800233B613B69002BE5D177
:10A770007B68202283F8412000BF2437BD465DF866
:10A78000047B704780B495B000AF78607B681B682D
:10A790000C337B637B6B53E8003F3B633B6B23F4E1
:10A7A0009073FB647B681B680C33FA6C3A64FB6340
:10A7B000F96B3A6C41E80023BB63BB6B002BE5D11E
:10A7C0007B681B6814333B623B6A53E8003FFB61C4
:10A7D000FB6923F00103BB647B681B681433BA6C0C
:10A7E000FA62BB62B96AFA6A41E800237B627B6A5B
:10A7F000002BE5D17B681B6B012B19D17B681B6893
:10A800000C33FB60FB6853E8003FBB60BB6823F080
:10A8100010037B647B681B680C337A6CBA617B61C4
:10A820007969BA6941E800233B613B69002BE5D1B6
:10A830007B68202283F842207B6800221A6300BFD5
:10A840005437BD465DF8047B704780B584B000AFD7
:10A8500078607B689B6BFB60FB680022DA85F86898
:10A86000FFF756FB00BF1037BD4680BD80B584B0F2
:10A8700000AF78607B689B6BFB60FB689B6B002282
:10A880001A65FB68DB6B002B04D0FB68DB6B1B6D70
:10A89000002B17D1FB680022DA84FB680022DA85DE
:10A8A000FB6800225A64FB68202283F84120FB6881
:10A8B000202283F84220FB6800221A63F868FFF721
:10A8C00031FB00E000BF1037BD4680BD80B584B0CD
:10A8D00000AF78607B689B6BFB60FB68DB6B0022E2
:10A8E0001A65FB689B6B002B04D0FB689B6B1B6D90
:10A8F000002B17D1FB680022DA84FB680022DA857E
:10A90000FB6800225A64FB68202283F84120FB6820
:10A91000202283F84220FB6800221A63F868FFF7C0
:10A9200001FB00E000BF1037BD4680BD80B584B09C
:10A9300000AF78607B689B6BFB60FB680022DA8469
:10A94000FB68202283F84120F868FFF7F5FA00BF82
:10A950001037BD4680BD80B584B000AF78607B689D
:10A960009B6BFB60FB680022DA85FB68202283F882
:10A970004220FB6800221A63F868FFF7E7FA00BF7D
:10A980001037BD4680BD80B485B000AF78607B686D
:10A9900093F84130DBB2212B3ED17B689B68B3F545
:10A9A000805F14D17B681B69002B10D17B681B6A08
:10A9B000FB60FB681B881A467B681B68C2F30802B1
:10A9C0005A607B681B6A9A1C7B681A6208E07B6885
:10A9D0001B6A591C7A6811621A787B681B685A6076
:10A9E0007B68DB8C9BB2013B9BB27A681946D184B1
:10A9F000002B0FD17B681B68DA687B681B6822F02C
:10AA00008002DA607B681B68DA687B681B6842F04A
:10AA10004002DA60002300E0022318461437BD46E6
:10AA20005DF8047B704780B582B000AF78607B68CA
:10AA30001B68DA687B681B6822F04002DA607B687A
:10AA4000202283F841207868FFF73AFA002318465D
:10AA50000837BD4680BD80B58CB000AF786000235C
:10AA6000FB620023BB627B6893F84230DBB2222B8F
:10AA700040F0AA807B689B68B3F5805F15D17B6846
:10AA80001B69002B11D17B689B6ABB627B681B68CA
:10AA90005B689BB2C3F308039AB2BB6A1A807B68F7
:10AAA0009B6A9A1C7B689A6224E07B689B6AFB62C3
:10AAB0007B689B68B3F5805F07D07B689B68002B41
:10AAC0000AD17B681B69002B06D17B681B685B6819
:10AAD000DAB2FB6A1A7008E07B681B685B68DBB25D
:10AAE00003F07F03DAB2FB6A1A707B689B6A5A1C18
:10AAF0007B689A627B68DB8D9BB2013B9BB27A6874
:10AB00001946D185002B5DD17B681B68DA687B68AC
:10AB10001B6822F02002DA607B681B68DA687B68B9
:10AB20001B6822F48072DA607B681B685A697B6854
:10AB30001B6822F001025A617B68202283F84220C0
:10AB40007B6800225A637B681B6B012B35D17B68C5
:10AB500000221A637B681B680C337B617B6953E8B6
:10AB6000003F3B613B6923F010037B627B681B68FD
:10AB70000C337A6A3A62FB61F9693A6A41E8002368
:10AB8000BB61BB69002BE5D17B681B681B6803F0C8
:10AB90001003102B0AD10023FB607B681B681B6825
:10ABA000FB607B681B685B68FB60FB687B689B8D58
:10ABB00019467868FFF7D4F902E07868FFF794F94E
:10ABC000002302E0002300E0022318463037BD4690
:10ABD00080BD00002DE9B04FC0B000AFC7F8F40051
:10ABE000D7F8F4301B681B6923F44050D7F8F430D1
:10ABF000D968D7F8F4301A6840EA01031361D7F82E
:10AC0000F4309A68D7F8F4301B691A43D7F8F43057
:10AC10005B691A43D7F8F430DB691343C7F8F8309F
:10AC2000D7F8F4301B68DB6823F4164121F00C01DF
:10AC3000D7F8F4301A68D7F8F8300B43D360D7F858
:10AC4000F4301B685B6923F44070D7F8F4309969DD
:10AC5000D7F8F4301A6840EA01035361D7F8F430AA
:10AC60001A688F4B9A4205D0D7F8F4301A688D4B8A
:10AC70009A4204D107F066FBC7F8FC0003E007F036
:10AC80004DFBC7F8FC00D7F8F430DB69B3F5004F93
:10AC900040F00C81D7F8FC300022C7F8E830C7F844
:10ACA000EC20D7E93A4522462B469118B9655B411D
:10ACB000FB65D7E91623214612EB0108294643EB31
:10ACC00001094FF000024FF000034FEAC90343EAC5
:10ACD00058734FEAC80290469946234618EB03037F
:10ACE000C7F8E0302B4649EB0303C7F8E430D7F848
:10ACF000F4305B680022C7F8D830C7F8DC20D7E909
:10AD000036120B46DB183B65134642EB03037B65AB
:10AD1000D7E91423D7E93801F5F7DAFA02460B46EA
:10AD2000614BA3FB02235B091C01D7F8FC30002216
:10AD3000C7F8D030C7F8D420D7E9348942464B460B
:10AD40009118B9645B41FB64D7E91223414612EBC9
:10AD5000010A494643EB010B4FF000024FF000039C
:10AD60004FEACB0343EA5A734FEACA0292469B4624
:10AD700043461AEB0303C7F8C8304B464BEB0303BB
:10AD8000C7F8CC30D7F8F4305B680022C7F8C03081
:10AD9000C7F8C420D7E930120B46DB183B641346D2
:10ADA00042EB03037B64D7E91023D7E93201F5F7BF
:10ADB0008FFA02460B4611463B4BA3FB01235B096E
:10ADC000642202FB03F3CB1ADB0003F13202364BA1
:10ADD000A3FB02235B095B0003F4F8731C44D7F860
:10ADE000FC300022C7F8B830C7F8BC20D7E92E895C
:10ADF00042464B469118B9635B41FB63D7E90E238A
:10AE000041465118396349464B417B634FF000027C
:10AE10004FF00003D7E90CAB5946CB00514643EA4B
:10AE200051735146CA0010461946034642469B18C4
:10AE3000C7F8B0304B460A4642EB0303C7F8B430BC
:10AE4000D7F8F4305B680022C7F8A830C7F8AC2008
:10AE5000D7E92A120B46DB18BB62134642EB030309
:10AE6000FB62D7E90A23D7E92C01F5F731FA02464C
:10AE70000B460D4BA3FB02135B09642101FB03F39B
:10AE8000D31ADB003233084AA2FB03235B0903F029
:10AE90000702D7F8F4301B6822449A6006E100BF2D
:10AEA00000100140001401401F85EB51D7F8FC3021
:10AEB0000022C7F8A030C7F8A420D7E92889424665
:10AEC0004B46911839625B417B62D7E908234146C2
:10AED0005418494643EB01054FF000024FF00003C0
:10AEE000EB0043EA5473E20014461D464346E31860
:10AEF000C7F898304B4645EB0303C7F89C30D7F8AA
:10AF0000F4305B680022C7F89030C7F894204FF007
:10AF100000024FF00003D7E9244529468B00214663
:10AF200043EA917321468A00D7E92601F5F7D0F963
:10AF300002460B46604BA3FB02235B091C01D7F8BA
:10AF4000FC300022C7F88830C7F88C20D7E9228966
:10AF500042464B469118B9615B41FB61D7E9062334
:10AF600041465118396149464B417B614FF000021F
:10AF70004FF00003D7E904AB5946CB00514643EAF2
:10AF800051735146CA0010461946034642469B1863
:10AF9000C7F880304B460A4642EB0303C7F88430BB
:10AFA000D7F8F4305B680022BB67FA674FF0000205
:10AFB0004FF00003D7E91E8949468B00414643EA1A
:10AFC000917341468A00D7E92001F5F781F90246DD
:10AFD0000B461146384BA3FB01235B09642202FB9D
:10AFE00003F3CB1A1B013233334AA2FB03235B0961
:10AFF00003F0F0031C44D7F8FC3000223B677A676B
:10B00000D7E91C8942464B469118B9605B41FB6009
:10B01000D7E9022341465118396049464B417B60CC
:10B020004FF000024FF00003D7E900AB5946CB00C8
:10B03000514643EA51735146CA0010461946034629
:10B0400042469B18BB664B460A4642EB0303FB662F
:10B05000D7F8F4305B6800223B667A664FF0000256
:10B060004FF00003D7E9188949468B00414643EA6F
:10B07000917341468A00D7E91A01F5F729F902468A
:10B080000B460D4BA3FB02135B09642101FB03F389
:10B09000D31A1B013233084AA2FB03235B0903F0D6
:10B0A0000F02D7F8F4301B6822449A6000BF07F5FE
:10B0B0008077BD46BDE8B08F1F85EB5180B500AFEE
:10B0C0000E4B1B680D4A43F4007313600B4B1B6857
:10B0D0000A4A43F480631360084B1B68074A43F431
:10B0E0008073136003200BF06FFB0F2000F044F817
:10B0F0000BF050FF0023184680BD00BF003C02400B
:10B1000080B500AF114B124A1A62104B00221A622E
:10B110000E4B104A5A620D4B00225A620B4B0E4ADC
:10B120001A610A4B00221A61084B80225A61074BB0
:10B1300000225A61054B4FF0FF329A61034B002207
:10B140009A6100F012F80023184680BD00380240D2
:10B150000FC8E210317917009F10600080B400AF73
:10B1600000BFBD465DF8047B704780B400AF00BFF0
:10B17000BD465DF8047B704780B582B000AF786053
:10B18000124B1A68124B1B7819464FF47A73B3FBB3
:10B19000F1F3B2FBF3F318460BF05DFB0346002B13
:10B1A00001D001230EE07B680F2B0AD800227968BA
:10B1B0004FF0FF300BF013FB064A7B68136000234F
:10B1C00000E0012318460837BD4680BD200000205E
:10B1D000080000200400002080B400AF064B1B785C
:10B1E0001A46064B1B681344044A136000BFBD4651
:10B1F0005DF8047B704700BF08000020E8000020D5
:10B2000080B400AF034B1B681846BD465DF8047B55
:10B21000704700BFE800002080B400AF034B1B68FC
:10B220001846BD465DF8047B704700BF040000204F
:10B2300080B584B000AF0346FB710023FB730E4B57
:10B240001B78FA799A4212D00B4B1B78BB730A4ACF
:10B25000FB791370094B1B681846FFF78DFF0346F7
:10B26000FB73FB7B002B02D0034ABB7B1370FB7B81
:10B2700018461037BD4680BD08000020040000209D
:10B2800080B400AF034B1B781846BD465DF8047BC5
:10B29000704700BF0800002080B584B000AF786020
:10B2A000FFF7AEFFB8607B68FB60FB68B3F1FF3F60
:10B2B00005D00A4B1B781A46FB681344FB6000BF9D
:10B2C000FFF79EFF0246BB68D31AFA689A42F7D886
:10B2D00000BF00BF1037BD4680BD00BF0800002082
:10B2E00080B400AF054B1B68044A23F002031360CF
:10B2F00000BFBD465DF8047B704700BF10E000E072
:10B3000080B400AF054B1B68044A43F0020313608E
:10B3100000BFBD465DF8047B704700BF10E000E051
:10B3200080B400AF024B1846BD465DF8047B704701
:10B330000004080180B400AF034B1B681B0C1846C7
:10B34000BD465DF8047B7047002004E080B400AF88
:10B35000044B1B68C3F30B031846BD465DF8047B22
:10B36000704700BF002004E080B400AF054B5B686D
:10B37000044A43F00103536000BFBD465DF8047BFF
:10B38000704700BF002004E080B400AF054B5B684D
:10B39000044A23F00103536000BFBD465DF8047BFF
:10B3A000704700BF002004E080B400AF054B5B682D
:10B3B000044A43F00203536000BFBD465DF8047BBE
:10B3C000704700BF002004E080B400AF054B5B680D
:10B3D000044A23F00203536000BFBD465DF8047BBE
:10B3E000704700BF002004E080B400AF054B5B68ED
:10B3F000044A43F00403536000BFBD465DF8047B7C
:10B40000704700BF002004E080B400AF054B5B68CC
:10B41000044A23F00403536000BFBD465DF8047B7B
:10B42000704700BF002004E080B400AF034B01224E
:10B430001A6000BFBD465DF8047B704700042742D8
:10B4400080B400AF034B00221A6000BFBD465DF818
:10B45000047B70470004274280B400AF034B1B6895
:10B460001846BD465DF8047B704700BF107AFF1F89
:10B4700080B400AF034B1B681846BD465DF8047BE3
:10B48000704700BF147AFF1F80B400AF034B1B68E6
:10B490001846BD465DF8047B704700BF187AFF1F51
:10B4A00080B584B000AF78607B68002B01D10123A8
:10B4B0002BE17B6893F83D30DBB2002B06D17B6833
:10B4C000002283F83C2078680BF08CFD7B682422F6
:10B4D00083F83D207B681B681A687B681B6822F034
:10B4E00001021A607B681B681A687B681B6842F45B
:10B4F00000421A607B681B681A687B681B6822F42C
:10B5000000421A6006F00AFFF8607B685B68814AB7
:10B51000934207D8FB68804A934294BF01230023DB
:10B52000DBB206E0FB687D4A934294BF012300230F
:10B53000DBB2002B01D00123E7E0FB68784AA2FBD5
:10B5400003239B0CBB607B681B685B6823F03F0197
:10B550007B681B68BA680A435A607B681B681B6A71
:10B5600023F03F017B685B686A4A934202D8BB685C
:10B57000013309E0BB684FF4967202FB03F3694A9A
:10B58000A2FB03239B0901337A6812680B43136201
:10B590007B681B68DB6923F44F4222F0FF027B6863
:10B5A0005B685C498B4219D8FB68591E7B685B68F5
:10B5B0005B00B1FBF3F3591C40F6FC730B40002B0E
:10B5C0000AD0FB68591E7B685B685B00B1FBF3F334
:10B5D0000133C3F30B0351E004234FE07B689B6806
:10B5E000002B11D1FB68581E7B6859680B465B0025
:10B5F0000B44B0FBF3F30133C3F30B03002B0CBF7D
:10B6000001230023DBB212E0FB68581E7B685968F7
:10B610000B469B000B4499000B44B0FBF3F3013342
:10B62000C3F30B03002B0CBF01230023DBB2002B61
:10B6300001D0012322E07B689B68002B0ED1FB68C0
:10B64000581E7B6859680B465B000B44B0FBF3F354
:10B650000133C3F30B0343F400430FE0FB68581EB0
:10B660007B6859680B469B000B4499000B44B0FB68
:10B67000F3F30133C3F30B0343F4404379680968E0
:10B680001343CB617B681B681B6823F0C0017B6898
:10B69000DA697B681B6A1A437B681B680A431A6075
:10B6A0007B681B689B6823F4034323F0FF037A68DD
:10B6B00011697A68D26811437A6812680B43936003
:10B6C0007B681B68DB6823F0FF017B685A697B6835
:10B6D0009B691A437B681B680A43DA607B681B68B6
:10B6E0001A687B681B6842F001021A607B680022BE
:10B6F0001A647B68202283F83D207B6800221A634D
:10B700007B68002283F83E20002318461037BD4690
:10B7100080BD00BFA08601007F841E00FF083D00A1
:10B7200083DE1B43D34D621080B582B000AF7860DA
:10B730007B68002B01D1012321E07B68242283F860
:10B740003D207B681B681A687B681B6822F0010239
:10B750001A60786800F021F87B6800221A647B6820
:10B76000002283F83D207B6800221A637B68002258
:10B7700083F83E207B68002283F83C200023184693
:10B780000837BD4680BD80B483B000AF786000BF8D
:10B790000C37BD465DF8047B704780B483B000AFC2
:10B7A000786000BF0C37BD465DF8047B704780B4FD
:10B7B00083B000AF78607B681B685B6903F080032F
:10B7C000802B03D17B681B6800221A6100BF0C37F5
:10B7D000BD465DF8047B704780B588B002AFF86065
:10B7E0007A601A460B467B8113463B81FFF708FDC2
:10B7F0007861FB6893F83D30DBB2202B40F0E080AD
:10B800007B690093192301227049F86805F08CFDCB
:10B810000346002B01D00223D3E0FB6893F83C30B1
:10B82000012B01D10223CCE0FB68012283F83C20EC
:10B83000FB681B681B6803F00103012B07D0FB6842
:10B840001B681A68FB681B6842F001021A60FB68FB
:10B850001B681A68FB681B6822F400621A60FB68A8
:10B86000212283F83D20FB68102283F83E20FB68EC
:10B8700000221A64FB687A685A62FB683A895A8522
:10B88000FB685B8D9AB2FB681A85FB68504ADA62E6
:10B8900079897B693A6AF86805F0B4F80346002BA9
:10B8A00001D001238DE000233B61FB681B685B69CD
:10B8B0003B61FB681B689B693B613B6966E07A6999
:10B8C000396AF86805F04AFE0346002B0DD0FB6884
:10B8D0001B6C042B07D1FB681B681A68FB681B688C
:10B8E00042F400721A6001236BE0FB685B6A1A780D
:10B8F000FB681B681A61FB685B6A5A1CFB685A622A
:10B90000FB685B8D9BB2013B9AB2FB685A85FB6872
:10B910001B8D013B9AB2FB681A85FB681B685B694B
:10B9200003F00403042B1BD1FB681B8D002B17D0E5
:10B93000FB685B6A1A78FB681B681A61FB685B6AC4
:10B940005A1CFB685A62FB685B8D9BB2013B9AB242
:10B95000FB685A85FB681B8D013B9AB2FB681A8510
:10B960007A69396AF86805F041FE0346002B0DD06C
:10B97000FB681B6C042B07D1FB681B681A68FB680B
:10B980001B6842F400721A6001231AE0FB681B8DE9
:10B99000002B94D1FB681B681A68FB681B6842F493
:10B9A00000721A60FB68202283F83D20FB680022A9
:10B9B00083F83E20FB68002283F83C20002300E04F
:10B9C000022318461837BD4680BD00BF0200100094
:10B9D0000000FFFF80B58CB002AFF8607A601A46B5
:10B9E0000B467B8113463B81FFF70AFC7862FB68BC
:10B9F00093F83D30DBB2202B40F017827B6A009336
:10BA0000192301227C49F86805F08EFC0346002BBF
:10BA100001D002230AE2FB6893F83C30012B01D1EC
:10BA2000022303E2FB68012283F83C20FB681B68C9
:10BA30001B6803F00103012B07D0FB681B681A6821
:10BA4000FB681B6842F001021A60FB681B681A68F9
:10BA5000FB681B6822F400621A60FB68222283F8EC
:10BA60003D20FB68102283F83E20FB6800221A6408
:10BA7000FB687A685A62FB683A895A85FB685B8D75
:10BA80009AB2FB681A85FB685C4ADA6279897B6A3C
:10BA90003A6BF86805F038F80346002B01D0012313
:10BAA000C4E1FB681B8D002B13D100233B62FB68B4
:10BAB0001B685B693B62FB681B689B693B623B6A76
:10BAC000FB681B681A68FB681B6842F400721A6006
:10BAD00098E1FB681B8D012B1BD1FB681B681A6862
:10BAE000FB681B6822F480621A600023FB61FB681C
:10BAF0001B685B69FB61FB681B689B69FB61FB69F9
:10BB0000FB681B681A68FB681B6842F400721A60C5
:10BB100078E1FB681B8D022B1BD1FB681B681A6840
:10BB2000FB681B6822F480621A60FB681B681A6855
:10BB3000FB681B6842F400621A600023BB61FB686B
:10BB40001B685B69BB61FB681B689B69BB61BB6968
:10BB500058E1FB681B681A68FB681B6842F4806246
:10BB60001A6000237B61FB681B685B697B61FB6873
:10BB70001B689B697B617B6944E1FB681B8D032B20
:10BB800000F2F180FB681B8D012B23D17A6A396B9F
:10BB9000F86805F0E9FD0346002B01D0012345E1DB
:10BBA000FB681B681A69FB685B6AD2B21A70FB6893
:10BBB0005B6A5A1CFB685A62FB681B8D013B9AB298
:10BBC000FB681A85FB685B8D9BB2013B9AB2FB68F0
:10BBD0005A8517E1FB681B8D022B4ED17B6A0093BF
:10BBE0003B6B00220649F86805F09EFB0346002BDC
:10BBF00008D001231AE100BF020010000000FFFF7F
:10BC000004000100FB681B681A68FB681B6842F4AB
:10BC100000721A60FB681B681A69FB685B6AD2B223
:10BC20001A70FB685B6A5A1CFB685A62FB681B8DC2
:10BC3000013B9AB2FB681A85FB685B8D9BB2013BA6
:10BC40009AB2FB685A85FB681B681A69FB685B6AD5
:10BC5000D2B21A70FB685B6A5A1CFB685A62FB68B6
:10BC60001B8D013B9AB2FB681A85FB685B8D9BB20A
:10BC7000013B9AB2FB685A85C4E07B6A00933B6B38
:10BC800000226C49F86805F04FFB0346002B01D0F9
:10BC90000123CBE0FB681B681A68FB681B6822F471
:10BCA00080621A60FB681B681A69FB685B6AD2B223
:10BCB0001A70FB685B6A5A1CFB685A62FB681B8D32
:10BCC000013B9AB2FB681A85FB685B8D9BB2013B16
:10BCD0009AB2FB685A857B6A00933B6B00225549F8
:10BCE000F86805F021FB0346002B01D001239DE0FD
:10BCF000FB681B681A68FB681B6842F400721A60D4
:10BD0000FB681B681A69FB685B6AD2B21A70FB6831
:10BD10005B6A5A1CFB685A62FB681B8D013B9AB236
:10BD2000FB681A85FB685B8D9BB2013B9AB2FB688E
:10BD30005A85FB681B681A69FB685B6AD2B21A7085
:10BD4000FB685B6A5A1CFB685A62FB681B8D013BEF
:10BD50009AB2FB681A85FB685B8D9BB2013B9AB275
:10BD6000FB685A854EE07A6A396BF86805F0FCFC8E
:10BD70000346002B01D0012358E0FB681B681A69B9
:10BD8000FB685B6AD2B21A70FB685B6A5A1CFB687C
:10BD90005A62FB681B8D013B9AB2FB681A85FB68EF
:10BDA0005B8D9BB2013B9AB2FB685A85FB681B68AE
:10BDB0005B6903F00403042B24D1FB681B8D032B68
:10BDC00007D1FB681B681A68FB681B6822F4806255
:10BDD0001A60FB681B681A69FB685B6AD2B21A704A
:10BDE000FB685B6A5A1CFB685A62FB681B8D013B4F
:10BDF0009AB2FB681A85FB685B8D9BB2013B9AB2D5
:10BE0000FB685A85FB681B8D002B7FF4B6AEFB6880
:10BE1000202283F83D20FB68002283F83E20FB6847
:10BE2000002283F83C20002300E002231846283734
:10BE3000BD4680BD0400010080B58AB002AFF86045
:10BE4000B9603B601346FB80FFF7DAF9F861FB68E5
:10BE500093F83D30DBB2202B40F0FB80BB68002B19
:10BE600002D0FB88002B01D10123F3E0FB6893F89B
:10BE70003C30012B01D10223ECE0FB68012283F866
:10BE80003C20FB681B681B6803F00103012B07D0F3
:10BE9000FB681B681A68FB681B6842F001021A60A5
:10BEA000FB681B681A68FB681B6822F400621A6052
:10BEB000FB68212283F83D20FB68202283F83E2086
:10BEC000FB6800221A64FB68BA685A62FB68FA8849
:10BED0005A85FB685B8D9AB2FB681A85FB685F4ADE
:10BEE000DA62FB681B681A68FB681B6842F48062B0
:10BEF0001A60FB6900933B6800225949F86805F015
:10BF000013FA0346002B01D00123A3E00023BB61F9
:10BF1000FB681B685B69BB61FB681B689B69BB6155
:10BF2000BB69FB681B69B3F5404F65D1FB690093A2
:10BF30003B6800224A49F86805F0F6F90346002BF1
:10BF400001D0012386E000237B61FB681B685B69ED
:10BF50007B61FB681B689B697B617B694CE0FA69CC
:10BF60003968F86805F0FAFA0346002B09D0FB6837
:10BF70001B681A68FB681B6822F480621A60012340
:10BF800068E0FB685B6A1A78FB681B681A61FB68EB
:10BF90005B6A5A1CFB685A62FB685B8D9BB2013B73
:10BFA0009AB2FB685A85FB681B8D013B9AB2FB680D
:10BFB0001A85FB681B685B6903F00403042B1BD123
:10BFC000FB681B8D002B17D0FB685B6A1A78FB6837
:10BFD0001B681A61FB685B6A5A1CFB685A62FB6843
:10BFE0005B8D9BB2013B9AB2FB685A85FB681B8D47
:10BFF000013B9AB2FB681A85FB681B8D002BAED102
:10C00000FB6900933B6800224FF48231F86805F029
:10C010008BF90346002B01D001231BE0FB681B6852
:10C020006FF480625A61FB681B681A68FB681B68C2
:10C0300022F480621A60FB68202283F83D20FB68AE
:10C04000002283F83E20FB68002283F83C20002376
:10C0500000E0022318462037BD4680BD0000FFFFE8
:10C060000200010080B58AB002AFF860B9603B60A1
:10C070001346FB80FFF7C4F8F861FB6893F83D3086
:10C08000DBB2202B40F0EE80BB68002B02D0FB8897
:10C09000002B01D10123E6E0FB6893F83C30012B33
:10C0A00001D10223DFE0FB68012283F83C20FB681A
:10C0B0001B681B6803F00103012B07D0FB681B689A
:10C0C0001A68FB681B6842F001021A60FB681B6873
:10C0D0001A68FB681B6822F400621A60FB6822225F
:10C0E00083F83D20FB68202283F83E20FB68002275
:10C0F0001A64FB68BA685A62FB68FA885A85FB685A
:10C100005B8D9AB2FB681A85FB68594ADA62FB6854
:10C110001B681A68FB681B6842F480621A60FB693E
:10C1200000933B6800225349F86805F0FDF8034688
:10C13000002B01D0012396E00023BB61FB681B6844
:10C140005B69BB61FB681B689B69BB61BB694EE0B7
:10C15000FA693968F86805F007FB0346002B09D037
:10C16000FB681B681A68FB681B6822F480621A600F
:10C17000012378E0FB681B681A69FB685B6AD2B22E
:10C180001A70FB685B6A5A1CFB685A62FB681B8D5D
:10C19000013B9AB2FB681A85FB685B8D9BB2013B41
:10C1A0009AB2FB685A85FB681B685B6903F004035D
:10C1B000042B1CD1FB681B8D002B18D0FB681B685F
:10C1C0001A69FB685B6AD2B21A70FB685B6A5A1C18
:10C1D000FB685A62FB681B8D013B9AB2FB681A85AB
:10C1E000FB685B8D9BB2013B9AB2FB685A85FB688A
:10C1F0001B8D002BACD1FA693968F86805F03EFA5E
:10C200000346002B09D0FB681B681A68FB681B6893
:10C2100022F480621A60012325E000237B61FB6821
:10C220001B685B697B61FB681B681A68FB681B689D
:10C2300042F001021A607B69FB681B681A68FB68A0
:10C240001B6822F480621A60FB68202283F83D207C
:10C25000FB68002283F83E20FB68002283F83C2024
:10C26000002300E0022318462037BD4680BD00BFF2
:10C270000000FFFF0200010080B487B000AFF8604B
:10C280007A601A460B467B8113463B8100237B6113
:10C29000FB6893F83D30DBB2202B40F08180444BAB
:10C2A0001B68DB08434AA2FB03231A0A13469B00C0
:10C2B00013449A0013447B617B69013B7B617B697A
:10C2C000002B12D1FB6800221A63FB68202283F83E
:10C2D0003D20FB68002283F83E20FB681B6C43F086
:10C2E0002002FB681A6402235BE0FB681B689B6901
:10C2F00003F00203022BDFD0FB6893F83C30012BE4
:10C3000001D102234DE0FB68012283F83C20FB6849
:10C310001B681B6803F00103012B07D0FB681B6837
:10C320001A68FB681B6842F001021A60FB681B6810
:10C330001A68FB681B6822F400621A60FB682122FD
:10C3400083F83D20FB68102283F83E20FB68002222
:10C350001A64FB687A685A62FB683A895A85FB68F6
:10C360005B8D9AB2FB681A85FB68134ADA627A8998
:10C37000FB685A64FB68002283F83C20FB681B685A
:10C380005A68FB681B6842F4E0625A60FB681B68ED
:10C390001A68FB681B6842F480721A60002300E090
:10C3A000022318461C37BD465DF8047B704700BF6A
:10C3B0002000002089B5F8140000FFFF80B487B08A
:10C3C00000AFF8607A601A460B467B8113463B81CA
:10C3D00000237B61FB6893F83D30DBB2202B40F0FB
:10C3E0008980484B1B68DB08474AA2FB03231A0AD3
:10C3F00013469B0013449A0013447B617B69013B05
:10C400007B617B69002B12D1FB6800221A63FB68F9
:10C41000202283F83D20FB68002283F83E20FB6841
:10C420001B6C43F02002FB681A64022363E0FB6884
:10C430001B689B6903F00203022BDFD0FB6893F8B3
:10C440003C30012B01D1022355E0FB68012283F827
:10C450003C20FB681B681B6803F00103012B07D01D
:10C46000FB681B681A68FB681B6842F001021A60CF
:10C47000FB681B681A68FB681B6822F400621A607C
:10C48000FB68222283F83D20FB68102283F83E20BF
:10C49000FB6800221A64FB687A685A62FB683A8972
:10C4A0005A85FB685B8D9AB2FB681A85FB68174A50
:10C4B000DA627A89FB685A64FB68002283F83C20C0
:10C4C000FB681B685A68FB681B6842F4E0625A60AC
:10C4D000FB681B681A68FB681B6842F480621A607C
:10C4E000FB681B681A68FB681B6842F480721A605C
:10C4F000002300E0022318461C37BD465DF8047B8C
:10C50000704700BF2000002089B5F8140000FFFF2D
:10C5100080B485B000AFF860B9601346FB80FB685B
:10C5200093F83D30DBB2202B58D1BB68002B02D0F2
:10C53000FB88002B01D1012351E0FB6893F83C30CC
:10C54000012B01D102234AE0FB68012283F83C2041
:10C55000FB681B681B6803F00103012B07D0FB6815
:10C560001B681A68FB681B6842F001021A60FB68CE
:10C570001B681A68FB681B6822F400621A60FB687B
:10C58000212283F83D20FB68202283F83E20FB68AF
:10C5900000221A64FB68BA685A62FB68FA885A85F6
:10C5A000FB685B8D9AB2FB681A85FB680F4ADA62FA
:10C5B000FB681B681A68FB681B6842F480621A609B
:10C5C000FB68002283F83C20FB681B685A68FB6804
:10C5D0001B6842F4E0625A60002300E00223184620
:10C5E0001437BD465DF8047B704700BF0000FFFFB5
:10C5F00080B485B000AFF860B9601346FB80FB687B
:10C6000093F83D30DBB2202B58D1BB68002B02D011
:10C61000FB88002B01D1012351E0FB6893F83C30EB
:10C62000012B01D102234AE0FB68012283F83C2060
:10C63000FB681B681B6803F00103012B07D0FB6834
:10C640001B681A68FB681B6842F001021A60FB68ED
:10C650001B681A68FB681B6822F400621A60FB689A
:10C66000222283F83D20FB68202283F83E20FB68CD
:10C6700000221A64FB68BA685A62FB68FA885A8515
:10C68000FB685B8D9AB2FB681A85FB680F4ADA6219
:10C69000FB681B681A68FB681B6842F480621A60BA
:10C6A000FB68002283F83C20FB681B685A68FB6823
:10C6B0001B6842F4E0625A60002300E0022318463F
:10C6C0001437BD465DF8047B704700BF0000FFFFD4
:10C6D00080B586B000AFF8607A601A460B467B8161
:10C6E00013463B8100233B61FB6893F83D30DBB28E
:10C6F000202B40F00981874B1B68DB08864AA2FB90
:10C7000003231A0A13469B0013449A0013443B6107
:10C710003B69013B3B613B69002B12D1FB68002266
:10C720001A63FB68202283F83D20FB68002283F80F
:10C730003E20FB681B6C43F02002FB681A64022356
:10C74000E3E0FB681B689B6903F00203022BDFD068
:10C75000FB6893F83C30012B01D10223D5E0FB6844
:10C76000012283F83C20FB681B681B6803F001036F
:10C77000012B07D0FB681B681A68FB681B6842F036
:10C7800001021A60FB681B681A68FB681B6822F4C8
:10C7900000621A60FB68212283F83D20FB681022AA
:10C7A00083F83E20FB6800221A64FB687A685A62AC
:10C7B000FB683A895A85FB685B8D9AB2FB681A85DB
:10C7C000FB68564ADA627A89FB685A64FB681B8DFB
:10C7D000002B7BD0FB685B6B002B2AD0FB685B6B6C
:10C7E0004F4ADA63FB685B6B4E4ADA64FB685B6B4B
:10C7F00000221A64FB685B6B00225A64FB685B6B67
:10C8000000229A64FB685B6B00221A65FB68586B18
:10C81000FB685B6A1946FB681B6810331A46FB68A5
:10C820001B8D07F050FC0346FB75FB7D002B39D1B7
:10C8300013E0FB68202283F83D20FB68002283F888
:10C840003E20FB681B6C43F08002FB681A64FB68A7
:10C85000002283F83C20012357E0FB68002283F884
:10C860003C20FB681B685A68FB681B6842F44072F6
:10C870005A60FB681B685A68FB681B6842F40062D8
:10C880005A60FB681B681A68FB681B6842F4806288
:10C890001A60FB681B681A68FB681B6842F48072A8
:10C8A0001A602FE0FB68202283F83D20FB680022FD
:10C8B00083F83E20FB681B6C43F01002FB681A648F
:10C8C000FB68002283F83C2001231EE0FB681B6804
:10C8D0001A68FB681B6842F480621A60FB681B6878
:10C8E0001A68FB681B6842F480721A60FB680022B9
:10C8F00083F83C20FB681B685A68FB681B6842F49D
:10C90000E0625A60002300E0022318461837BD4653
:10C9100080BD00BF2000002089B5F8140000FFFF93
:10C92000A10F01085F11010880B586B000AFF86063
:10C930007A601A460B467B8113463B8100233B619C
:10C94000FB6893F83D30DBB2202B40F00981874B28
:10C950001B68DB08864AA2FB03231A0A13469B00C6
:10C9600013449A0013443B613B69013B3B613B69C3
:10C97000002B12D1FB6800221A63FB68202283F887
:10C980003D20FB68002283F83E20FB681B6C43F0CF
:10C990002002FB681A640223E3E0FB681B689B69C2
:10C9A00003F00203022BDFD0FB6893F83C30012B2D
:10C9B00001D10223D5E0FB68012283F83C20FB680B
:10C9C0001B681B6803F00103012B07D0FB681B6881
:10C9D0001A68FB681B6842F001021A60FB681B685A
:10C9E0001A68FB681B6822F400621A60FB68222246
:10C9F00083F83D20FB68102283F83E20FB6800226C
:10CA00001A64FB687A685A62FB683A895A85FB683F
:10CA10005B8D9AB2FB681A85FB68564ADA627A899E
:10CA2000FB685A64FB681B8D002B7BD0FB689B6BFB
:10CA3000002B2AD0FB689B6B4F4ADA63FB689B6B29
:10CA40004E4ADA64FB689B6B00221A64FB689B6B9E
:10CA500000225A64FB689B6B00229A64FB689B6B04
:10CA600000221A65FB68986BFB681B681033194637
:10CA7000FB685B6A1A46FB681B8D07F024FB0346C4
:10CA8000FB75FB7D002B39D113E0FB68202283F876
:10CA90003D20FB68002283F83E20FB681B6C43F0BE
:10CAA0008002FB681A64FB68002283F83C200123A3
:10CAB00057E0FB681B681A68FB681B6842F48062D9
:10CAC0001A60FB681B681A68FB681B6842F4807276
:10CAD0001A60FB68002283F83C20FB681B685A68D8
:10CAE000FB681B6842F440725A60FB681B685A6816
:10CAF000FB681B6842F400625A602FE0FB6820224A
:10CB000083F83D20FB68002283F83E20FB681B6C05
:10CB100043F01002FB681A64FB68002283F83C2093
:10CB200001231EE0FB68002283F83C20FB681B68A1
:10CB30005A68FB681B6842F4E0625A60FB681B6835
:10CB40001A68FB681B6842F480621A60FB681B6805
:10CB50001A68FB681B6842F480721A60002300E0C8
:10CB6000022318461837BD4680BD00BF20000020B4
:10CB700089B5F8140000FFFFA10F01085F1101083B
:10CB800080B586B000AFF860B9601346FB80FB68E3
:10CB900093F83D30DBB2202B40F0B880BB68002B0F
:10CBA00002D0FB88002B01D10123B0E0FB6893F891
:10CBB0003C30012B01D10223A9E0FB68012283F85C
:10CBC0003C20FB681B681B6803F00103012B07D0A6
:10CBD000FB681B681A68FB681B6842F001021A6058
:10CBE000FB681B681A68FB681B6822F400621A6005
:10CBF000FB68212283F83D20FB68202283F83E2039
:10CC0000FB6800221A64FB68BA685A62FB68FA88FB
:10CC10005A85FB685B8D9AB2FB681A85FB683E4AB1
:10CC2000DA62FB685B6B002B2AD0FB685B6B3B4ACC
:10CC3000DA63FB685B6B3A4ADA64FB685B6B002281
:10CC40001A64FB685B6B00225A64FB685B6B002212
:10CC50009A64FB685B6B00221A65FB68586BFB6883
:10CC60005B6A1946FB681B6810331A46FB681B8D0C
:10CC700007F029FA0346FB75FB7D002B32D113E048
:10CC8000FB68282283F83D20FB68002283F83E20C1
:10CC9000FB681B6C43F08002FB681A64FB6800228F
:10CCA00083F83C20012332E0FB681B681A68FB68AC
:10CCB0001B6842F480621A60FB68002283F83C2003
:10CCC000FB681B685A68FB681B6842F440725A6034
:10CCD000FB681B685A68FB681B6842F400625A6074
:10CCE000002314E0FB68202283F83D20FB6800222B
:10CCF00083F83E20FB681B6C43F01002FB681A644B
:10CD0000FB68002283F83C20012300E00223184640
:10CD10001837BD4680BD00BF0000FFFFA10F01080E
:10CD20005F11010880B586B000AFF860B9601346A6
:10CD3000FB80FB6893F83D30DBB2202B40F0B880DD
:10CD4000BB68002B02D0FB88002B01D10123B0E08F
:10CD5000FB6893F83C30012B01D10223A9E0FB686A
:10CD6000012283F83C20FB681B681B6803F0010369
:10CD7000012B07D0FB681B681A68FB681B6842F030
:10CD800001021A60FB681B681A68FB681B6822F4C2
:10CD900000621A60FB68222283F83D20FB68202293
:10CDA00083F83E20FB6800221A64FB68BA685A6266
:10CDB000FB68FA885A85FB685B8D9AB2FB681A8516
:10CDC000FB683E4ADA62FB689B6B002B2AD0FB684B
:10CDD0009B6B3B4ADA63FB689B6B3A4ADA64FB68FD
:10CDE0009B6B00221A64FB689B6B00225A64FB68F1
:10CDF0009B6B00229A64FB689B6B00221A65FB68A0
:10CE0000986BFB681B6810331946FB685B6A1A460F
:10CE1000FB681B8D07F057F90346FB75FB7D002B64
:10CE200032D113E0FB68282283F83D20FB68002202
:10CE300083F83E20FB681B6C43F08002FB681A6499
:10CE4000FB68002283F83C20012332E0FB681B686A
:10CE50001A68FB681B6842F480621A60FB68002253
:10CE600083F83C20FB681B685A68FB681B6842F427
:10CE700040725A60FB681B685A68FB681B6842F482
:10CE800000625A60002314E0FB68202283F83D20F2
:10CE9000FB68002283F83E20FB681B6C43F0100205
:10CEA000FB681A64FB68002283F83C20012300E041
:10CEB000022318461837BD4680BD00BF0000FFFFA3
:10CEC000A10F01085F11010880B588B002AFF860BA
:10CED000084611461A4603467B810B463B811346A2
:10CEE000FB80FEF78DF97861FB6893F83D30DBB28B
:10CEF000202B40F0D9807B690093192301226D49D2
:10CF0000F86804F011FA0346002B01D00223CCE0AC
:10CF1000FB6893F83C30012B01D10223C5E0FB688C
:10CF2000012283F83C20FB681B681B6803F00103A7
:10CF3000012B07D0FB681B681A68FB681B6842F06E
:10CF400001021A60FB681B681A68FB681B6822F400
:10CF500000621A60FB68212283F83D20FB684022B2
:10CF600083F83E20FB6800221A64FB683A6A5A6222
:10CF7000FB68BA8C5A85FB685B8D9AB2FB681A8590
:10CF8000FB684D4ADA62F8883A8979897B690193AE
:10CF9000BB6A00930346F86803F084FE0346002B47
:10CFA00052D0012381E07A69B96AF86804F0D6FAB0
:10CFB0000346002B0DD0FB681B6C042B07D1FB68CC
:10CFC0001B681A68FB681B6842F400721A60012330
:10CFD0006BE0FB685B6A1A78FB681B681A61FB6888
:10CFE0005B6A5A1CFB685A62FB681B8D013B9AB254
:10CFF000FB681A85FB685B8D9BB2013B9AB2FB68AC
:10D000005A85FB681B685B6903F00403042B1BD182
:10D01000FB681B8D002B17D0FB685B6A1A78FB68D6
:10D020001B681A61FB685B6A5A1CFB685A62FB68E2
:10D030001B8D013B9AB2FB681A85FB685B8D9BB226
:10D04000013B9AB2FB685A85FB681B8D002BAAD165
:10D050007A69B96AF86804F0C9FA0346002B0DD062
:10D06000FB681B6C042B07D1FB681B681A68FB6804
:10D070001B6842F400721A60012316E0FB681B680B
:10D080001A68FB681B6842F400721A60FB68202271
:10D0900083F83D20FB68002283F83E20FB680022D5
:10D0A00083F83C20002300E0022318461837BD46D1
:10D0B00080BD00BF020010000000FFFF80B58CB0F3
:10D0C00002AFF860084611461A4603467B810B46BC
:10D0D0003B811346FB80FEF793F87862FB6893F878
:10D0E0003D30DBB2202B40F014827B6A0093192381
:10D0F00001227B49F86804F017F90346002B01D0A0
:10D10000022307E2FB6893F83C30012B01D1022394
:10D1100000E2FB68012283F83C20FB681B681B6867
:10D1200003F00103012B07D0FB681B681A68FB683A
:10D130001B6842F001021A60FB681B681A68FB68F2
:10D140001B6822F400621A60FB68222283F83D20EB
:10D15000FB68402283F83E20FB6800221A64FB68CB
:10D160003A6B5A62FB68BA8E5A85FB685B8D9AB23D
:10D17000FB681A85FB685B4ADA62F8883A89798924
:10D180007B6A0193BB6B00930346F86803F020FEB3
:10D190000346002B01D00123BCE1FB681B8D002B53
:10D1A00013D100233B62FB681B685B693B62FB6831
:10D1B0001B689B693B623B6AFB681B681A68FB68DB
:10D1C0001B6842F400721A6090E1FB681B8D012B12
:10D1D0001BD1FB681B681A68FB681B6822F480621D
:10D1E0001A600023FB61FB681B685B69FB61FB68DD
:10D1F0001B689B69FB61FB69FB681B681A68FB681D
:10D200001B6842F400721A6070E1FB681B8D022BF0
:10D210001BD1FB681B681A68FB681B6822F48062DC
:10D220001A60FB681B681A68FB681B6842F400629E
:10D230001A600023BB61FB681B685B69BB61FB680C
:10D240001B689B69BB61BB6950E100237B61FB6884
:10D250001B685B697B61FB681B689B697B617B6901
:10D2600044E1FB681B8D032B00F2F180FB681B8DF2
:10D27000012B23D17A6AB96BF86804F075FA03467A
:10D28000002B01D0012345E1FB681B681A69FB688C
:10D290005B6AD2B21A70FB685B6A5A1CFB685A62FE
:10D2A000FB681B8D013B9AB2FB681A85FB685B8D9E
:10D2B0009BB2013B9AB2FB685A8517E1FB681B8D54
:10D2C000022B4ED17B6A0093BB6B00220649F868A3
:10D2D00004F02AF80346002B08D001231AE100BF0E
:10D2E000020010000000FFFF04000100FB681B6843
:10D2F0001A68FB681B6842F400721A60FB681B68BE
:10D300001A69FB685B6AD2B21A70FB685B6A5A1CC6
:10D31000FB685A62FB681B8D013B9AB2FB681A8559
:10D32000FB685B8D9BB2013B9AB2FB685A85FB6838
:10D330001B681A69FB685B6AD2B21A70FB685B6A89
:10D340005A1CFB685A62FB681B8D013B9AB2FB6852
:10D350001A85FB685B8D9BB2013B9AB2FB685A85CC
:10D36000C4E07B6A0093BB6B00226C49F86803F051
:10D37000DBFF0346002B01D00123CBE0FB681B68D9
:10D380001A68FB681B6822F480621A60FB681B68DD
:10D390001A69FB685B6AD2B21A70FB685B6A5A1C36
:10D3A000FB685A62FB681B8D013B9AB2FB681A85C9
:10D3B000FB685B8D9BB2013B9AB2FB685A857B6A26
:10D3C0000093BB6B00225549F86803F0ADFF03469C
:10D3D000002B01D001239DE0FB681B681A68FB68E5
:10D3E0001B6842F400721A60FB681B681A69FB68CC
:10D3F0005B6AD2B21A70FB685B6A5A1CFB685A629D
:10D40000FB681B8D013B9AB2FB681A85FB685B8D3C
:10D410009BB2013B9AB2FB685A85FB681B681A698C
:10D42000FB685B6AD2B21A70FB685B6A5A1CFB68C5
:10D430005A62FB681B8D013B9AB2FB681A85FB6838
:10D440005B8D9BB2013B9AB2FB685A854EE07A6ACB
:10D45000B96BF86804F088F90346002B01D001236A
:10D4600058E0FB681B681A69FB685B6AD2B21A70E5
:10D47000FB685B6A5A1CFB685A62FB681B8D013BA8
:10D480009AB2FB681A85FB685B8D9BB2013B9AB22E
:10D49000FB685A85FB681B685B6903F00403042B77
:10D4A00024D1FB681B8D032B07D1FB681B681A680E
:10D4B000FB681B6822F480621A60FB681B681A69AB
:10D4C000FB685B6AD2B21A70FB685B6A5A1CFB6825
:10D4D0005A62FB681B8D013B9AB2FB681A85FB6898
:10D4E0005B8D9BB2013B9AB2FB685A85FB681B8D32
:10D4F000002B7FF4B6AEFB68202283F83D20FB684A
:10D50000002283F83E20FB68002283F83C200023A1
:10D5100000E0022318462837BD4680BD0400010004
:10D5200080B487B000AFF860084611461A4603463B
:10D530007B810B463B811346FB8000237B61FB68AC
:10D5400093F83D30DBB2202B40F08A80484B1B68BB
:10D55000DB08484AA2FB03231A0A13469B00134424
:10D560009A0013447B617B69013B7B617B69002BE3
:10D5700012D1FB6800221A63FB68202283F83D2049
:10D58000FB68002283F83E20FB681B6C43F02002FE
:10D59000FB681A64022364E0FB681B689B6903F064
:10D5A0000203022BDFD0FB6893F83C30012B01D142
:10D5B000022356E0FB68012283F83C20FB681B68CD
:10D5C0001B6803F00103012B07D0FB681B681A6876
:10D5D000FB681B6842F001021A60FB681B681A684E
:10D5E000FB681B6822F400621A60FB68212283F842
:10D5F0003D20FB68402283F83E20FB6800221A642D
:10D60000FB683A6A5A62FB68BA8C5A85FB685B8D84
:10D610009AB2FB681A85FB68174ADA627A89FB6856
:10D620005A643A89FB689A64FA88FB68DA64FB6892
:10D6300000221A65FB681B681A68FB681B6842F4C5
:10D6400080721A60FB68002283F83C20FB681B682C
:10D650005A68FB681B6842F4E0625A60002300E0ED
:10D66000022318461C37BD465DF8047B704700BF97
:10D670002000002089B5F8140000FFFF80B487B0B7
:10D6800000AFF860084611461A4603467B810B46F8
:10D690003B811346FB8000237B61FB6893F83D30A0
:10D6A000DBB2202B40F096804E4B1B68DB084E4AC5
:10D6B000A2FB03231A0A13469B0013449A00134447
:10D6C0007B617B69013B7B617B69002B12D1FB682D
:10D6D00000221A63FB68202283F83D20FB680022A9
:10D6E00083F83E20FB681B6C43F02002FB681A6441
:10D6F000022370E0FB681B689B6903F00203022BA6
:10D70000DFD0FB6893F83C30012B01D1022362E0AB
:10D71000FB68012283F83C20FB681B681B6803F050
:10D720000103012B07D0FB681B681A68FB681B68A4
:10D7300042F001021A60FB681B681A68FB681B68EC
:10D7400022F400621A60FB68222283F83D20FB6805
:10D75000402283F83E20FB6800221A64FB683A6A84
:10D760005A62FB68BA8C5A85FB685B8D9AB2FB687B
:10D770001A85FB681D4ADA627A89FB685A643A891D
:10D78000FB689A64FA88FB68DA64FB6800221A6511
:10D79000FB681B681A68FB681B6842F480621A60A9
:10D7A000FB681B681A68FB681B6842F480721A6089
:10D7B000FB68002283F83C20FB681B8D002B07D000
:10D7C000FB681B685A68FB681B6842F4E0625A6099
:10D7D000002300E0022318461C37BD465DF8047B99
:10D7E000704700BF2000002089B5F8140000FFFF3B
:10D7F00080B58AB002AFF860084611461A46034663
:10D800007B810B463B811346FB8000237B61FDF748
:10D81000F7FCF861FB6893F83D30DBB2202B40F059
:10D8200036819D4B1B68DB089C4AA2FB03231A0A26
:10D8300013469B0013449A0013447B617B69013BB0
:10D840007B617B69002B12D1FB6800221A63FB68A5
:10D85000202283F83D20FB68002283F83E20FB68ED
:10D860001B6C43F02002FB681A64022310E1FB6882
:10D870001B689B6903F00203022BDFD0FB6893F85F
:10D880003C30012B01D1022302E1FB68012283F825
:10D890003C20FB681B681B6803F00103012B07D0C9
:10D8A000FB681B681A68FB681B6842F001021A607B
:10D8B000FB681B681A68FB681B6822F400621A6028
:10D8C000FB68212283F83D20FB68402283F83E203C
:10D8D000FB6800221A64FB68BA6A5A62FB68BA8D58
:10D8E0005A85FB685B8D9AB2FB681A85FB686C4AA7
:10D8F000DA627A89FB685A643A89FB689A64FA8822
:10D90000FB68DA64FB6800221A65FB681B8D002B3C
:10D9100000F0A980FB685B6B002B2AD0FB685B6B77
:10D92000604ADA63FB685B6B5F4ADA64FB685B6BD7
:10D9300000221A64FB685B6B00225A64FB685B6B15
:10D9400000229A64FB685B6B00221A65FB68586BC7
:10D95000FB685B6A1946FB681B6810331A46FB6854
:10D960001B8D06F0B0FB0346FB76FB7E002B66D1D9
:10D9700013E0FB68202283F83D20FB68002283F837
:10D980003E20FB681B6C43F08002FB681A64FB6856
:10D99000002283F83C2001237AE0F8883A897989CB
:10D9A000FB690193232300930346F86803F07AF997
:10D9B0000346002B22D0FB685B6B184606F04BFC3D
:10D9C0000346FB76FB685B6B0022DA63FB681B682F
:10D9D0001A68FB681B6822F480621A60FB680022E8
:10D9E0001A85FB6800225A85FB681B681A68FB6869
:10D9F0001B6822F001021A60012349E000233B6109
:10DA0000FB681B685B693B61FB681B689B693B614A
:10DA10003B69FB68002283F83C20FB681B685A685E
:10DA2000FB681B6842F480725A60FB681B685A6886
:10DA3000FB681B6842F400625A60002328E0FB6820
:10DA4000202283F83D20FB68002283F83E20FB68FB
:10DA50001B6C43F01002FB681A64FB68002283F819
:10DA60003C20012314E0FB68202283F83D20FB6862
:10DA7000002283F83E20FB681B6C43F04002FB68E9
:10DA80001A64FB68002283F83C20012300E0022393
:10DA900018462037BD4680BD2000002089B5F81407
:10DAA0000000FFFFA10F01085F11010880B58CB0D5
:10DAB00002AFF860084611461A4603467B810B46C2
:10DAC0003B811346FB80FDF79BFB78620023FB61E3
:10DAD000FB6893F83D30DBB2202B40F07281934B12
:10DAE0001B68DB08924AA2FB03231A0A13469B0019
:10DAF00013449A001344FB61FB69013BFB61FB6922
:10DB0000002B12D1FB6800221A63FB68202283F8E5
:10DB10003D20FB68002283F83E20FB681B6C43F02D
:10DB20002002FB681A6402234CE1FB681B689B69B6
:10DB300003F00203022BDFD0FB6893F83C30012B8B
:10DB400001D102233EE1FB68012283F83C20FB68FF
:10DB50001B681B6803F00103012B07D0FB681B68DF
:10DB60001A68FB681B6842F001021A60FB681B68B8
:10DB70001A68FB681B6822F400621A60FB682222A4
:10DB800083F83D20FB68402283F83E20FB6800229A
:10DB90001A64FB683A6B5A62FB68BA8E5A85FB6856
:10DBA0005B8D9AB2FB681A85FB68624ADA627A89F1
:10DBB000FB685A643A89FB689A64FA88FB68DA64FD
:10DBC000FB6800221A65FB681B8D002B00F0CC80DF
:10DBD000FB689B6B002B2DD0FB689B6B564ADA636E
:10DBE000FB689B6B554ADA64FB689B6B00221A64E6
:10DBF000FB689B6B00225A64FB689B6B00229A6453
:10DC0000FB689B6B00221A65FB68986BFB681B68BE
:10DC100010331946FB685B6A1A46FB681B8D06F0D9
:10DC200052FA034687F8233097F82330002B40F050
:10DC3000878013E0FB68202283F83D20FB680022E8
:10DC400083F83E20FB681B6C43F08002FB681A647B
:10DC5000FB68002283F83C200123B3E0F8883A896E
:10DC600079897B6A0193232300930346F86803F0C4
:10DC7000AFF80346002B23D0FB689B6B184606F0D9
:10DC8000EAFA034687F82330FB689B6B0022DA63CD
:10DC9000FB681B681A68FB681B6822F480621A60C4
:10DCA000FB6800221A85FB6800225A85FB681B6806
:10DCB0001A68FB681B6822F001021A60012381E0E8
:10DCC000FB681B8D012B08D1FB681B681A68FB6879
:10DCD0001B6822F480621A6007E0FB681B685A68C0
:10DCE000FB681B6842F480525A600023BB61FB68EA
:10DCF0001B685B69BB61FB681B689B69BB61BB6997
:10DD0000FB68002283F83C20FB681B685A68FB68AC
:10DD10001B6842F480725A60FB681B685A68FB6893
:10DD20001B6842F400625A6049E000BF20000020F6
:10DD300089B5F8140000FFFFA10F01085F11010869
:10DD4000FB68202283F83D20FB68002283F83E20F8
:10DD5000FB681B6C43F01002FB681A64FB6800222E
:10DD600083F83C2001232DE0F8883A8979897B6A81
:10DD70000193232300930346F86803F029F8034630
:10DD8000002B01D001231DE000237B61FB681B6891
:10DD90005B697B61FB681B689B697B617B69FB68D6
:10DDA0001B681A68FB681B6842F400721A60FB6803
:10DDB000202283F83D20FB68002283F83C200023CA
:10DDC00000E0022318462837BD4680BD80B58AB0E2
:10DDD00002AFF8607A603B600B467B81FDF710FA7A
:10DDE000F8610023BB61FB6893F83D30DBB2202B68
:10DDF00040F01181FB690093192301228849F868DA
:10DE000003F092FA0346002B01D0022304E1FB68E1
:10DE100093F83C30012B01D10223FDE0FB68012285
:10DE200083F83C20FB681B681B6803F00103012B8F
:10DE300007D0FB681B681A68FB681B6842F0010288
:10DE40001A60FB681B681A68FB681B6822F4006292
:10DE50001A60FB68242283F83D20FB6800221A64C4
:10DE6000FB68704ADA62FB681B681A68FB681B680B
:10DE700042F480721A60FB6900933B6800224FF005
:10DE80000111F86803F050FA0346002B0DD0FB682F
:10DE90001B681B6803F48073B3F5807F03D1FB68B4
:10DEA0004FF400721A640323B6E07B89DBB21A4692
:10DEB000FB681B6802F0FE021A61FDF7A1F9F86128
:10DEC000FB681B685B6903F00203022B0CBF012394
:10DED0000023DBB2FB75FB681B685B6903F480639E
:10DEE000B3F5806F0CBF01230023DBB2BB7525E0C7
:10DEF000FDF786F90246FB69D31A3A689A4202D3C3
:10DF00003B68002B03D1FB68A02283F83D20FB680F
:10DF10001B685B6903F00203022B0CBF0123002383
:10DF2000DBB2FB75FB681B685B6903F48063B3F5C8
:10DF3000806F0CBF01230023DBB2BB75FB6893F835
:10DF40003D30DBB2A02B05D0FB7D002B02D1BB7D89
:10DF5000002BCDD0FB68202283F83D20FB681B6896
:10DF60005B6903F00203022B29D1FB681B681A6866
:10DF7000FB681B6842F400721A6000233B61FB6877
:10DF80001B685B693B61FB681B689B693B613B6984
:10DF9000FB690093192301222149F86803F0C4F9B1
:10DFA0000346002B01D0012336E0FB68202283F8D2
:10DFB0003D20FB68002283F83C2000232CE0FB6816
:10DFC0001B681A68FB681B6842F400721A60FB68E1
:10DFD0001B686FF480625A61FB6900931923012268
:10DFE0000F49F86803F0A0F90346002B01D0012384
:10DFF00012E0BB690133BB61BA697B689A42FFF4E6
:10E0000032AFFB68202283F83D20FB68002283F8B2
:10E010003C20012300E0022318462037BD4680BD86
:10E02000020010000000FFFF80B487B000AFF8606E
:10E030007A601A460B467B8113463B8100237B6145
:10E0400000233B61FB6893F83D30DBB2202B40F0AE
:10E05000A280FB681B681B6803F40073B3F5007FA4
:10E0600005D03B6A082B02D03B6A012B2CD14D4BCB
:10E070001B68DB084C4AA2FB03231A0A13469B00C9
:10E0800013449A0013443B613B69013B3B613B698C
:10E09000002B12D1FB6800221A63FB68202283F850
:10E0A0003D20FB68002283F83E20FB681B6C43F098
:10E0B0002002FB681A6402236EE0FB681B689B6900
:10E0C00003F00203022BDFD0FB6893F83C30012BF6
:10E0D00001D1022360E0FB68012283F83C20FB6849
:10E0E0001B681B6803F00103012B07D0FB681B684A
:10E0F0001A68FB681B6842F001021A60FB681B6823
:10E100001A68FB681B6822F400621A60FB6821220F
:10E1100083F83D20FB68102283F83E20FB68002234
:10E120001A64FB687A685A62FB683A895A85FB6808
:10E130005B8D9AB2FB681A85FB683A6ADA627A8963
:10E14000FB685A64FB681B6B7B617B69112B0CD1EC
:10E150003B6AB3F52A0F03D03B6AB3F12A4F01D1D2
:10E16000012300E00023012B07D1FB681B681A681C
:10E17000FB681B6842F480721A60FB68002283F817
:10E180003C20FB681B685A68FB681B6842F4E0622D
:10E190005A60002300E0022318461C37BD465DF894
:10E1A000047B70472000002089B5F81480B588B042
:10E1B00000AFF8607A601A460B467B8113463B81BC
:10E1C0000023BB6100237B61FB6893F83D30DBB229
:10E1D000202B40F03C81FB681B681B6803F4007334
:10E1E000B3F5007F05D0BB6A082B02D0BB6A012BB8
:10E1F0002CD1994B1B68DB08984AA2FB03231A0A0F
:10E2000013469B0013449A0013447B617B69013BD6
:10E210007B617B69002B12D1FB6800221A63FB68CB
:10E22000202283F83D20FB68002283F83E20FB6813
:10E230001B6C43F02002FB681A64022308E1FB68B0
:10E240001B689B6903F00203022BDFD0FB6893F885
:10E250003C30012B01D10223FAE0FB68012283F854
:10E260003C20FB681B681B6803F00103012B07D0EF
:10E27000FB681B681A68FB681B6842F001021A60A1
:10E28000FB681B681A68FB681B6822F400621A604E
:10E29000FB68212283F83D20FB68102283F83E2092
:10E2A000FB6800221A64FB687A685A62FB683A8944
:10E2B0005A85FB685B8D9AB2FB681A85FB68BA6A5F
:10E2C000DA627A89FB685A64FB681B6BBB61FB6886
:10E2D0001B8D002B00F08D80FB685B6B002B22D028
:10E2E000FB685B6B5E4ADA63FB685B6B5D4ADA6412
:10E2F000FB685B6B00221A64FB685B6B00221A658B
:10E30000FB68586BFB685B6A1946FB681B68103337
:10E310001A46FB681B8D05F0D6FE0346FB77FB7F94
:10E32000002B52D113E0FB68202283F83D20FB68CC
:10E33000002283F83E20FB681B6C43F08002FB68E0
:10E340001A64FB68002283F83C20012380E0FB680C
:10E350001B681A68FB681B6842F480621A60BB691C
:10E36000112B0CD1BB6AB3F52A0F03D0BB6AB3F1F2
:10E370002A4F01D1012300E00023012B07D1FB68C4
:10E380001B681A68FB681B6842F480721A60FB689D
:10E39000002283F83C20BB6A042B05D0BB6A202BEB
:10E3A00002D0BB6A102B07D1FB681B685A68FB6858
:10E3B0001B6842F400625A60FB681B685A68FB687D
:10E3C0001B6842F440725A603FE0FB68202283F8E9
:10E3D0003D20FB68002283F83E20FB681B6C43F065
:10E3E0001002FB681A64FB68002283F83C200123BA
:10E3F0002EE0FB681B681A68FB681B6842F48062A9
:10E400001A60BB69112B0CD1BB6AB3F52A0F03D07C
:10E41000BB6AB3F12A4F01D1012300E00023012B95
:10E4200007D1FB681B681A68FB681B6842F480729E
:10E430001A60FB68002283F83C20FB681B685A685E
:10E44000FB681B6842F4E0625A60002300E002238C
:10E4500018462037BD4680BD2000002089B5F8143D
:10E46000A10F01085F11010880B489B000AFF86006
:10E470007A601A460B467B8113463B810023BB61C1
:10E4800000237B614FF4E063FB61FB6893F83D3050
:10E49000DBB2202B40F0D680FB681B681B6803F4BE
:10E4A0000073B3F5007F05D0BB6A082B02D0BB6AAE
:10E4B000012B2CD1674B1B68DB08674AA2FB0323A7
:10E4C0001A0A13469B0013449A0013447B617B692C
:10E4D000013B7B617B69002B12D1FB6800221A6330
:10E4E000FB68202283F83D20FB68002283F83E2051
:10E4F000FB681B6C43F02002FB681A640223A2E055
:10E50000FB681B689B6903F00203022BDFD0FB68EA
:10E5100093F83C30012B01D1022394E0FB680122E7
:10E5200083F83C20FB681B681B6803F00103012B88
:10E5300007D0FB681B681A68FB681B6842F0010281
:10E540001A60FB681B681A68FB681B6822F400628B
:10E550001A60FB68222283F83D20FB68102283F8B2
:10E560003E20FB6800221A64FB687A685A62FB68E6
:10E570003A895A85FB685B8D9AB2FB681A85FB68FD
:10E58000BA6ADA627A89FB685A64FB681B6BBB6102
:10E59000FB685B8D9BB2022B26D1BB6A202B02D07D
:10E5A000BB6A102B20D1BB69122B14D1FB681B68EE
:10E5B0001A68FB681B6822F480621A60FB681B689B
:10E5C0001A68FB681B6842F400621A60FB6923F456
:10E5D0008063FB6110E0FB681B681A68FB681B68BE
:10E5E00042F480621A6007E0FB681B681A68FB68E7
:10E5F0001B6842F480621A60BB69122B0CD1BB6AA3
:10E60000B3F52A0F03D0BB6AB3F12A4F01D101231E
:10E6100000E00023012B07D1FB681B681A68FB6828
:10E620001B6842F480721A60FB68002283F83C2069
:10E63000FB681B685968FB681B68FA690A435A60E3
:10E64000002300E0022318462437BD465DF8047B12
:10E65000704700BF2000002089B5F81480B588B04D
:10E6600000AFF8607A601A460B467B8113463B8107
:10E6700000237B6100233B614FF4E063FB61FB6897
:10E6800093F83D30DBB2202B40F09581FB681B688E
:10E690001B6803F40073B3F5007F05D0BB6A082B39
:10E6A00002D0BB6A012B2CD18D4B1B68DB088D4A35
:10E6B000A2FB03231A0A13469B0013449A00134437
:10E6C0003B613B69013B3B613B69002B12D1FB681D
:10E6D00000221A63FB68202283F83D20FB68002299
:10E6E00083F83E20FB681B6C43F02002FB681A6431
:10E6F000022361E1FB681B689B6903F00203022BA4
:10E70000DFD0FB6893F83C30012B01D1022353E1A9
:10E71000FB68012283F83C20FB681B681B6803F040
:10E720000103012B07D0FB681B681A68FB681B6894
:10E7300042F001021A60FB681B681A68FB681B68DC
:10E7400022F400621A60FB681B685A68FB681B6849
:10E7500022F480525A60FB68222283F83D20FB6835
:10E76000102283F83E20FB6800221A64FB687A6856
:10E770005A62FB683A895A85FB685B8D9AB2FB68DE
:10E780001A85FB68BA6ADA627A89FB685A64FB68A0
:10E790001B6B7B61FB681B8D002B00F0DE80FB6830
:10E7A0005B8D9BB2022B2AD1BB6A202B02D0BB6AA5
:10E7B000102B24D17B69122B18D1FB681B681A68B7
:10E7C000FB681B6822F480621A60FB681B681A6889
:10E7D000FB681B6842F400621A60FB681B685A6899
:10E7E000FB681B6842F480525A6022E0FB681B6899
:10E7F0001A68FB681B6842F480621A6019E0FB68C3
:10E800001B681A68FB681B6842F480621A60BB6A66
:10E81000202B06D0BB6AB3F12A4F02D0BB6A102B63
:10E8200007D1FB681B685A68FB681B6842F480527A
:10E830005A60FB689B6B002B22D0FB689B6B2A4ABB
:10E84000DA63FB689B6B294ADA64FB689B6B0022E6
:10E850001A64FB689B6B00221A65FB68986BFB6867
:10E860001B6810331946FB685B6A1A46FB681B8DF0
:10E8700005F029FC0346FB76FB7E002B59D113E003
:10E88000FB68202283F83D20FB68002283F83E20AD
:10E89000FB681B6C43F08002FB681A64FB68002273
:10E8A00083F83C20012387E07B69122B0CD1BB6AE3
:10E8B000B3F52A0F03D0BB6AB3F12A4F01D101236C
:10E8C00000E00023012B13D1FB681B681A68FB686A
:10E8D0001B6842F480721A604FF44073FB610AE0D7
:10E8E0002000002089B5F814A10F01085F1101086C
:10E8F0004FF48073FB61FB68002283F83C20BB6A05
:10E90000042B05D0BB6A202B02D0BB6A102B07D189
:10E91000FB681B685A68FB681B6842F400625A6017
:10E92000FB681B685968FB681B68FA690A435A60F0
:10E930003FE0FB68202283F83D20FB68002283F83B
:10E940003E20FB681B6C43F01002FB681A64FB68F6
:10E95000002283F83C2001232EE0FB681B681A6824
:10E96000FB681B6842F480621A607B69122B0CD131
:10E97000BB6AB3F52A0F03D0BB6AB3F12A4F01D1AA
:10E98000012300E00023012B07D1FB681B681A68F4
:10E99000FB681B6842F480721A60FB68002283F8EF
:10E9A0003C20FB681B685968FB681B68FA690A43CE
:10E9B0005A60002300E0022318462037BD4680BD80
:10E9C00080B487B000AFF860B9603B601346FB804D
:10E9D000FB6893F83D30DBB203F02803282B5BD1B2
:10E9E000BB68002B02D0FB88002B01D1012354E02F
:10E9F000FB6893F83C30012B01D102234DE0FB680A
:10EA0000012283F83C20FB681B681B6803F00103AC
:10EA1000012B07D0FB681B681A68FB681B6842F073
:10EA200001021A60FB681B681A68FB681B6822F405
:10EA300000621A60FB68292283F83D20FB682022CF
:10EA400083F83E20FB6800221A64FB68BA685A62A9
:10EA5000FB68FA885A85FB685B8D9AB2FB681A8559
:10EA6000FB683A68DA6200237B61FB681B685B69BC
:10EA70007B61FB681B689B697B617B69FB6800228B
:10EA800083F83C20FB681B685A68FB681B6842F4EB
:10EA9000E0625A60002300E0022318461C37BD469E
:10EAA0005DF8047B7047000080B586B000AFF86069
:10EAB000B9603B601346FB80FB6893F83D30DBB2E6
:10EAC00003F02803282B40F01E81BB68002B02D0E6
:10EAD000FB88002B01D1012316E1FB6893F83C3041
:10EAE000012B01D102230FE1FB68012283F83C20B6
:10EAF000FB681B685A68FB681B6822F440725A6006
:10EB0000FB6893F83D30DBB22A2B27D1FB681B68EA
:10EB10005B6803F40063B3F5006F4CD1FB689B6B3B
:10EB2000002B48D0FB681B685A68FB681B6822F4FE
:10EB300000625A60FB689B6B754A1A65FB689B6BA9
:10EB4000184605F088FB0346002B34D0FB689B6B0E
:10EB50001B6DFA68926B104698472CE0FB6893F89F
:10EB60003D30DBB2292B26D1FB681B685B6803F4C0
:10EB70000063B3F5006F1ED1FB681B685A68FB6821
:10EB80001B6822F400625A60FB685B6B002B12D09A
:10EB9000FB685B6B5E4A1A65FB685B6B184605F0A9
:10EBA0005AFB0346002B06D0FB685B6B1B6DFA68B3
:10EBB000526B10469847FB681B681B6803F0010303
:10EBC000012B07D0FB681B681A68FB681B6842F0C2
:10EBD00001021A60FB681B681A68FB681B6822F454
:10EBE00000621A60FB68292283F83D20FB6820221E
:10EBF00083F83E20FB6800221A64FB68BA685A62F8
:10EC0000FB68FA885A85FB685B8D9AB2FB681A85A7
:10EC1000FB683A68DA62FB685B6B002B22D0FB680A
:10EC20005B6B3C4ADA63FB685B6B3B4ADA64FB680C
:10EC30005B6B00221A64FB685B6B00221A65FB6841
:10EC4000586BFB685B6A1946FB681B6810331A46F1
:10EC5000FB681B8D05F037FA0346FB75FB7D002B27
:10EC60003DD113E0FB68282283F83D20FB68002299
:10EC700083F83E20FB681B6C43F08002FB681A643B
:10EC8000FB68002283F83C2001233DE0FB681B6801
:10EC90001A68FB681B6842F480621A6000233B61BB
:10ECA000FB681B685B693B61FB681B689B693B6198
:10ECB0003B69FB68002283F83C20FB681B685A68AC
:10ECC000FB681B6842F440725A60FB681B685A6814
:10ECD000FB681B6842F400625A60002314E0FB6882
:10ECE000202283F83D20FB68002283F83E20FB6849
:10ECF0001B6C43F01002FB681A64FB68002283F867
:10ED00003C20012300E0022318461837BD4680BD91
:10ED1000D9110108A10F01085F11010880B487B063
:10ED200000AFF860B9603B601346FB80FB6893F866
:10ED30003D30DBB203F02803282B5BD1BB68002BEE
:10ED400002D0FB88002B01D1012354E0FB6893F82B
:10ED50003C30012B01D102234DE0FB68012283F8F6
:10ED60003C20FB681B681B6803F00103012B07D0E4
:10ED7000FB681B681A68FB681B6842F001021A6096
:10ED8000FB681B681A68FB681B6822F400621A6043
:10ED9000FB682A2283F83D20FB68202283F83E206E
:10EDA000FB6800221A64FB68BA685A62FB68FA883A
:10EDB0005A85FB685B8D9AB2FB681A85FB683A68D6
:10EDC000DA6200237B61FB681B685B697B61FB681F
:10EDD0001B689B697B617B69FB68002283F83C2090
:10EDE000FB681B685A68FB681B6842F4E0625A6063
:10EDF000002300E0022318461C37BD465DF8047B63
:10EE00007047000080B586B000AFF860B9603B6025
:10EE10001346FB80FB6893F83D30DBB203F0280318
:10EE2000282B40F01E81BB68002B02D0FB88002BF2
:10EE300001D1012316E1FB6893F83C30012B01D18D
:10EE400002230FE1FB68012283F83C20FB681B686A
:10EE50005A68FB681B6822F440725A60FB6893F89A
:10EE60003D30DBB22A2B27D1FB681B685B6803F4BB
:10EE70000063B3F5006F4CD1FB689B6B002B48D04F
:10EE8000FB681B685A68FB681B6822F400625A60C2
:10EE9000FB689B6B754A1A65FB689B6B184605F00F
:10EEA000DAF90346002B34D0FB689B6B1B6DFA68C4
:10EEB000926B104698472CE0FB6893F83D30DBB22C
:10EEC000292B26D1FB681B685B6803F40063B3F54C
:10EED000006F1ED1FB681B685A68FB681B6822F430
:10EEE00000625A60FB685B6B002B12D0FB685B6BA7
:10EEF0005E4A1A65FB685B6B184605F0ACF9034681
:10EF0000002B06D0FB685B6B1B6DFA68526B1046DA
:10EF10009847FB681B681B6803F00103012B07D0AF
:10EF2000FB681B681A68FB681B6842F001021A60E4
:10EF3000FB681B681A68FB681B6822F400621A6091
:10EF4000FB682A2283F83D20FB68202283F83E20BC
:10EF5000FB6800221A64FB68BA685A62FB68FA8888
:10EF60005A85FB685B8D9AB2FB681A85FB683A6824
:10EF7000DA62FB689B6B002B22D0FB689B6B3C4AE0
:10EF8000DA63FB689B6B3B4ADA64FB689B6B00228D
:10EF90001A64FB689B6B00221A65FB68986BFB6820
:10EFA0001B6810331946FB685B6A1A46FB681B8DA9
:10EFB00005F089F80346FB75FB7D002B3DD113E07E
:10EFC000FB68282283F83D20FB68002283F83E205E
:10EFD000FB681B6C43F08002FB681A64FB6800222C
:10EFE00083F83C2001233DE0FB681B681A68FB683E
:10EFF0001B6842F480621A6000233B61FB681B6857
:10F000005B693B61FB681B689B693B613B69FB6813
:10F01000002283F83C20FB681B685A68FB681B6869
:10F0200042F400625A60FB681B685A68FB681B6800
:10F0300042F440725A60002314E0FB68202283F8F7
:10F040003D20FB68002283F83E20FB681B6C43F0E8
:10F050001002FB681A64FB68002283F83C2001233D
:10F0600000E0022318461837BD4680BDD9110108BB
:10F07000A10F01085F11010880B483B000AF786070
:10F080007B6893F83D30DBB2202B24D17B682822AB
:10F0900083F83D207B681B681B6803F00103012B8C
:10F0A00007D07B681B681A687B681B6842F0010206
:10F0B0001A607B681B681A687B681B6842F4806270
:10F0C0001A607B681B685A687B681B6842F4407250
:10F0D0005A60002300E0022318460C37BD465DF855
:10F0E000047B704780B485B000AF78607B6893F88C
:10F0F0003D30DBB2282B29D17B6893F83D30DBB261
:10F1000003F00303FB607B6893F83E30DBB21A46E2
:10F11000FB681A437B681A637B68202283F83D20D2
:10F120007B68002283F83E207B681B681A687B6836
:10F130001B6822F480621A607B681B685A687B68CF
:10F140001B6822F440725A60002300E00223184634
:10F150001437BD465DF8047B704780B584B000AFBE
:10F1600078600B467B807B6893F83E30FB737B684E
:10F170001B689B6903F00203022B3BD1FB7B102B26
:10F1800002D0FB7B402B35D17B6893F83C30012BC0
:10F1900001D102232FE07B68012283F83C207B68A9
:10F1A00000221A637B68602283F83D207B681B681D
:10F1B0001A687B681B6822F480621A607B681B688F
:10F1C0001A687B681B6842F400721A607B68002230
:10F1D0005A857B681B685A687B681B6822F4E0626A
:10F1E0005A607B68002283F83C20786801F0D8FAE6
:10F1F000002300E0012318461037BD4680BD80B5CE
:10F2000088B000AF78600023BB617B681B685B68D7
:10F210007B617B68DB6A3B617B6893F83E30FB7304
:10F220007B6893F83D30BB73FB7B102B03D0FB7BDB
:10F23000402B40F0B1807B681B689B69BB617B6899
:10F240001B685B69FB61FB6903F00103002B0DD1B7
:10F250003B69B3F52A0F03D03B69B3F12A4F01D1C3
:10F26000012300E00023012B00F01481FB6903F06F
:10F270000103002B0BD07B6903F40073002B06D035
:10F28000786802F0FDFA786800F09EFD83E0FB6983
:10F2900003F00803002B08D07B6903F40073002BF4
:10F2A00003D0786800F016FE75E0FB6903F00203F6
:10F2B000002B08D07B6903F40073002B03D078681F
:10F2C00000F032FE67E0BB6903F00403002B36D088
:10F2D0007B681B685B6803F40063B3F5006F00F0A4
:10F2E000DB80FB6903F08003002B0DD07B6903F406
:10F2F0008063002B08D0FB6903F00403002B03D1CB
:10F30000786800F0FEF946E0FB6903F00403002B87
:10F3100000F0C2807B6903F40073002B00F0BC8016
:10F32000BB7B212B03D1786800F087FAB4E0FB7B2C
:10F33000402B40F0B180786800F0F5FAACE07B68D3
:10F340001B685B6803F40063B3F5006F00F0A480F2
:10F35000FB6903F04003002B0DD07B6903F480634D
:10F36000002B08D0FB6903F00403002B03D178685D
:10F3700000F071FB0FE0FB6903F00403002B00F0C9
:10F380008B807B6903F40073002B00F08580786824
:10F3900000F029FC80E07FE07B681B6C002B04D030
:10F3A0007B681B685B69FB6107E07B681B689B6986
:10F3B000BB617B681B685B69FB61FB6903F002034F
:10F3C000002B11D07B6903F40073002B0CD07B68F9
:10F3D0001B6C002B03D07B681B689B69BB61B96900
:10F3E000786800F0F0FF5AE0FB6903F01003002B8F
:10F3F00008D07B6903F40073002B03D0786801F018
:10F400002BF84CE0BB7B212B02D0BB7B292B20D1DE
:10F41000FB6903F08003002B0DD07B6903F480634C
:10F42000002B08D0FB6903F00403002B03D178689C
:10F4300000F00BFF32E0FB6903F00403002B2DD03A
:10F440007B6903F40073002B28D0786800F03AFF42
:10F4500024E0FB6903F04003002B0DD07B6903F42B
:10F460008063002B08D0FB6903F00403002B03D159
:10F47000786800F048FF12E0FB6903F00403002BFA
:10F480000DD07B6903F40073002B08D0786800F07E
:10F4900078FF04E000BF02E000BF00E000BF2037BB
:10F4A000BD4680BD80B58AB000AF78607B681B68C0
:10F4B0005B693B627B681B685B68FB6100237B6266
:10F4C0007B6893F83E30FB763B6A03F48073002B35
:10F4D0000DD0FB6903F48073002B08D07B6A43F0E6
:10F4E00001037B627B681B686FF480725A613B6A20
:10F4F00003F40073002B0DD0FB6903F48073002B21
:10F5000008D07B6A43F002037B627B681B686FF460
:10F5100000725A613B6A03F48063002B3ED0FB69A2
:10F5200003F48073002B39D0FB7EBB767B685B8D48
:10F530009BB27B617B6893F83D30FB747B681B6BEF
:10F54000FB60BB7E202B12D17B69002B0FD1FB7C93
:10F55000212B08D0FB7C292B05D0FB7C282B06D146
:10F56000FB68212B03D1786801F0A6F816E07B68D0
:10F570001B686FF480625A617B6A43F004037B620C
:10F58000FB7E102B02D0FB7E402B07D17B681B68D3
:10F590001A687B681B6842F400721A603B6A03F4C5
:10F5A0000063002B0DD0FB6903F48073002B08D09F
:10F5B0007B6A43F008037B627B681B686FF4006220
:10F5C0005A617B6A002B08D07B681A6C7B6A1A43ED
:10F5D0007B681A64786801F0E3F800BF2837BD46FD
:10F5E00080BD80B483B000AF786000BF0C37BD46EB
:10F5F0005DF8047B704780B483B000AF786000BFD3
:10F600000C37BD465DF8047B704780B483B000AF13
:10F61000786000BF0C37BD465DF8047B704780B44E
:10F6200083B000AF786000BF0C37BD465DF8047B47
:10F63000704780B483B000AF78600B46FB70134610
:10F640003B8000BF0C37BD465DF8047B704780B43B
:10F6500083B000AF786000BF0C37BD465DF8047B17
:10F66000704780B483B000AF786000BF0C37BD46F0
:10F670005DF8047B704780B483B000AF786000BF52
:10F680000C37BD465DF8047B704780B483B000AF93
:10F69000786000BF0C37BD465DF8047B704780B4CE
:10F6A00083B000AF786000BF0C37BD465DF8047BC7
:10F6B000704780B483B000AF78607B6893F83D30CA
:10F6C000DBB218460C37BD465DF8047B704780B44A
:10F6D00083B000AF78607B6893F83E30DBB21846A9
:10F6E0000C37BD465DF8047B704780B483B000AF33
:10F6F00078607B681B6C18460C37BD465DF8047B50
:10F70000704780B584B000AF78607B6893F83D3077
:10F71000FB737B6893F83E30BB737B68DB6ABB602E
:10F720007B681B8D002B50D1FB7B212B4DD1BB68FF
:10F73000082B1DD0BB68202B1AD0BB6813F5803F67
:10F7400016D07B681B685A687B681B6822F4E062ED
:10F750005A607B6811221A637B68002283F83E207E
:10F760007B68202283F83D207868FFF73AFF60E04D
:10F770007B681B685A687B681B6822F4E0625A60E9
:10F780007B681B681A687B681B6842F400721A6009
:10F790007B6800221A637B68202283F83D207B6807
:10F7A00093F83E30DBB2402B07D17B68002283F810
:10F7B0003E207868FFF755FF3BE07B68002283F826
:10F7C0003E207868FFF70DFF33E0FB7B212B05D04F
:10F7D000BB7B402B2DD1FB7B222B2AD17B685B8D01
:10F7E0009BB2002B08D17B681B685A687B681B683A
:10F7F00022F480625A601CE07B6893F83E30DBB2F2
:10F80000402B03D1786800F08EF812E07B685B6AC9
:10F810001A787B681B681A617B685B6A5A1C7B6874
:10F820005A627B685B8D9BB2013B9AB27B685A85BA
:10F83000FFE700BF1037BD4680BD80B584B000AF84
:10F8400078607B68DB6AFB607B6893F83D30DBB2F5
:10F85000212B64D17B685B8D9BB2002B12D07B681F
:10F860005B6A1A787B681B681A617B685B6A5A1C42
:10F870007B685A627B685B8D9BB2013B9AB27B6866
:10F880005A854CE0FB68082B1DD0FB68202B1AD052
:10F89000FB6813F5803F16D07B681B685A687B684D
:10F8A0001B6822F4E0625A607B6811221A637B684D
:10F8B000002283F83E207B68202283F83D20786870
:10F8C000FFF78FFE2BE07B681B685A687B681B681C
:10F8D00022F4E0625A607B681B681A687B681B68C8
:10F8E00042F400721A607B6800221A637B6820224F
:10F8F00083F83D207B6893F83E30DBB2402B07D184
:10F900007B68002283F83E207868FFF7AAFE06E0B5
:10F910007B68002283F83E207868FFF762FE00BF14
:10F920001037BD4680BD80B584B000AF78607B687D
:10F9300093F83D30FB737B681B6D002B1DD17B68FA
:10F94000DB6C012B0BD17B689B6CDAB27B681B688C
:10F950001A617B681B6D9A1C7B681A6577E07B686F
:10F960009B6C9BB21B12DAB27B681B681A617B68C6
:10F970001B6D5A1C7B681A6569E07B681B6D012B47
:10F980000BD17B689B6CDAB27B681B681A617B6861
:10F990001B6D5A1C7B681A6559E07B681B6D022B36
:10F9A00052D1FB7B222B0DD17B681B681A687B68C8
:10F9B0001B6842F480721A607B681B6D5A1C7B685E
:10F9C0001A6544E07B685B8D9BB2002B15D0FB7BF6
:10F9D000212B12D17B685B6A1A787B681B681A61DD
:10F9E0007B685B6A5A1C7B685A627B685B8D9BB242
:10F9F000013B9AB27B685A8529E07B685B8D9BB29C
:10FA0000002B24D1FB7B212B21D17B681B685A68FA
:10FA10007B681B6822F4E0625A607B681B681A6886
:10FA20007B681B6842F400721A607B6800221A63CC
:10FA30007B68202283F83D207B68002283F83E20EB
:10FA40007868FFF70EFE02E07868FBF7B0FE00BFB3
:10FA50001037BD4680BD80B584B000AF78607B684C
:10FA600093F83D30DBB2222B40F0B9807B68DB6A33
:10FA7000FB607B685B8D9BB2BB60BB68032B21D9AD
:10FA80007B681B681A697B685B6AD2B21A707B68F4
:10FA90005B6A5A1C7B685A627B685B8D9BB2013B38
:10FAA0009AB27B685A857B685B8D9BB2032B40F0D2
:10FAB00096807B681B685A687B681B6822F48062AA
:10FAC0005A608CE07B68DB6A022B7FD0BB68012B1D
:10FAD00002D0BB68002B79D1786801F013FE034691
:10FAE000002B4CD17B681B681A687B681B6822F46A
:10FAF00080621A607B681B685A687B681B6822F406
:10FB0000E0625A607B681B681A697B685B6AD2B2E4
:10FB10001A707B685B6A5A1C7B685A627B685B8DD3
:10FB20009BB2013B9AB27B685A857B68202283F89E
:10FB30003D207B6893F83E30DBB2402B0AD17B68D6
:10FB4000002283F83E207B6800221A637868FFF762
:10FB500092FD44E07B68002283F83E20FB68082B7E
:10FB600002D0FB68202B03D17B6800221A6302E0DD
:10FB70007B6812221A637868FFF73DFD2FE07B68EF
:10FB80001B685A687B681B6822F4E0625A607B68D5
:10FB90001B681A697B685B6AD2B21A707B685B6A01
:10FBA0005A1C7B685A627B685B8D9BB2013B9AB2A0
:10FBB0007B685A857B68202283F83D207B68002281
:10FBC00083F83E207868FFF760FD08E07B681B68DB
:10FBD0005A687B681B6822F480625A60FFE700BFA6
:10FBE0001037BD4680BD80B584B000AF78607B68BB
:10FBF000DB6AFB607B685B8D9BB2042B1BD17B684F
:10FC00001B685A687B681B6822F480625A607B68B4
:10FC10001B681A697B685B6AD2B21A707B685B6A80
:10FC20005A1C7B685A627B685B8D9BB2013B9AB21F
:10FC30007B685A85C4E07B685B8D9BB2032B29D11E
:10FC40007B681B685A687B681B6822F480625A6074
:10FC5000FB68042B0AD0FB68022B07D07B681B686B
:10FC60001A687B681B6822F480621A607B681B68D4
:10FC70001A697B685B6AD2B21A707B685B6A5A1C2D
:10FC80007B685A627B685B8D9BB2013B9AB27B6852
:10FC90005A8595E07B685B8D9BB2022B7DD1FB681A
:10FCA000012B02D0FB68102B08D17B681B681A68F7
:10FCB0007B681B6822F480621A6016E0FB68042BE4
:10FCC00002D0FB68022B08D17B681B681A687B682E
:10FCD0001B6842F480621A6007E07B681B681A6840
:10FCE0007B681B6842F400721A607B681B681A69A3
:10FCF0007B685B6AD2B21A707B685B6A5A1C7B684D
:10FD00005A627B685B8D9BB2013B9AB27B685A85D5
:10FD10007B681B681A697B685B6AD2B21A707B6861
:10FD20005B6A5A1C7B685A627B685B8D9BB2013BA5
:10FD30009AB27B685A857B681B685A687B681B6827
:10FD400022F440725A607B68202283F83D207B6851
:10FD500093F83E30DBB2402B0AD17B68002283F857
:10FD60003E207B6800221A637868FFF784FC27E056
:10FD70007B68002283F83E20FB68082B02D0FB68DA
:10FD8000202B03D17B6800221A6302E07B681222D9
:10FD90001A637868FFF72FFC12E07B681B681A690A
:10FDA0007B685B6AD2B21A707B685B6A5A1C7B689C
:10FDB0005A627B685B8D9BB2013B9AB27B685A8525
:10FDC00000BF1037BD4680BD80B483B000AF7860FF
:10FDD0007B6893F83E30DBB2402B17D17B681B6DFC
:10FDE000002B09D17B685B6CDBB21A467B681B6811
:10FDF00002F0FE021A6167E07B685B6CDBB243F0E5
:10FE00000103DAB27B681B681A615DE07B681B69DD
:10FE1000B3F5804F33D17B6893F83D30DBB2212BB3
:10FE200009D17B685B6CDBB21A467B681B6802F009
:10FE3000FE021A6108E07B685B6CDBB243F00103F1
:10FE4000DAB27B681B681A617B685B6B002B04D09D
:10FE50007B685B6BDB6B002B08D17B689B6B002B9B
:10FE600032D07B689B6BDB6B002B2DD07B681B68D3
:10FE70005A687B681B6842F400625A6024E07B6821
:10FE80001B6D002B0ED17B685B6C9BB2DB11DBB270
:10FE900003F00603DBB263F00F03DAB27B681B6882
:10FEA0001A6111E07B681B6D012B0DD17B685B6CC7
:10FEB0009BB2DB11DBB203F00603DBB263F00E038F
:10FEC000DAB27B681B681A6100BF0C37BD465DF86B
:10FED000047B704780B483B000AF78607B685B6C54
:10FEE000DAB27B681B681A617B685B6B002B04D0FD
:10FEF0007B685B6BDB6B002B08D17B689B6B002BFB
:10FF00000CD07B689B6BDB6B002B07D07B681B687E
:10FF10005A687B681B6842F400625A6000BF0C3765
:10FF2000BD465DF8047B704780B491B000AF786047
:10FF30007B6893F83E3087F83F307B68DB6ABB63B1
:10FF40007B681B6B7B637B6893F83D30DBB2222BB5
:10FF500040F069817B681B6D002B0FD197F83F3013
:10FF6000402B0BD100233B637B681B685B693B63C1
:10FF70007B681B689B693B633B6B60E17B681B6D27
:10FF8000002B1DD17B681B69B3F5404F18D10023AE
:10FF9000FB627B681B685B69FB627B681B689B6913
:10FFA000FB62FB6A7B681B681A687B681B6842F40B
:10FFB00080721A607B681B6D5A1C7B681A653EE173
:10FFC0007B685B8D9BB2002B13D10023BB627B68E7
:10FFD0001B685B69BB627B681B689B69BB62BB6A11
:10FFE0007B681B681A687B681B6842F400721A60A1
:10FFF00015E17B685B8D9BB2012B40F08A80BB6B67
:020000040801F1
:1000000013F5803F37D17B681B681A687B681B68D3
:1000100022F480621A607B681B685B6803F40063EB
:10002000B3F5006F13D17B681B681A687B681B6887
:1000300022F480621A6000237B627B681B685B6924
:100040007B627B681B689B697B627B6AE7E00023BD
:100050003B627B681B685B693B627B681B689B69D2
:100060003B623B6A7B681B681A687B681B6842F4CA
:1000700000721A60D3E0BB6B082B2ED0BB6B202B19
:100080002BD07B6B122B02D1BB6B012B25D1BB6B11
:10009000042B0ED0BB6B022B0BD0BB6B102B08D0EC
:1000A0007B681B681A687B681B6822F480621A6090
:1000B00007E07B681B681A687B681B6842F48062F3
:1000C0001A600023FB617B681B685B69FB617B68CE
:1000D0001B689B69FB61FB69A1E07B681B681A6870
:1000E0007B681B6822F480621A600023BB617B6816
:1000F0001B685B69BB617B681B689B69BB61BB69F3
:100100007B681B681A687B681B6842F400721A607F
:1001100085E07B685B8D9BB2022B4DD1BB6B042BC2
:1001200016D0BB6B022B13D0BB6B102B10D07B688F
:100130001B681A687B681B6822F480621A607B68FF
:100140001B681A687B681B6842F400621A6007E04B
:100150007B681B681A687B681B6842F480621A60BF
:100160007B681B685B6803F40063B3F5006F17D10D
:10017000BB6B13F5803F0BD0BB6B012B08D0BB6B67
:10018000082B05D0BB6B102B02D0BB6B202B07D1EB
:100190007B681B685A687B681B6842F480525A600F
:1001A00000237B617B681B685B697B617B681B68E4
:1001B0009B697B617B6932E07B681B681A687B689E
:1001C0001B6842F480621A607B681B685B6803F4FA
:1001D0000063B3F5006F17D1BB6B13F5803F0BD0F5
:1001E000BB6B012B08D0BB6B082B05D0BB6B102B56
:1001F00002D0BB6B202B07D17B681B685A687B68D9
:100200001B6842F480525A6000233B617B681B6884
:100210005B693B617B681B689B693B613B697B68F1
:1002200000221A650BE00023FB607B681B685B699A
:10023000FB607B681B689B69FB60FB68FFE700BF96
:100240004437BD465DF8047B704780B584B000AF8D
:1002500078607B6893F83D30FB737B685B8D9BB265
:10026000002B2BD07B685B6A1A787B681B681A614D
:100270007B685B6A5A1C7B685A627B685B8D9BB2A9
:10028000013B9AB27B685A857B685B8D9BB2002BE1
:1002900014D1FB7B292B11D17B681B685A687B68C2
:1002A0001B6822F480625A607B6821221A637B6893
:1002B000282283F83D207868FFF7A7F900BF1037A0
:1002C000BD4680BD80B483B000AF78607B685B8D35
:1002D0009BB2002B11D07B685B6A1A787B681B6825
:1002E0001A617B685B6A5A1C7B685A627B685B8D0B
:1002F0009BB2013B9AB27B685A8500BF0C37BD4662
:100300005DF8047B704780B584B000AF78607B688F
:1003100093F83D30FB737B685B8D9BB2002B2CD038
:100320007B681B681A697B685B6AD2B21A707B684B
:100330005B6A5A1C7B685A627B685B8D9BB2013B8F
:100340009AB27B685A857B685B8D9BB2002B14D177
:10035000FB7B2A2B11D17B681B685A687B681B6862
:1003600022F480625A607B6822221A637B6828220A
:1003700083F83D207868FFF752F900BF1037BD467B
:1003800080BD80B483B000AF78607B685B8D9BB22A
:10039000002B12D07B681B681A697B685B6AD2B23B
:1003A0001A707B685B6A5A1C7B685A627B685B8D3B
:1003B0009BB2013B9AB27B685A8500BF0C37BD46A1
:1003C0005DF8047B704780B584B000AF7860396019
:1003D0000023FB737B6893F83D30DBB203F0280306
:1003E000282B25D17B681B685A687B681B6822F420
:1003F00080625A603B6803F00403002B01D10123A3
:10040000FB733B6803F08003002B03D17B68DB6840
:10041000BB8102E07B689B69BB817B68002283F81B
:100420003C20BA89FB7B19467868FFF702F90EE099
:100430000023BB607B681B685B69BB607B681B68D3
:100440009B69BB60BB687B68002283F83C2000BFCF
:100450001037BD4680BD000080B584B000AF786025
:100460007B6893F83D30FB737B681B685A687B6838
:100470001B6822F4E0625A600023BB607B681B6843
:100480005B69BB607B681B681A687B681B6842F00D
:1004900001021A60BB687B681B681A687B681B686E
:1004A00022F480621A607B681B685B6803F4006357
:1004B000B3F5006F72D1FB7B222B02D0FB7B2A2B82
:1004C00035D17B689B6B1B685B689AB27B685A85E9
:1004D0007B685B8D9BB2002B05D07B681B6C43F067
:1004E00004027B681A647B681B685A687B681B6817
:1004F00022F400625A607B689B6B184604F0F4F9A2
:100500000346012B49D07B689B6B694A1A657B685F
:100510009B6B184603F09FFE0346002B3DD07B6883
:100520009B6B1B6D7A68926B1046984735E07B6831
:100530005B6B1B685B689AB27B685A857B685B8DD6
:100540009BB2002B05D07B681B6C43F004027B68D8
:100550001A647B681B685A687B681B6822F4006217
:100560005A607B685B6B184604F0BEF90346012BAA
:1005700014D07B685B6B4E4A1A657B685B6B1846D0
:1005800003F069FE0346002B08D07B685B6B1B6D94
:100590007A68526B1046984700E000BF7B685B8D1D
:1005A0009BB2002B3ED07B681B685B6903F00403A1
:1005B000042B12D17B681B681A697B685B6AD2B214
:1005C0001A707B685B6A5A1C7B685A627B685B8D19
:1005D0009BB2013B9AB27B685A857B681B685B695A
:1005E00003F04003402B12D17B681B681A697B68BB
:1005F0005B6AD2B21A707B685B6A5A1C7B685A626B
:100600007B685B8D9BB2013B9AB27B685A857B68A5
:100610005B8D9BB2002B05D07B681B6C43F0040202
:100620007B681A647B681B6C002B03D0786800F031
:10063000B7F839E0FB7B2A2B09D17B6800221A63CB
:100640007B68282283F83D207868FEF7E8FF7B6806
:1006500093F83D30DBB2282B11D17B68154ADA6262
:100660007B6800221A637B68202283F83D207B6828
:10067000002283F83E207868FEF7E9FF14E07B68EB
:100680001B6B222B02D0FB7B222B0DD17B6800221F
:100690001A637B68202283F83D207B68002283F860
:1006A0003E207868FEF7BBFF00BF1037BD4680BD17
:1006B000D91101080000FFFF80B584B000AF786059
:1006C0007B6893F83D30FB737B68DB6ABB60BB687B
:1006D000082B02D0BB68202B29D1FB7B282B26D1ED
:1006E0007B682E4ADA627B681B685A687B681B68E5
:1006F00022F4E0625A607B681B686FF480625A6182
:100700007B681B681A687B681B6822F480621A6029
:100710007B6800221A637B68202283F83D207B6877
:10072000002283F83E207868FEF791FF31E0FB7BE2
:10073000212B29D17B68194ADA627B6821221A634E
:100740007B68202283F83D207B68002283F83E20CE
:100750007B681B685A687B681B6822F4E0625A60F9
:100760007B681B686FF480625A617B681B681A683B
:100770007B681B6822F480621A607868FBF717F8C0
:100780007868FEF742FF04E07B681B686FF48062C4
:100790005A6100BF1037BD4680BD00BF0000FFFF9B
:1007A00080B584B000AF78607B6893F83D30FB7310
:1007B0007B6893F83E30BB73BB7B102B02D0BB7BB6
:1007C000402B0AD1FB7B222B07D17B681B681A6860
:1007D0007B681B6822F400621A60FB7B03F028032D
:1007E000282B07D17B6800221A637B68282283F8B4
:1007F0003D2015E07B681B685B6803F40063B3F57C
:10080000006F0AD0FB7B602B07D07B68202283F827
:100810003D207B68002283F83E207B6800221A631B
:100820007B681B685B6803F40063B3F5006F62D1FB
:100830007B681B685A687B681B6822F400625A60F8
:100840007B685B6B93F83530DBB2012B20D07B6883
:100850005B6B6A4A1A657B685B6B184603F0FBFCAE
:100860000346002B00F089807B681B681A687B6850
:100870001B6822F001021A607B68202283F83D2069
:100880007B685B6B1B6D7A68526B1046984774E00F
:100890007B689B6B594A1A657B689B6B184603F013
:1008A000DAFC0346002B68D07B681B685B6903F0A9
:1008B0004003402B0BD17B681B681A697B685B6A1D
:1008C000D2B21A707B685B6A5A1C7B685A627B687A
:1008D0001B681A687B681B6822F001021A607B683B
:1008E000202283F83D207B689B6B1B6D7A68926B9E
:1008F0001046984741E07B6893F83D30DBB2602BAF
:1009000025D17B68202283F83D207B6800221A6471
:100910007B681B685B6903F04003402B0BD17B684D
:100920001B681A697B685B6AD2B21A707B685B6A63
:100930005A1C7B685A627B681B681A687B681B6854
:1009400022F001021A607868FEF7A9FE15E07B68C4
:100950001B685B6903F04003402B0BD17B681B686D
:100960001A697B685B6AD2B21A707B685B6A5A1C30
:100970007B685A627868FEF788FE7B681B6CBB60F8
:10098000BB6803F00103002B0ED1BB6803F0020328
:10099000002B09D1BB6803F00403002B04D1BB6812
:1009A00003F00803002B07D07B681B685A687B683C
:1009B0001B6822F4E0625A607B6893F83D30FB7359
:1009C0007B681B6C03F00403042B13D1FB7B282BE7
:1009D00010D17B680A4ADA627B6800221A637B685E
:1009E000202283F83D207B68002283F83E2078682F
:1009F000FEF72DFE00BF1037BD4680BDD91101089E
:100A00000000FFFF80B588B002AFF8607A603B60FD
:100A10000B467B81FB68DB6A7B617B69082B06D018
:100A20007B69012B03D07B6913F5803F08D1FB68FC
:100A30001B681A68FB681B6842F480721A600BE03E
:100A4000FB681B6B122B07D1FB681B681A68FB68DD
:100A50001B6842F480721A603B6800937B68002236
:100A60004FF00111F86800F05FFC0346002B0DD039
:100A7000FB681B681B6803F48073B3F5807F03D1A8
:100A8000FB684FF400721A64032335E0FB681B69AE
:100A9000B3F5804F08D17B89DBB21A46FB681B682F
:100AA00002F0FE021A611BE07B89DB11DBB203F06E
:100AB0000603DBB263F00F03DAB2FB681B681A614E
:100AC0003B687A680E49F86800F0A8FC0346002BE2
:100AD00001D0012310E07B89DAB2FB681B681A6140
:100AE0003B687A680749F86800F098FC0346002BD9
:100AF00001D0012300E0002318461837BD4680BD11
:100B0000080001000200010080B588B002AFF86063
:100B10007A603B600B467B81FB68DB6A7B61FB682C
:100B20001B681A68FB681B6842F480621A607B6964
:100B3000082B06D07B69012B03D07B6913F5803F1E
:100B400008D1FB681B681A68FB681B6842F4807256
:100B50001A600BE0FB681B6B112B07D1FB681B684D
:100B60001A68FB681B6842F480721A603B68009345
:100B70007B6800224FF00111F86800F0D5FB0346B6
:100B8000002B0DD0FB681B681B6803F48073B3F562
:100B9000807F03D1FB684FF400721A64032379E06D
:100BA000FB681B69B3F5804F08D17B89DBB243F04A
:100BB0000103DAB2FB681B681A615FE07B89DB1115
:100BC000DBB203F00603DBB263F00F03DAB2FB68BB
:100BD0001B681A613B687A683049F86800F01EFCAF
:100BE0000346002B01D0012354E07B89DAB2FB6875
:100BF0001B681A613B687A682949F86800F00EFCA6
:100C00000346002B01D0012344E000233B61FB6835
:100C10001B685B693B61FB681B689B693B613B69C7
:100C2000FB681B681A68FB681B6842F480721A60D4
:100C30003B6800937B6800224FF00111F86800F0D8
:100C400073FB0346002B0DD0FB681B681B6803F485
:100C50008073B3F5807F03D1FB684FF400721A6490
:100C6000032317E07B89DB11DBB203F00603DBB261
:100C700063F00E03DAB2FB681B681A613B687A689E
:100C80000749F86800F0CAFB0346002B01D0012396
:100C900000E0002318461837BD4680BD080001005B
:100CA0000200010080B588B002AFF8600846114626
:100CB0001A4603467B810B463B811346FB80FB684B
:100CC0001B681A68FB681B6842F480721A607B6AB2
:100CD00000933B6A00224FF00111F86800F024FBFA
:100CE0000346002B0DD0FB681B681B6803F4807360
:100CF000B3F5807F03D1FB684FF400721A640323BD
:100D00005FE07B89DBB21A46FB681B6802F0FE02DB
:100D10001A617B6A3A6A2D49F86800F07FFB034646
:100D2000002B01D001234CE000237B61FB681B6892
:100D30005B697B61FB681B689B697B617B697A6A85
:100D4000396AF86800F00AFC0346002B0DD0FB68F6
:100D50001B6C042B07D1FB681B681A68FB681B68B7
:100D600042F400721A6001232BE0FB88012B05D1AD
:100D70003B89DAB2FB681B681A6121E03B891B0AD8
:100D80009BB2DAB2FB681B681A617A6A396AF86842
:100D900000F0E4FB0346002B0DD0FB681B6C042B1A
:100DA00007D1FB681B681A68FB681B6842F4007275
:100DB0001A60012305E03B89DAB2FB681B681A61FF
:100DC000002318461837BD4680BD00BF0200010051
:100DD00080B588B002AFF860084611461A4603464F
:100DE0007B810B463B811346FB80FB681B681A68BE
:100DF000FB681B6842F480621A60FB681B681A6813
:100E0000FB681B6842F480721A607B6A00933B6A3D
:100E100000224FF00111F86800F086FA0346002B1B
:100E20000DD0FB681B681B6803F48073B3F5807FEB
:100E300003D1FB684FF400721A640323AAE07B8994
:100E4000DBB21A46FB681B6802F0FE021A617B6A7D
:100E50003A6A5249F86800F0E1FA0346002B01D0E3
:100E6000012397E000237B61FB681B685B697B6162
:100E7000FB681B689B697B617B697A6A396AF868E1
:100E800000F06CFB0346002B0DD0FB681B6C042BA1
:100E900007D1FB681B681A68FB681B6842F4007284
:100EA0001A60012376E0FB88012B05D13B89DAB279
:100EB000FB681B681A6121E03B891B0A9BB2DAB20E
:100EC000FB681B681A617A6A396AF86800F046FBA9
:100ED0000346002B0DD0FB681B6C042B07D1FB686D
:100EE0001B681A68FB681B6842F400721A600123D1
:100EF00050E03B89DAB2FB681B681A617A6A396A8A
:100F0000F86800F02BFB0346002B0DD0FB681B6C30
:100F1000042B07D1FB681B681A68FB681B6842F446
:100F200000721A60012335E0FB681B681A68FB68D1
:100F30001B6842F480721A607B6A00933B6A00224D
:100F40004FF00111F86800F0EFF90346002B0DD0C7
:100F5000FB681B681B6803F48073B3F5807F03D1C3
:100F6000FB684FF400721A64032313E07B89DBB241
:100F700043F00103DAB2FB681B681A617B6A3A6AC4
:100F80000649F86800F04AFA0346002B01D0012315
:100F900000E0002318461837BD4680BD020001005E
:100FA00080B586B000AF78607B689B6B7B617B69A6
:100FB00093F83D30FB747B6993F83E30BB747B69DA
:100FC000DB6AFB607B691B685A687B691B6822F4DB
:100FD00040725A607B695B6B002B03D07B695B6B53
:100FE0000022DA637B699B6B002B03D07B699B6BD0
:100FF0000022DA63FB7C03F02103212B07D0FB7C6A
:1010000003F02203222B31D1BB7C202B2ED17B6914
:101010001B685A687B691B6822F400625A607B690E
:1010200000225A85FB7C292B0AD17B6921221A6375
:101030007B69282283F83D207869FEF7E6FA0CE008
:10104000FB7C2A2B09D17B6922221A637B69282227
:1010500083F83D207869FEF7E2FA7B691B685A68DD
:101060007B691B6842F440725A6074E07B6993F8B4
:101070003E30DBB2002B6ED07B695B8D9BB2012BC7
:1010800007D17B691B681A687B691B6822F4806240
:101090001A607B691B685A687B691B6822F440727E
:1010A0005A60FB6813F5803F09D0FB68082B06D017
:1010B000FB68B3F12A4F02D0FB68202B07D17B6974
:1010C0001B681A687B691B6842F400721A607B69AE
:1010D0001B685A687B691B6822F480525A607B69DE
:1010E0001B685A687B691B6822F400625A607B693E
:1010F00000225A857B691B6C002B03D07869FEF7B0
:10110000C4FA28E07B69202283F83D207B6993F8AC
:101110003E30DBB2402B0AD17B69002283F83E20AF
:101120007B6900221A637869FEF7A5FA13E07B69F0
:10113000002283F83E20FB68082B02D0FB68202B9E
:1011400003D17B6900221A6302E07B6912221A63D1
:101150007869FEF750FA00BF1837BD4680BD80B5EC
:1011600084B000AF78607B689B6BFB60FB685B6B57
:10117000002B03D0FB685B6B0022DA63FB689B6B80
:10118000002B03D0FB689B6B0022DA63786803F0C6
:10119000B9FB0346022B1BD0FB681B681A68FB686F
:1011A0001B6822F480621A60FB6800225A85FB6883
:1011B000202283F83D20FB68002283F83E20FB6854
:1011C0001B6C43F01002FB681A64F868FEF75DFAC6
:1011D00000BF1037BD4680BD80B586B000AF7860D7
:1011E0000023FB607B689B6B7B617B6993F83D30E0
:1011F000FB744B4B1B68DB084A4AA2FB03231A0A09
:1012000013469B001344DA00D31AFB60FB68002BE3
:1012100006D17B691B6C43F020027B691A640AE0EB
:10122000FB68013BFB607B691B681B6803F4007370
:10123000B3F5007FEAD07B695B6B002B03D07B6941
:101240005B6B0022DA637B699B6B002B03D07B69AD
:101250009B6B0022DA637B691B681A687B691B68D9
:1012600022F480621A607B6900225A857B695B6B7D
:10127000002B03D07B695B6B00221A657B699B6B3B
:10128000002B03D07B699B6B00221A657B691B686E
:101290001A687B691B6822F001021A607B6993F867
:1012A0003D30DBB2602B0ED17B69202283F83D20DC
:1012B0007B69002283F83E207B6900221A647869EA
:1012C000FEF7EDF927E0FB7C03F02803282B17D16C
:1012D0007B691B681A687B691B6842F001021A600F
:1012E0007B691B681A687B691B6842F480621A601C
:1012F0007B6900221A637B69282283F83D2007E07E
:101300007B69202283F83D207B69002283F83E2000
:101310007869FEF7BAF900BF1837BD4680BD00BF37
:101320002000002089B5F81480B584B000AFF860C3
:10133000B9603B601346FB7148E03B68B3F1FF3F87
:1013400044D0F9F75DFF0246BB69D31A3A689A4266
:1013500002D33B68002B39D1BB681B0CDBB2012BDD
:101360000DD1FB681B685B69DA43BB6813409BB215
:10137000002B0CBF01230023DBB21A460CE0FB68F4
:101380001B689B69DA43BB6813409BB2002B0CBF00
:1013900001230023DBB21A46FB799A4216D1FB687F
:1013A00000221A63FB68202283F83D20FB6800229C
:1013B00083F83E20FB681B6C43F02002FB681A6434
:1013C000FB68002283F83C20012323E0BB681B0C50
:1013D000DBB2012B0DD1FB681B685B69DA43BB688C
:1013E00013409BB2002B0CBF01230023DBB21A4633
:1013F0000CE0FB681B689B69DA43BB6813409BB237
:10140000002B0CBF01230023DBB21A46FB799A4262
:1014100093D0002318461037BD4680BD80B584B0F8
:1014200000AFF860B9607A603B6071E0FB681B68F0
:101430005B6903F48063B3F5806F23D1FB681B689D
:101440001A68FB681B6842F400721A60FB681B682C
:101450006FF480625A61FB6800221A63FB682022E5
:1014600083F83D20FB68002283F83E20FB681B6C5C
:1014700043F00402FB681A64FB68002283F83C20F6
:10148000012367E07B68B3F1FF3F41D0F9F7B8FE75
:1014900002463B68D31A7A689A4202D37B68002BD3
:1014A00036D1BB681B0CDBB2012B0CD1FB681B686F
:1014B0005B69DA43BB6813409BB2002B14BF012366
:1014C0000023DBB20BE0FB681B689B69DA43BB6857
:1014D00013409BB2002B14BF01230023DBB2002B6F
:1014E00016D0FB6800221A63FB68202283F83D2097
:1014F000FB68002283F83E20FB681B6C43F020024F
:10150000FB681A64FB68002283F83C20012321E079
:10151000BB681B0CDBB2012B0CD1FB681B685B6941
:10152000DA43BB6813409BB2002B14BF0123002396
:10153000DBB20BE0FB681B689B69DA43BB681340B6
:101540009BB2002B14BF01230023DBB2002B7FF4DE
:101550006DAF002318461037BD4680BD80B584B0FE
:1015600000AFF860B9607A6034E0F86800F059F9CB
:101570000346002B01D0012334E0BB68B3F1FF3FE9
:1015800028D0F9F73DFE02467B68D31ABA689A4222
:1015900002D3BB68002B1DD1FB681B685B6903F09D
:1015A0008003802B16D0FB6800221A63FB68202280
:1015B00083F83D20FB68002283F83E20FB681B6C0B
:1015C00043F02002FB681A64FB68002283F83C2089
:1015D000012307E0FB681B685B6903F08003802B35
:1015E000C3D1002318461037BD4680BD80B584B0F6
:1015F00000AFF860B9607A6034E0F86800F011F983
:101600000346002B01D0012334E0BB68B3F1FF3F58
:1016100028D0F9F7F5FD02467B68D31ABA689A42DA
:1016200002D3BB68002B1DD1FB681B685B6903F00C
:101630000403042B16D0FB6800221A63FB682022E7
:1016400083F83D20FB68002283F83E20FB681B6C7A
:1016500043F02002FB681A64FB68002283F83C20F8
:10166000012307E0FB681B685B6903F00403042B9C
:10167000C3D1002318461037BD4680BD80B584B065
:1016800000AFF860B9607A6030E0F86800F0C9F83F
:101690000346002B01D0012330E0F9F7B1FD0246EB
:1016A0007B68D31ABA689A4202D3BB68002B1DD15B
:1016B000FB681B685B6903F01003102B16D0FB68F6
:1016C00000221A63FB68202283F83D20FB68002279
:1016D00083F83E20FB681B6C43F02002FB681A6411
:1016E000FB68002283F83C20012307E0FB681B68AD
:1016F0005B6903F01003102BC7D100231846103785
:10170000BD4680BD80B485B000AF78600023FB602B
:10171000134B1B68DB08134AA2FB03231A0A134668
:101720009B001344FB60FB68013BFB60FB68002BE4
:1017300007D17B681B6C43F020027B681A6401238D
:1017400008E07B681B681B6803F40073B3F5007F37
:10175000E9D0002318461437BD465DF8047B704776
:101760002000002089B5F81480B584B000AFF8607F
:10177000B9607A6049E0FB681B685B6903F010039D
:10178000102B19D1FB681B686FF010025A61FB68BF
:1017900000221A63FB68202283F83D20FB680022A8
:1017A00083F83E20FB681A6CFB681A64FB68002211
:1017B00083F83C20012330E0F9F722FD02467B68E4
:1017C000D31ABA689A4202D3BB68002B1DD1FB68BA
:1017D0001B685B6903F04003402B16D0FB680022B6
:1017E0001A63FB68202283F83D20FB68002283F8FF
:1017F0003E20FB681B6C43F02002FB681A64FB6808
:10180000002283F83C20012307E0FB681B685B692A
:1018100003F04003402BAED1002318461037BD46DD
:1018200080BD80B483B000AF78607B681B685B6963
:1018300003F48063B3F5806F1BD17B681B686FF482
:1018400080625A617B6800221A637B68202283F8D9
:101850003D207B68002283F83E207B681B6C43F0B0
:1018600004027B681A647B68002283F83C20012311
:1018700000E0002318460C37BD465DF8047B704736
:1018800080B483B000AF78607B68DB6AB3F52A0F61
:1018900003D17B680122DA6207E07B68DB6AB3F17F
:1018A0002A4F02D17B680822DA6200BF0C37BD469E
:1018B0005DF8047B704780B483B000AF7860396016
:1018C0007B6893F83D30DBB2202B29D17B68242242
:1018D00083F83D207B681B681A687B681B6822F0D0
:1018E00001021A607B681B685A6A7B681B6822F0D9
:1018F00010025A627B681B68596A7B681B683A68E9
:101900000A435A627B681B681A687B681B6842F04E
:1019100001021A607B68202283F83D20002300E04A
:10192000022318460C37BD465DF8047B704780B42F
:1019300085B000AF786039600023FB817B6893F845
:101940003D30DBB2202B2AD17B68242283F83D2056
:101950007B681B681A687B681B6822F001021A60AA
:101960007B681B685B6AFB81FB8923F00F03FB81AB
:101970003B689AB2FB891343FB817B681B68FA8939
:101980005A627B681B681A687B681B6842F0010218
:101990001A607B68202283F83D20002300E00223A8
:1019A00018461437BD465DF8047B704780B400AF1D
:1019B00000231846BD465DF8047B704780B586B0AD
:1019C00000AF78607B68002B01D1012367E27B6860
:1019D0001B6803F00103002B75D0884B9B6803F054
:1019E0000C03042B0CD0854B9B6803F00C03082BD5
:1019F00012D1824B5B6803F48003B3F5800F0BD1E7
:101A00007E4B1B6803F40033002B5BD07B685B6864
:101A1000002B57D1012342E27B685B68B3F5803F1E
:101A200006D1764B1B68754A43F4803313601DE082
:101A30007B685B68B3F5A02F0CD1704B1B686F4AB5
:101A400043F4802313606D4B1B686C4A43F480336E
:101A500013600BE0694B1B68684A23F48033136002
:101A6000664B1B68654A23F4802313607B685B68C0
:101A7000002B13D0F9F7C4FB386108E0F9F7C0FB7D
:101A800002463B69D31A642B01D9032307E25B4B5F
:101A90001B6803F40033002BF0D014E0F9F7B0FB1F
:101AA000386108E0F9F7ACFB02463B69D31A642BB6
:101AB00001D90323F3E1514B1B6803F40033002BDE
:101AC000F0D100E000BF7B681B6803F00203002B2D
:101AD00063D04A4B9B6803F00C03002B0BD0474BA1
:101AE0009B6803F00C03082B1CD1444B5B6803F488
:101AF0008003002B16D1414B1B6803F00203002B1F
:101B000005D07B68DB68012B01D00123C7E13B4B8B
:101B10001B6823F0F8027B681B69DB00374913431D
:101B20000B603AE07B68DB68002B20D0344B01224D
:101B30001A60F9F765FB386108E0F9F761FB0246C6
:101B40003B69D31A022B01D90323A8E12B4B1B6855
:101B500003F00203002BF0D0284B1B6823F0F8029F
:101B60007B681B69DB00254913430B6015E0244BA0
:101B700000221A60F9F744FB386108E0F9F740FBEE
:101B800002463B69D31A022B01D9032387E11B4B81
:101B90001B6803F00203002BF0D17B681B6803F085
:101BA0000803002B36D07B685B69002B16D0154BE1
:101BB00001221A60F9F724FB386108E0F9F720FBED
:101BC00002463B69D31A022B01D9032367E10B4B71
:101BD0005B6F03F00203002BF0D01BE0094B0022E7
:101BE0001A60F9F70DFB38610EE0F9F709FB0246C0
:101BF0003B69D31A022B07D9032350E10038024076
:101C000000004742800E4742884B5B6F03F002039F
:101C1000002BEAD17B681B6803F00403002B00F063
:101C200097800023FB75814B1B6C03F08053002BC6
:101C30000FD10023BB607D4B1B6C7C4A43F080536B
:101C400013647A4B1B6C03F08053BB60BB680123A9
:101C5000FB75774B1B6803F48073002B18D1744B12
:101C60001B68734A43F480731360F9F7C9FA38614B
:101C700008E0F9F7C5FA02463B69D31A022B01D9ED
:101C800003230CE16A4B1B6803F48073002BF0D034
:101C90007B689B68012B06D1644B1B6F634A43F042
:101CA000010313671CE07B689B68052B0CD15F4B1D
:101CB0001B6F5E4A43F0040313675C4B1B6F5B4A68
:101CC00043F0010313670BE0584B1B6F574A23F097
:101CD00001031367554B1B6F544A23F0040313672A
:101CE0007B689B68002B15D0F9F78AFA38610AE007
:101CF000F9F786FA02463B69D31A41F288329342D9
:101D000001D90323CBE0494B1B6F03F00203002BE7
:101D1000EED014E0F9F774FA38610AE0F9F770FAD6
:101D200002463B69D31A41F28832934201D9032318
:101D3000B5E03E4B1B6F03F00203002BEED1FB7DA1
:101D4000012B05D1394B1B6C384A23F080531364A7
:101D50007B689B69002B00F0A180344B9B6803F0EB
:101D60000C03082B5CD07B689B69022B41D1314B63
:101D700000221A60F9F744FA386108E0F9F740FAEE
:101D800002463B69D31A022B01D9032387E0274B74
:101D90001B6803F00073002BF0D17B68DA697B6865
:101DA0001B6A1A437B685B6A9B011A437B689B6AC8
:101DB0005B08013B1B041A437B68DB6A1B061B495B
:101DC00013434B601B4B01221A60F9F719FA386173
:101DD00008E0F9F715FA02463B69D31A022B01D93C
:101DE00003235CE0114B1B6803F00073002BF0D061
:101DF00054E0104B00221A60F9F702FA386108E04B
:101E0000F9F7FEF902463B69D31A022B01D90323E5
:101E100045E0064B1B6803F00073002BF0D13DE05A
:101E20007B689B69012B07D1012338E00038024011
:101E300000700040600047421B4B5B68FB607B68A2
:101E40009B69012B28D0FB6803F480027B68DB6967
:101E50009A4221D1FB6803F03F027B681B6A9A42D9
:101E60001AD1FA6847F6C07313407A68526A920131
:101E7000934211D1FB6803F440327B689B6A5B0894
:101E8000013B1B049A4207D1FB6803F070627B6838
:101E9000DB6A1B069A4201D0012300E000231846AA
:101EA0001837BD4680BD00BF0038024080B584B001
:101EB00000AF786039607B68002B01D10123CCE052
:101EC000684B1B6803F007033A689A420CD9654BCC
:101ED0003A68D2B21A70634B1B6803F007033A6882
:101EE0009A4201D00123B8E07B681B6803F002032B
:101EF000002B20D07B681B6803F00403002B05D067
:101F0000594B9B68584A43F4E05393607B681B68C5
:101F100003F00803002B05D0534B9B68524A43F44F
:101F200060439360504B9B6823F0F0027B689B6892
:101F30004D4913438B607B681B6803F00103002B42
:101F400044D07B685B68012B07D1474B1B6803F4C7
:101F50000033002B19D101237FE07B685B68022BE3
:101F600003D07B685B68032B07D13F4B1B6803F0F2
:101F70000073002B09D101236FE03B4B1B6803F07A
:101F80000203002B01D1012367E0374B9B6823F04C
:101F900003027B685B68344913438B60F9F730F9BF
:101FA000F8600AE0F9F72CF90246FB68D31A41F20F
:101FB0008832934201D903234FE02B4B9B6803F0F7
:101FC0000C027B685B689B009A42EBD1254B1B6837
:101FD00003F007033A689A420CD2224B3A68D2B215
:101FE0001A70204B1B6803F007033A689A4201D02D
:101FF000012332E07B681B6803F00403002B08D048
:10200000194B9B6823F4E0527B68DB681649134345
:102010008B607B681B6803F00803002B09D0124B10
:102020009B6823F460427B681B69DB000E49134305
:102030008B6000F0A1F802460B4B9B681B0903F074
:102040000F030A49CB5C22FA03F3094A1360094BD8
:102050001B681846F9F790F8002318461037BD465C
:1020600080BD00BF003C02400038024000A90108CA
:10207000200000200400002080B58CB000AFF86084
:10208000B9607A60FB68002B29D10023BB612B4B20
:102090001B6B2A4A43F001031363284B1B6B03F0AD
:1020A0000103BB61BB694FF48073FB6102233B6298
:1020B0000323BB6200237B620023FB6207F11C0346
:1020C00019461F4801F0B8FB1C4B9B6823F0EC62DB
:1020D000B9687B680B43194913438B6029E00023DF
:1020E0007B61164B1B6B154A43F004031363134BC0
:1020F0001B6B03F004037B617B694FF40073FB618E
:1021000002233B620323BB6200237B620023FB624A
:1021100007F11C0319460B4801F08EFB074B9B6827
:1021200023F078427B68D900BB680B430349134313
:102130008B6000BF3037BD4680BD00BF0038024015
:10214000000002400008024080B400AF034B0122AF
:102150001A6000BFBD465DF8047B70474C004742E3
:1021600080B400AF034B00221A6000BFBD465DF88B
:10217000047B70474C0047422DE9B04F90B000AF50
:1021800000237B630023FB6300233B630023BB63CB
:10219000594B9B6803F00C03082B0DD0082B00F261
:1021A000A180002B02D0042B03D09BE0534BBB63D8
:1021B0009BE0534BBB6398E04F4B5B6803F03F03DE
:1021C0007B634D4B5B6803F48003002B28D04A4BA4
:1021D0005B689B0900223B627A623B6AC3F308009A
:1021E0000021474B03FB01F2002300FB03F31344E0
:1021F000434AA0FB0212FA620A46BA62FA6A134420
:10220000FB627B6B0022BB61FA61D7E90623D7E949
:102210000A01EEF75DF802460B461346FB6353E0F6
:10222000354B5B689B0900223B617A613B69C3F3D4
:10223000080A4FF0000B52465B464FF000004FF08B
:102240000001590141EAD261500102460B46B2EB4E
:102250000A0863EB0B094FF000024FF000034FEA4E
:10226000891343EA98634FEA8812B2EB080463EBE0
:1022700009054FF000024FF00003EB0043EA5473EE
:10228000E20014461D4614EB0A033B6045EB0B03CA
:102290007B604FF000024FF00003D7E9004529466C
:1022A0008B02214643EA915321468A021046194681
:1022B0007B6B0022BB60FA60D7E90223EEF708F8D7
:1022C00002460B461346FB630B4B5B681B0C03F08B
:1022D000030301335B003B63FA6B3B6BB2FBF3F32D
:1022E000BB6302E0054BBB6300BFBB6B18464037C6
:1022F000BD46BDE8B08F00BF003802400024F400A6
:1023000040787D0180B400AF034B1B681846BD4682
:102310005DF8047B704700BF2000002080B500AF4F
:10232000FFF7F0FF0246054B9B689B0A03F007038B
:102330000349CB5C22FA03F3184680BD0038024003
:1023400010A9010880B500AFFFF7DCFF0246054B7E
:102350009B685B0B03F007030349CB5C22FA03F392
:10236000184680BD0038024010A9010880B483B02F
:1023700000AF78607B680F221A60454B1B6803F43E
:102380008023B3F5802F04D17B684FF4A0225A60DC
:102390000EE03F4B1B6803F48033B3F5803F04D15C
:1023A0007B684FF480325A6002E07B6800225A60FA
:1023B000374B1B6803F00103012B03D17B6801221B
:1023C000DA6002E07B680022DA60314B1B68DB08D0
:1023D00003F01F027B681A612D4B1B6F03F004038F
:1023E000042B03D17B6805229A600CE0284B1B6FFD
:1023F00003F00103012B03D17B6801229A6002E004
:102400007B6800229A60224B5B6F03F00103012B73
:1024100003D17B6801225A6102E07B6800225A6185
:102420001B4B1B6803F08073B3F1807F03D17B6883
:1024300002229A6102E07B6801229A61144B5B6878
:1024400003F480027B68DA61114B5B6803F03F02A2
:102450007B681A620E4B5B689B09C3F308027B68BA
:102460005A620B4B5B6803F4403303F580335B0027
:102470001A0C7B689A62064B5B681B0E03F00F0216
:102480007B68DA6200BF0C37BD465DF8047B70479D
:102490000038024080B483B000AF786039607B6858
:1024A0000F221A60124B9B6803F003027B685A608C
:1024B0000F4B9B6803F0F0027B689A600C4B9B68A3
:1024C00003F4E0527B68DA60094B9B68DB0803F495
:1024D000E0527B681A61074B1B6803F007023B68F8
:1024E0001A6000BF0C37BD465DF8047B704700BF23
:1024F00000380240003C024080B500AF064BDB686C
:1025000003F08003802B04D100F00AF8034B8022F3
:102510001A7000BF80BD00BF003802400E38024074
:1025200080B400AF00BFBD465DF8047B704700007B
:1025300080B586B000AF786000237B6100233B61EB
:102540007B681B6803F00103002B05D17B681B68C7
:1025500003F00403002B38D0684B00221A60F8F710
:102560004FFE786108E0F8F74BFE02467B69D31A0C
:10257000022B01D90323BDE0614B1B6803F000630C
:10258000002BF0D17B685A687B689B689B011A43DB
:102590007B68DB681B075A491343C1F88430574BEB
:1025A00001221A60F8F72CFE786108E0F8F728FE9F
:1025B00002467B69D31A022B01D903239AE0504BC0
:1025C0001B6803F00063002BF0D07B681B6803F0EE
:1025D0000203002B00F083800023FB60484B1B6C40
:1025E000474A43F080531364454B1B6C03F0805300
:1025F000FB60FB68434B1B68424A43F480731360E3
:10260000F8F7FEFD786108E0F8F7FAFD02467B690D
:10261000D31A022B01D903236CE03A4B1B6803F455
:102620008073002BF0D0364B1B6F03F440733B617B
:102630003B69002B2FD07B681B6903F440733A6918
:102640009A4228D02E4B1B6F23F440733B612E4BD4
:1026500001221A602C4B00221A60294A3B69136739
:10266000274B1B6F03F00103012B14D1F8F7C8FDB2
:1026700078610AE0F8F7C4FD02467B69D31A41F29B
:102680008832934201D9032334E01D4B1B6F03F0C2
:102690000203002BEED07B681B6903F44073B3F593
:1026A000407F0DD1164B9B6823F4F8127B681B69A1
:1026B00023F0704323F44073114913438B6005E00A
:1026C0000F4B9B680E4A23F4F81393600C4B1A6F60
:1026D0007B681B69C3F30B03094913430B677B68D2
:1026E0001B6803F00803002B03D07B681A7D074B9F
:1026F0001A60002318461837BD4680BD680047425F
:102700000038024000700040400E4742E01147424E
:1027100080B485B000AF78607B6803221A601C4BE0
:10272000D3F884309B09C3F308027B689A60184B86
:10273000D3F884301B0F03F007027B68DA60144B78
:10274000D3F8843003F03F027B685A60104B9B68DB
:1027500003F4F813FB600E4B1B6F03F44072FB682D
:102760001A437B681A610A4BD3F88C3003F08073EC
:10277000002B03D17B6800221A7502E07B680122DE
:102780001A7500BF1437BD465DF8047B704700BF63
:102790000038024080B487B000AF786000237B61CE
:1027A00000233B610023FB600023BB607B68012B9F
:1027B00041D1254B9B6803F40003FB60FB68002BB1
:1027C00006D0FB68B3F5000F31D1204B7B6131E0BF
:1027D0001D4B5B6803F48003B3F5800F09D11A4BDE
:1027E000D3F8843003F03F03194AB2FBF3F33B61A3
:1027F00008E0154BD3F8843003F03F03154AB2FBD1
:10280000F3F33B61104BD3F884309B09C3F3080208
:102810003B6902FB03F3BB600B4BD3F884301B0F07
:1028200003F00703BA68B2FBF3F37B6102E0002315
:102830007B6100BF00E000BF7B6918461C37BD46C6
:102840005DF8047B704700BF003802400080BB0089
:1028500040787D010024F40080B483B000AF0346CB
:10286000FB71FB79012B06D1094B1B6F084A43F022
:102870000803136705E0064B1B6F054A23F00803A6
:10288000136700BF0C37BD465DF8047B704700BF7F
:102890000038024080B584B000AF78601E4B002243
:1028A0001A60F8F7ADFCF86008E0F8F7A9FC0246FA
:1028B000FB68D31A022B01D9032329E0174B1B68AD
:1028C00003F00063002BF0D17B681A687B685B68BB
:1028D0009B011A437B689B681B0710491343C1F88F
:1028E00084300D4B01221A60F8F78AFCF86008E08A
:1028F000F8F786FC0246FB68D31A022B01D90323A2
:1029000006E0064B1B6803F00063002BF0D00023A9
:1029100018461037BD4680BD680047420038024067
:1029200080B582B000AF0D4B00221A60F8F768FC4A
:10293000786008E0F8F764FC02467B68D31A022B43
:1029400001D9032306E0064B1B6803F00063002B4C
:10295000F0D1002318460837BD4680BD68004742C5
:102960000038024080B582B000AFF8F749FC7860CB
:102970005D4B1B685C4A43F00103136008E0F8F705
:102980003FFC02467B68D31A022B01D90323A7E040
:10299000554B1B6803F00203002BF0D0524B1B6811
:1029A000514A43F080031360F8F72AFC78604E4BDD
:1029B00000229A600AE0F8F723FC02467B68D31AEB
:1029C00041F28832934201D9032389E0464B9B6848
:1029D00003F00C03002BEED1F8F712FC7860424BA9
:1029E0001B68414A23F45023136008E0F8F708FC01
:1029F00002467B68D31A642B01D9032370E03A4B5B
:102A00001B6803F40033002BF0D1F8F7F9FB786072
:102A1000354B1B68344A23F08073136008E0F8F7E5
:102A2000EFFB02467B68D31A022B01D9032357E040
:102A30002D4B1B6803F00073002BF0D1F8F7E0FB7F
:102A40007860294B1B68284A23F08063136008E0F4
:102A5000F8F7D6FB02467B68D31A022B01D9032371
:102A60003EE0214B1B6803F00063002BF0D11E4BAE
:102A70001E4A5A601C4B1E4AC3F884201A4BDB685E
:102A8000194A23F4F853D360174BDB68164A23F432
:102A90000053D360144BDB68134A43F41F03D36025
:102AA000114BDB68104A43F40013D3600E4B5B6F8D
:102AB0000D4A23F0010353670B4B5B6F0A4A43F047
:102AC000807353670B4B0C4A1A600C4B1B681846FB
:102AD000F8F752FB0346002B01D0012300E000234E
:102AE00018460837BD4680BD00380240103000044B
:102AF00010300020200000200024F40004000020FA
:102B000080B586B000AFF860B960C7E90023234BF9
:102B10001B7E012B01D102233BE0204B01221A76C0
:102B20004CF2503000F0B0F90346FB75FB7D002BF2
:102B30002BD1FB68002B05D13B781946B86800F013
:102B40005BFA16E0FB68012B05D13B881946B86893
:102B500000F02EFA0DE0FB68022B05D13B68194608
:102B6000B86800F003FA04E0D7E90023B86800F081
:102B7000CBF94CF2503000F087F90346FB75084B57
:102B80001B69074A23F001031361044B00221A76E4
:102B9000FB7D18461837BD4680BD00BFEC00002005
:102BA000003C024080B586B000AFF860B960C7E96C
:102BB00000230023FB751B4B1B691A4A43F08073EB
:102BC0001361184B1B69174A43F000731361164BCE
:102BD00003221A70144ABB685361FB68002B05D1AD
:102BE0003B781946B86800F007FA16E0FB68012B3D
:102BF00005D13B881946B86800F0DAF90DE0FB68AA
:102C0000022B05D13B681946B86800F0AFF904E023
:102C1000D7E90023B86800F077F9FB7D184618372C
:102C2000BD4680BD003C0240EC00002080B582B073
:102C300000AF00237B60494BDB6803F4F973002B82
:102C400020D0474B1B78DBB2012B07D1444BDB680C
:102C50007B60434B4FF0FF32DA600BE0404B1B7858
:102C6000DBB2022B03D13E4B1B697B6002E03C4B85
:102C70005B697B6000F0E2F9786800F07DF8384B22
:102C800000221A70354BDB6803F00103002B4AD099
:102C9000324B0122DA60324B1B78DBB2012B2DD193
:102CA0002F4B5B68013B2E4A53602D4B5B68002B1A
:102CB00015D02B4BDB687B60786800F053F8284B0D
:102CC000DB680133264AD360254BDB687B60244BED
:102CD0001B7ADBB21946786800F0EAFB23E04FF07C
:102CE000FF337B601E4A7B68D3601D4B00221A7045
:102CF00000F05CFD786800F035F814E0184B1B78A4
:102D0000DBB2022B07D100F051FD154B1B691846B1
:102D100000F028F804E0124B5B69184600F022F836
:102D20000F4B00221A700E4B1B78DBB2002B11D117
:102D30000A4B1B69094A23F0FF031361074B1B6908
:102D4000064A23F080731361044B1B69034A23F086
:102D50000073136100BF0837BD4680BD003C0240D0
:102D6000EC00002080B483B000AF786000BF0C3767
:102D7000BD465DF8047B704780B483B000AF7860D7
:102D800000BF0C37BD465DF8047B704780B483B04C
:102D900000AF0023FB710B4B1B69002B0BDA094BB7
:102DA000094A5A60074B094A5A60064B1B69002BB7
:102DB00001DA0123FB71FB7918460C37BD465DF83B
:102DC000047B7047003C024023016745AB89EFCD8F
:102DD00080B400AF054B1B69044A43F00043136104
:102DE00000231846BD465DF8047B7047003C024056
:102DF00080B400AF094B5B6903F00103002B07D0DF
:102E0000064B074A9A60054B064A9A60002300E089
:102E100001231846BD465DF8047B7047003C024024
:102E20003B2A19087F6E5D4C80B400AF054B5B698F
:102E3000044A43F00103536100231846BD465DF880
:102E4000047B7047003C024080B500AF074B1B7805
:102E5000DBB2064A43F00203DBB213704CF250308F
:102E600000F012F80346184680BD00BF143C024033
:102E700080B400AF034BDB691846BD465DF8047BA8
:102E8000704700BFEC00002080B584B000AF7860D0
:102E90000023FB601A4B0022DA61F8F7B1F9F86001
:102EA00010E07B68B3F1FF3F0CD07B68002B07D0AC
:102EB000F8F7A6F90246FB68D31A7A689A4201D25B
:102EC000032319E00F4BDB6803F48033002BE8D1B8
:102ED0000C4BDB6803F00103002B02D0094B0122ED
:102EE000DA60084BDB6803F4F973002B03D000F0C1
:102EF000A5F8012300E0002318461037BD4680BD29
:102F0000EC000020003C024080B485B000AFF860C7
:102F1000C7E90023144B1B69134A23F44073136160
:102F2000114B1B69104A43F4407313610E4B1B692C
:102F30000D4A43F001031361FB683A681A60BFF35E
:102F40006F8F00BFD7E900014FF000024FF0000380
:102F50000A000023F968043113460B6000BF1437E0
:102F6000BD465DF8047B7047003C024080B483B0EE
:102F700000AF786039600D4B1B690C4A23F4407335
:102F800013610A4B1B69094A43F400731361074B31
:102F90001B69064A43F0010313617B683A681A60B3
:102FA00000BF0C37BD465DF8047B7047003C024013
:102FB00080B483B000AF78600B467B800D4B1B69FB
:102FC0000C4A23F4407313610A4B1B69094A43F40A
:102FD00080731361074B1B69064A43F001031361B9
:102FE0007B687A881A8000BF0C37BD465DF8047B89
:102FF000704700BF003C024080B483B000AF7860EF
:103000000B46FB700C4B1B690B4A23F44073136196
:10301000094B094A1B691361074B1B69064A43F0B8
:10302000010313617B68FA781A7000BF0C37BD4644
:103030005DF8047B704700BF003C024080B400AFE5
:103040002F4BDB6803F01003002B08D02D4BDB69FE
:1030500043F010032B4AD361294B1022DA60284B2E
:10306000DB6803F02003002B08D0264BDB6943F01C
:103070000803244AD361224B2022DA60204BDB680C
:1030800003F04003002B08D01E4BDB6943F0040320
:103090001C4AD3611A4B4022DA60194BDB6803F0FB
:1030A0008003002B08D0174BDB6943F00203154A5D
:1030B000D361134B8022DA60114BDB6803F4807319
:1030C000002B09D00F4BDB6943F001030D4AD3619C
:1030D0000B4B4FF48072DA60094BDB6803F002039C
:1030E000002B08D0074BDB6943F02003054AD3616E
:1030F000034B0222DA6000BFBD465DF8047B7047D7
:10310000003C0240EC00002080B584B000AF786045
:1031100039600023BB60314B1B7E012B01D10223A0
:1031200058E02E4B01221A764CF25030FFF7ACFEDD
:103130000346FB73FB7B002B48D13B684FF0FF320B
:103140001A607B681B68012B15D17B681B69DAB29A
:103150007B685B681946104600F086F94CF25030E7
:10316000FFF792FE0346FB731D4B1B691C4A23F0BD
:103170000403136128E07B689B68BB601CE07B68EC
:103180001B69DBB21946B86800F092F94CF2503076
:10319000FFF77AFE0346FB73114B1B69104A23F0BD
:1031A000FA031361FB7B002B03D03B68BA681A60FB
:1031B0000AE0BB680133BB607B68DA687B689B68A8
:1031C0001344BA689A42DAD300F0F0FA034B0022B3
:1031D0001A76FB7B18461037BD4680BDEC000020F8
:1031E000003C024080B584B000AF78600023FB73E0
:1031F000204B1B691F4A43F0807313611D4B1B69F1
:103200001C4A43F0007313611A4BF322DA607B68A7
:103210001B68012B10D1184B02221A707B685B6867
:10322000154A13617B681B69DAB27B685B681946D3
:10323000104600F019F918E00F4B01221A707B6854
:10324000DB680D4A53607B689B680B4AD3607B68E0
:103250001B69DAB2084B1A727B689A687B681B6933
:10326000DBB21946104600F023F9FB7B18461037F5
:10327000BD4680BD003C0240EC00002080B584B01B
:1032800000AF78600123FB73324B1B7E012B01D111
:1032900002235BE02F4B01221A767B681B6803F048
:1032A0000103002B18D07B685B68012B0AD17B6877
:1032B0009A687B68DB681946104600F041F90346BE
:1032C000FB7309E07B689A687B68DB6819461046E7
:1032D00000F058F90346FB737B681B6803F0020398
:1032E000002B07D07B681B69DBB2184600F0ACF9F5
:1032F0000346FB737B681B6803F00403002B13D0A9
:103300007B681B7E03F02003D8B27B681B7E03F032
:103310004003D9B27B681B7E23F07F03DBB21A46E1
:1033200000F0ACF90346FB737B681B6803F00803ED
:10333000002B07D07B685B69DBB2184600F0CCF944
:103340000346FB73034B00221A76FB7B18461037AB
:10335000BD4680BDEC00002080B582B000AF786033
:103360007B680F221A6000F0E5F903461A467B6875
:103370009A6000F0EBF903461A467B681A6100F088
:10338000C9F903461A467B681A7600F0FFF903462E
:103390001A467B685A6100BF0837BD4680BD80B5BC
:1033A00084B000AF78600123FB737B681B6803F077
:1033B0000103002B12D07B685B68012B07D17B686F
:1033C0001B89184600F0FEF80346FB7306E07B6895
:1033D0001B89184600F016F90346FB73FB7B184661
:1033E0001037BD4680BD000080B483B000AF786068
:1033F000054B1B889AB27B681A8100BF0C37BD460B
:103400005DF8047B704700BF163C024080B483B077
:1034100000AF094B1B78DBB203F07F03FB71064A58
:10342000FB7963F07F03DBB21370002318460C377F
:10343000BD465DF8047B7047173C024080B483B002
:1034400000AF084B1B78DBB203F07F03FB71054A2A
:10345000FB791370002318460C37BD465DF8047BDA
:10346000704700BF173C024080B483B000AF0346F2
:103470003960FB710D4B1B690C4A23F440731361D7
:103480000A4B1B69094A43F004031361074B1A698D
:10349000FB791B021343054A43F48033136100BFD9
:1034A0000C37BD465DF8047B704700BF003C02400E
:1034B00080B485B000AF78600B46FB700023FB60E2
:1034C000FB78002B02D10023FB6010E0FB78012B7E
:1034D00003D14FF48073FB6009E0FB78022B03D12A
:1034E0004FF40073FB6002E04FF44073FB60134B3A
:1034F0001B69124A23F440731361104B1A690F4978
:10350000FB6813430B610D4B1B690C4A23F0F80356
:1035100013610A4B1A697B68DB001343074A43F0C7
:1035200002031361054B1B69044A43F480331361A2
:1035300000BF1437BD465DF8047B7047003C024075
:1035400080B584B000AF786039600023FB734CF223
:103550005030FFF799FC0346FB73FB7B002B0AD12D
:10356000074B1B889AB27B689BB2DB439BB2044932
:1035700013409BB20B80FB7B18461037BD4680BDC5
:10358000163C024080B584B000AF786039600023FB
:10359000FB734CF25030FFF777FC0346FB73FB7B69
:1035A000002B08D1064B1B889AB27B689BB204495A
:1035B00013439BB20B80FB7B18461037BD4680BD82
:1035C000163C024080B584B000AF78600023FB73E6
:1035D0004CF25030FFF758FC0346FB73FB7B002B8B
:1035E00008D1074B1B889AB27B689BB204491343EE
:1035F0009BB20B80FB7B18461037BD4680BD00BFD9
:10360000163C024080B584B000AF78600023FB73A5
:103610004CF25030FFF738FC0346FB73FB7B002B6A
:103620000AD1084B1B889AB27B689BB2DB439BB2E2
:10363000044913409BB20B80FB7B18461037BD46F4
:1036400080BD00BF163C024080B584B000AF034689
:10365000FB710023FB734CF25030FFF715FC03465F
:10366000FB73FB7B002B02D1034AFB791370FB7BBE
:1036700018461037BD4680BD153C024080B584B069
:1036800000AF0346FB710B46BB7113467B710023F1
:10369000FB734CF25030FFF7F7FB0346FB73FB7BE9
:1036A000002B11D10B4B1B78DBB203F01F03BB7354
:1036B000BA79BB7B1343DAB27B791343DAB205499B
:1036C000FB791343DBB20B70FB7B18461037BD460A
:1036D00080BD00BF143C024080B483B000AF0346FD
:1036E000FB710B4B1B78DBB2094A23F00C03DBB2F6
:1036F0001370074B1B78DAB20549FB791343DBB231
:103700000B70002318460C37BD465DF8047B7047EC
:10371000143C024080B400AF054B5B69DBB223F080
:103720001F03DBB21846BD465DF8047B704700BF3F
:10373000003C024080B400AF034B1B889BB218468C
:10374000BD465DF8047B7047163C024080B483B0F0
:1037500000AFAA23FB710C4B1B78DBB2CC2B02D140
:10376000CC23FB7109E0084B1B78DBB2AA2B02D1FA
:10377000AA23FB7101E05523FB71FB7918460C3736
:10378000BD465DF8047B7047153C024080B400AF35
:10379000054B1B78DBB203F00C03DBB21846BD46C9
:1037A0005DF8047B704700BF143C024080B400AF5A
:1037B000204B1B6803F40073002B17D01D4B1B68B4
:1037C0001C4A23F4007313601A4B1B68194A43F414
:1037D00000631360174B1B68164A23F400631360E1
:1037E000144B1B68134A43F400731360114B1B689E
:1037F00003F48063002B17D00E4B1B680D4A23F493
:10380000806313600B4B1B680A4A43F480531360B8
:10381000084B1B68074A23F480531360054B1B6851
:10382000044A43F48063136000BFBD465DF8047B27
:10383000704700BF003C024080B489B000AF7860A0
:10384000396000237B6100233B610023BB610023BF
:10385000FB6159E10122FB6902FA03F37B613B68DA
:103860001B687A6913403B613A697B699A4240F070
:1038700048813B685B6803F00303012B05D03B687C
:103880005B6803F00303022B30D17B689B68BB614C
:10389000FB695B00032202FA03F3DB43BA691340BE
:1038A000BB613B68DA68FB695B0002FA03F3BA6943
:1038B0001343BB617B68BA699A607B685B68BB61D4
:1038C0000122FB6902FA03F3DB43BA691340BB61CF
:1038D0003B685B681B0903F00102FB6902FA03F312
:1038E000BA691343BB617B68BA695A603B685B681D
:1038F00003F00303032B17D07B68DB68BB61FB6914
:103900005B00032202FA03F3DB43BA691340BB6195
:103910003B689A68FB695B0002FA03F3BA691343D8
:10392000BB617B68BA69DA603B685B6803F00303DC
:10393000022B23D1FB69DA087B68083253F8223066
:10394000BB61FB6903F007039B000F2202FA03F33C
:10395000DB43BA691340BB613B681A69FB6903F03A
:1039600007039B0002FA03F3BA691343BB61FB69C7
:10397000DA087B680832B96943F822107B681B6853
:10398000BB61FB695B00032202FA03F3DB43BA6904
:103990001340BB613B685B6803F00302FB695B009B
:1039A00002FA03F3BA691343BB617B68BA691A6010
:1039B0003B685B6803F44033002B00F0A2800023D7
:1039C000FB60574B5B6C564A43F480435364544B43
:1039D0005B6C03F48043FB60FB68524AFB699B0805
:1039E000023352F82330BB61FB6903F003039B00F1
:1039F0000F2202FA03F3DB43BA691340BB617B6811
:103A0000494A934219D07B68484A934213D07B6855
:103A1000474A93420DD07B68464A934207D07B6861
:103A2000454A934201D1042308E0072306E003231B
:103A300004E0022302E0012300E00023FA6902F01F
:103A4000030292009340BA691343BB613549FB6995
:103A50009B080233BA6941F82320384B9B68BB614D
:103A60003B69DB43BA691340BB613B685B6803F4A5
:103A70008013002B03D0BA693B691343BB612F4A03
:103A8000BB6993602D4BDB68BB613B69DB43BA6963
:103A90001340BB613B685B6803F40013002B03D049
:103AA000BA693B691343BB61244ABB69D360234BAA
:103AB0005B68BB613B69DB43BA691340BB613B6830
:103AC0005B6803F40033002B03D0BA693B691343EE
:103AD000BB611A4ABB695360184B1B68BB613B69E9
:103AE000DB43BA691340BB613B685B6803F4803316
:103AF000002B03D0BA693B691343BB610F4ABB6912
:103B00001360FB690133FB61FB690F2B7FF6A2AEEB
:103B100000BF00BF2437BD465DF8047B704700BF7F
:103B2000003802400038014000000240000402401A
:103B300000080240000C024000100240003C01401E
:103B400080B487B000AF7860396000233B61002308
:103B5000FB600023BB6000237B61BBE001227B692B
:103B600002FA03F33B613A683B691340FB60FA6871
:103B70003B699A4240F0AB805C4A7B699B08023308
:103B800052F82330BB607B6903F003039B000F22D4
:103B900002FA03F3BA681340BB607B68544A93424D
:103BA00019D07B68534A934213D07B68524A9342A0
:103BB0000DD07B68514A934207D07B68504A9342AC
:103BC00001D1042308E0072306E0032304E00223D5
:103BD00002E0012300E000237A6902F00302920070
:103BE0009340BA689A4232D1464B1A68FB68DB436D
:103BF000444913400B60434B5A68FB68DB4341491F
:103C000013404B603F4BDA68FB68DB433D49134090
:103C1000CB603C4B9A68FB68DB433A4913408B60AE
:103C20007B6903F003039B000F2202FA03F3BB60DE
:103C30002E4A7B699B08023352F82310BB68DA4393
:103C40002A487B699B080A40023340F823207B689E
:103C50001A687B695B00032101FA03F3DB431A4016
:103C60007B681A607B69DA087B68083253F8221097
:103C70007B6903F007039B000F2202FA03F3DB4387
:103C80007A69D20819407B68083243F822107B68B1
:103C9000DA687B695B00032101FA03F3DB431A4016
:103CA0007B68DA607B685A6801217B6901FA03F35B
:103CB000DB431A407B685A607B689A687B695B00CB
:103CC000032101FA03F3DB431A407B689A607B69A6
:103CD00001337B617B690F2B7FF640AF00BF00BFD4
:103CE0001C37BD465DF8047B704700BF00380140BB
:103CF000000002400004024000080240000C0240A4
:103D000000100240003C014080B485B000AF7860F4
:103D10000B467B807B681A697B881340002B02D09E
:103D20000123FB7301E00023FB73FB7B1846143770
:103D3000BD465DF8047B704780B483B000AF786007
:103D40000B467B8013467B707B78002B03D07A88F0
:103D50007B689A6103E07B881A047B689A6100BFE4
:103D60000C37BD465DF8047B704780B485B000AF6A
:103D700078600B467B807B685B69FB607A88FB68B8
:103D800013401A04FB68D9437B880B401A437B68B5
:103D90009A6100BF1437BD465DF8047B704780B45C
:103DA00085B000AF78600B467B804FF48033FB60BA
:103DB0007A88FB681343FB60FA687B68DA617A886B
:103DC0007B68DA61FA687B68DA617B68DB69FB60D3
:103DD0007B68DB6903F48033002B01D0002300E013
:103DE000012318461437BD465DF8047B7047000078
:103DF00080B582B000AF0346FB80084B5A69FB8850
:103E00001340002B06D0054AFB885361FB881846F7
:103E100000F006F800BF0837BD4680BD003C0140F9
:103E200080B483B000AF0346FB8000BF0C37BD46B3
:103E30005DF8047B7047000080B586B000AF786005
:103E400000237B61F7F7DCF938617B68002B01D137
:103E5000012399E07B68022283F835207B680022E9
:103E600083F834207B681B681A687B681B6822F023
:103E700001021A600FE0F7F7C3F902463B69D31A53
:103E8000052B08D97B6820225A657B68032283F8BA
:103E90003520032378E07B681B681B6803F001036F
:103EA000002BE8D17B681B681B687B617A69384B03
:103EB00013407B617B685A687B689B681A437B6808
:103EC000DB681A437B681B691A437B685B691A438A
:103ED0007B689B691A437B68DB691A437B681B6AB2
:103EE00013437A6913437B617B685B6A042B07D1B8
:103EF0007B68DA6A7B681B6B13437A6913437B61C7
:103F00007B681B687A691A607B681B685B697B61E8
:103F10007B6923F007037B617B685B6A7A691343E3
:103F20007B617B685B6A042B17D17B689B6A7A692B
:103F300013437B617B68DB6A002B0ED0786800F04E
:103F400051FD0346002B08D07B6840225A657B68F0
:103F5000012283F83520012316E07B681B687A690B
:103F60005A61786800F008FD0346FB607B68DB6DF2
:103F70003F229A40FB689A607B6800225A657B6802
:103F8000012283F83520002318461837BD4680BD2E
:103F90003F8010F080B584B000AF78607B68002B64
:103FA00001D1012350E07B6893F83530DBB2022B5E
:103FB00001D1022348E07B681B681A687B681B6894
:103FC00022F001021A607B681B6800221A607B687D
:103FD0001B6800225A607B681B6800229A607B681D
:103FE0001B680022DA607B681B6800221A617B680C
:103FF0001B6821225A61786800F0BEFC0346FB6012
:104000007B680022DA637B6800221A647B680022E6
:104010005A647B6800229A647B680022DA647B68B9
:1040200000221A657B68DB6D3F229A40FB689A602C
:104030007B6800225A657B68002283F835207B6804
:10404000002283F83420002318461037BD4680BD77
:1040500080B586B000AFF860B9607A603B6000233D
:10406000FB75FB6893F83430012B01D1022326E065
:10407000FB68012283F83420FB6893F83530DBB20B
:10408000012B15D1FB68022283F83520FB68002242
:104090005A653B687A68B968F86800F03FFCFB68CD
:1040A0001B681A68FB681B6842F001021A6005E091
:1040B000FB68002283F834200223FB75FB7D184641
:1040C0001837BD4680BD80B586B000AFF860B960D6
:1040D0007A603B600023FB75FB689B6D3B61FB686E
:1040E00093F83430012B01D1022340E0FB68012218
:1040F00083F83420FB6893F83530DBB2012B2FD1E5
:10410000FB68022283F83520FB6800225A653B6871
:104110007A68B968F86800F001FCFB68DB6D3F2243
:104120009A403B699A60FB681B681A68FB681B68C9
:1041300042F016021A60FB681B6C002B07D0FB686C
:104140001B681A68FB681B6842F008021A60FB686B
:104150001B681A68FB681B6842F001021A6005E0E0
:10416000FB68002283F834200223FB75FB7D184690
:104170001837BD4680BD80B584B000AF78607B68DD
:104180009B6DFB60F7F73CF8B8607B6893F83530BF
:10419000DBB2022B08D07B6880225A657B68002244
:1041A00083F83420012352E07B681B681A687B681F
:1041B0001B6822F016021A607B681B685A697B68CC
:1041C0001B6822F080025A617B681B6C002B03D1B4
:1041D0007B689B6C002B07D07B681B681A687B6828
:1041E0001B6822F008021A607B681B681A687B68EB
:1041F0001B6822F001021A6013E0F7F701F802468B
:10420000BB68D31A052B0CD97B6820225A657B68C2
:10421000032283F835207B68002283F834200323AF
:1042200015E07B681B681B6803F00103002BE4D1D9
:104230007B68DB6D3F229A40FB689A607B680122B5
:1042400083F835207B68002283F834200023184649
:104250001037BD4680BD80B483B000AF78607B6806
:1042600093F83530DBB2022B04D07B6880225A658C
:1042700001230CE07B68052283F835207B681B68EE
:104280001A687B681B6822F001021A600023184636
:104290000C37BD465DF8047B704780B58AB000AF2F
:1042A000F8600B467A60FB720023FB77F6F7A8FFF5
:1042B000B861FB6893F83530DBB2022B08D0FB689D
:1042C00080225A65FB68002283F834200123BFE076
:1042D000FB681B681B6803F48073002B05D0FB6828
:1042E0004FF480725A650123B2E0FB7A002B06D1AD
:1042F000FB68DB6D202202FA03F37B6205E0FB68BA
:10430000DB6D102202FA03F37B62FB689B6D7B611D
:104310007B691B683B625AE07B68B3F1FF3F17D0B3
:104320007B68002B07D0F6F76BFF0246BB69D31AF8
:104330007A689A420CD2FB6820225A65FB680122F7
:1043400083F83520FB68002283F8342003237FE0C4
:104350007B691B683B62FB68DB6D08229A403B6A05
:104360001340002B0BD0FB685B6D43F00102FB6830
:104370005A65FB68DB6D08229A407B699A60FB688E
:10438000DB6D01229A403B6A1340002B0BD0FB6887
:104390005B6D43F00202FB685A65FB68DB6D01222E
:1043A0009A407B699A60FB68DB6D04229A403B6A05
:1043B0001340002B0BD0FB685B6D43F00402FB68DD
:1043C0005A65FB68DB6D04229A407B699A603A6A01
:1043D0007B6A1340002B05D1FB685B6D03F0010382
:1043E000002B99D0FB685B6D002B18D0FB685B6DD0
:1043F00003F00103002B12D0F868FFF7BCFEFB6846
:10440000DB6D30229A407B699A60FB68012283F859
:104410003520FB68002283F83420012318E0FB7A62
:10442000002B0ED1FB68DB6D30229A407B699A60CD
:10443000FB68012283F83520FB68002283F83420D2
:1044400005E0FB68DB6D10229A407B699A60FB7F78
:1044500018462837BD4680BD80B586B000AF78606D
:104460000023BB608E4B1B688E4AA2FB03239B0A72
:104470007B617B689B6D3B613B691B68FB607B6874
:10448000DB6D08229A40FB681340002B1AD07B6832
:104490001B681B6803F00403002B13D07B681B68A8
:1044A0001A687B681B6822F004021A607B68DB6D67
:1044B00008229A403B699A607B685B6D43F0010279
:1044C0007B685A657B68DB6D01229A40FB6813406C
:1044D000002B12D07B681B685B6903F08003002B04
:1044E0000BD07B68DB6D01229A403B699A607B6848
:1044F0005B6D43F002027B685A657B68DB6D0422CA
:104500009A40FB681340002B12D07B681B681B6825
:1045100003F00203002B0BD07B68DB6D04229A4072
:104520003B699A607B685B6D43F004027B685A6567
:104530007B68DB6D10229A40FB681340002B43D050
:104540007B681B681B6803F00803002B3CD07B686A
:10455000DB6D10229A403B699A607B681B681B6880
:1045600003F48023002B18D07B681B681B6803F4BE
:104570000023002B08D17B681B6C002B24D07B68A8
:104580001B6C786898471FE07B689B6C002B1BD0E6
:104590007B689B6C7868984716E07B681B681B6893
:1045A00003F48073002B07D17B681B681A687B6853
:1045B0001B6822F008021A607B681B6C002B03D07A
:1045C0007B681B6C786898477B68DB6D20229A407B
:1045D000FB681340002B00F08F807B681B681B6812
:1045E00003F01003002B00F087807B68DB6D202236
:1045F0009A403B699A607B6893F83530DBB2052BB3
:1046000036D17B681B681A687B681B6822F016022B
:104610001A607B681B685A697B681B6822F08002FD
:104620005A617B681B6C002B03D17B689B6C002B51
:1046300007D07B681B681A687B681B6822F0080239
:104640001A607B68DB6D3F229A403B699A607B6809
:10465000012283F835207B68002283F834207B68B0
:104660001B6D002B7ED07B681B6D7868984779E0C6
:104670007B681B681B6803F48023002B1DD07B68BC
:104680001B681B6803F40023002B0DD17B685B6C57
:10469000002B31D07B685B6C786898472CE000BFBA
:1046A00020000020B5814E1B7B68DB6B002B23D0E4
:1046B0007B68DB6B786898471EE07B681B681B682B
:1046C00003F48073002B0FD17B681B681A687B682A
:1046D0001B6822F010021A607B68012283F83520E3
:1046E0007B68002283F834207B68DB6B002B03D0CF
:1046F0007B68DB6B786898477B685B6D002B32D0FA
:104700007B685B6D03F00103002B22D07B680522E0
:1047100083F835207B681B681A687B681B6822F069
:1047200001021A60BB680133BB607A699A4207D301
:104730007B681B681B6803F00103002BF2D100E0CB
:1047400000BF7B68012283F835207B68002283F854
:1047500034207B68DB6C002B05D07B68DB6C7868D1
:10476000984700E000BF1837BD4680BD80B487B0D1
:1047700000AFF8600B467A60FB720023FB75FB68A4
:1047800093F83430012B01D102233DE0FB68012274
:1047900083F83420FB6893F83530DBB2012B2CD141
:1047A000FB7A052B26D801A252F823F0C547010851
:1047B000CD470108D5470108DD470108E547010855
:1047C000ED470108FB687A68DA6318E0FB687A68ED
:1047D0001A6414E0FB687A685A6410E0FB687A682F
:1047E0009A640CE0FB687A68DA6408E0FB687A682F
:1047F0001A6504E00123FB7501E00123FB75FB68EA
:10480000002283F83420FB7D18461C37BD465DF836
:10481000047B704780B485B000AF78600B46FB70B6
:104820000023FB737B6893F83430012B01D1022302
:1048300053E07B68012283F834207B6893F835309D
:10484000DBB2012B42D1FB78062B3CD801A252F8F7
:1048500023F000BF71480108794801088148010828
:10486000894801089148010899480108A1480108B0
:104870007B680022DA632BE07B6800221A6427E061
:104880007B6800225A6423E07B6800229A641FE060
:104890007B680022DA641BE07B6800221A6517E05F
:1048A0007B680022DA637B6800221A647B6800223E
:1048B0005A647B6800229A647B680022DA647B6811
:1048C00000221A6504E00123FB7301E00123FB735E
:1048D0007B68002283F83420FB7B18461437BD46E2
:1048E0005DF8047B704700BF80B483B000AF786090
:1048F0007B6893F83530DBB218460C37BD465DF85F
:10490000047B704780B483B000AF78607B685B6DD8
:1049100018460C37BD465DF8047B704780B485B0FF
:1049200000AFF860B9607A603B60FB681B681A688A
:10493000FB681B6822F480221A60FB681B683A68D7
:104940005A60FB689B68402B08D1FB681B687A683B
:104950009A60FB681B68BA68DA6007E0FB681B684E
:10496000BA689A60FB681B687A68DA6000BF14371F
:10497000BD465DF8047B704780B485B000AF7860B9
:104980007B681B68DBB2103B144AA2FB03231B09A4
:10499000FB60134AFB6813441B781A467B68DA6590
:1049A000FB68032B09D97B681B6823F47F7323F012
:1049B00003031A1D7B689A6507E07B681B6823F474
:1049C0007F7323F003037A6893657B689B6D1846B9
:1049D0001437BD465DF8047B704700BFABAAAAAA96
:1049E00008A3010880B485B000AF78600023FB7392
:1049F0007B689B6ABB607B689B69002B1FD1BB688F
:104A0000032B56D801A252F823F000BF1D4A01081B
:104A10002F4A01081D4A0108B34A01087B68DB6A76
:104A200003F08073002B46D00123FB7343E07B68C7
:104A3000DB6AB3F1C07F40D10123FB733DE07B68AB
:104A40009B69B3F5005F21D1BB68032B37D801A266
:104A500052F823F0654A01086B4A0108654A0108CB
:104A60007D4A01080123FB7330E07B68DB6A03F0B9
:104A70008073002B25D00123FB7322E07B68DB6A67
:104A8000B3F1C07F1FD10123FB731CE0BB68022B75
:104A900003D9BB68032B03D018E00123FB7315E097
:104AA0007B68DB6A03F08073002B0ED00123FB735D
:104AB0000BE000BF0AE000BF08E000BF06E000BF57
:104AC00004E000BF02E000BF00E000BFFB7B18462F
:104AD0001437BD465DF8047B704700BF80B586B0D3
:104AE00000AFF860B9607A603B600023FB75FB683B
:104AF0009B68802B06D1FB684FF480725A650123B6
:104B0000FB7531E0FB6893F83430012B01D10223AF
:104B10002BE0FB68012283F83420FB6893F83530E2
:104B2000DBB2012B1ED1FB68022283F83520FB6823
:104B30001B681A68FB681B6842F480221A60FB68D5
:104B40001B683A681A613B6A7A68B968F86801F0CC
:104B500073F9FB681B681A68FB681B6842F0010266
:104B60001A6001E00223FB75FB7D18461837BD462D
:104B700080BD000080B586B000AFF860B9607A6093
:104B80003B600023FB75FB689B68802B06D1FB68AC
:104B90004FF480725A65012301F011B9FB68DB6B99
:104BA000002B07D0FB685B6C002B03D0FB68DB6C31
:104BB000002B05D1FB6840225A65012301F0FFB8A4
:104BC000FB6893F83430012B02D1022301F0F7B8CF
:104BD000FB68012283F83420FB6893F83530DBB2A0
:104BE000012B41F0E580FB68022283F83520FB6849
:104BF00000225A65FB681B681A68FB681B6842F450
:104C000080221A60FB681B683A681A613B6A7A68FE
:104C1000B968F86801F010F9FB681B681A468D4BFB
:104C20009A4260D9FB681B688B4A934257D0FB6855
:104C30001B688A4A934250D0FB681B68884A93429B
:104C400049D0FB681B68874A934242D0FB681B68C7
:104C5000854A93423AD0FB681B68844A934232D01B
:104C6000FB681B68824A93422AD0FB681B68814A12
:104C7000934222D0FB681B687F4A93421AD0FB689C
:104C80001B687E4A934212D0FB681B687C4A9342A1
:104C90000AD0FB681B687B4A934202D14FF4001391
:104CA0001EE04FF000631BE04FF4001318E04FF4D8
:104CB000001315E04FF4001312E04FF400630FE00F
:104CC0004FF400630CE04FF4006309E04FF400631D
:104CD00006E0202304E0202302E0202300E020233C
:104CE000694AD3604FE1FB681B681A46674B9A42DA
:104CF00060D9FB681B68584A934257D0FB681B6811
:104D0000564A934250D0FB681B68554A934249D09B
:104D1000FB681B68534A934242D0FB681B68524AA7
:104D200093423AD0FB681B68504A934232D0FB68EA
:104D30001B684F4A93422AD0FB681B684D4A934236
:104D400022D0FB681B684C4A93421AD0FB681B6850
:104D50004A4A934212D0FB681B68494A93420AD0E0
:104D6000FB681B68474A934202D14FF400131EE0D0
:104D70004FF000631BE04FF4001318E04FF40013F2
:104D800015E04FF4001312E04FF400630FE04FF40E
:104D900000630CE04FF4006309E04FF4006306E0A9
:104DA000202304E0202302E0202300E02023364AD1
:104DB0009360E8E0FB681B681A46354B9A4240F264
:104DC0008280FB681B68244A934278D0FB681B688A
:104DD000224A934271D0FB681B68214A93426AD0F1
:104DE000FB681B681F4A934263D0FB681B681E4A1E
:104DF00093425BD0FB681B681C4A934253D0FB680C
:104E00001B681B4A93424BD0FB681B68194A9342AC
:104E100043D0FB681B68184A93423BD0FB681B6871
:104E2000164A934212D0FB681B68154A93420AD077
:104E3000FB681B68134A934202D14FF400133FE012
:104E40004FF000633CE04FF4001339E04FF40013DF
:104E500036E000BF58640240106002401064024017
:104E60007060024070640240286002402864024082
:104E70008860024088640240406002404064024012
:104E8000A0600240A064024000640240B86002409A
:104E9000586002404FF4001312E04FF400630FE03B
:104EA0004FF400630CE04FF4006309E04FF400633B
:104EB00006E0202304E0202302E0202300E020235A
:104EC0008C4AD3605FE0FB681B688B4A934257D0E3
:104ED000FB681B68894A934250D0FB681B68884A6C
:104EE000934249D0FB681B68864A934242D0FB68D4
:104EF0001B68854A93423AD0FB681B68834A9342F9
:104F000032D0FB681B68824A93422AD0FB681B6838
:104F1000804A934222D0FB681B687F4A93421AD092
:104F2000FB681B687D4A934212D0FB681B687C4A71
:104F300093420AD0FB681B687A4A934202D14FF42D
:104F400000131EE04FF000631BE04FF4001318E065
:104F50004FF4001315E04FF4001312E04FF4006318
:104F60000FE04FF400630CE04FF4006309E04FF4EE
:104F7000006306E0202304E0202302E0202300E079
:104F800020235C4A9360FB681B681A46664B9A4272
:104F900060D9FB681B68584A934257D0FB681B686E
:104FA000564A934250D0FB681B68554A934249D0F9
:104FB000FB681B68534A934242D0FB681B68524A05
:104FC00093423AD0FB681B68504A934232D0FB6848
:104FD0001B684F4A93422AD0FB681B684D4A934294
:104FE00022D0FB681B684C4A93421AD0FB681B68AE
:104FF0004A4A934212D0FB681B68494A93420AD03E
:10500000FB681B68474A934202D14FF480131EE0AD
:105010004FF080631BE04FF4801318E04FF48013CF
:1050200015E04FF4801312E04FF480630FE04FF46B
:1050300080630CE04FF4806309E04FF4806306E086
:10504000102304E0102302E0102300E01023374A6D
:10505000D3604FE1FB681B681A46354B9A4240F219
:105060008280FB681B68244A934278D0FB681B68E7
:10507000224A934271D0FB681B68214A93426AD04E
:10508000FB681B681F4A934263D0FB681B681E4A7B
:1050900093425BD0FB681B681C4A934253D0FB6869
:1050A0001B681B4A93424BD0FB681B68194A93420A
:1050B00043D0FB681B68184A93423BD0FB681B68CF
:1050C000164A934212D0FB681B68154A93420AD0D5
:1050D000FB681B68134A934202D14FF480133FE0F0
:1050E0004FF080633CE04FF4801339E04FF48013BD
:1050F00036E000BF006002401060024010640240D1
:1051000070600240706402402860024028640240DF
:10511000886002408864024040600240406402406F
:10512000A0600240A0640240586402400064024053
:10513000B86002404FF4801312E04FF480630FE038
:105140004FF480630CE04FF4806309E04FF4806318
:1051500006E0102304E0102302E0102300E01023F7
:105160008C4A9360C6E0FB681B681A468A4B9A42D9
:1051700060D9FB681B68894A934257D0FB681B685B
:10518000874A934250D0FB681B68864A934249D0B5
:10519000FB681B68844A934242D0FB681B68834AC1
:1051A00093423AD0FB681B68814A934232D0FB6835
:1051B0001B68804A93422AD0FB681B687E4A934250
:1051C00022D0FB681B687D4A93421AD0FB681B689B
:1051D0007B4A934212D0FB681B687A4A93420AD0FA
:1051E000FB681B68784A934202D14FF480131EE09B
:1051F0004FF080631BE04FF4801318E04FF48013EE
:1052000015E04FF4801312E04FF480630FE04FF489
:1052100080630CE04FF4806309E04FF4806306E0A4
:10522000102304E0102302E0102300E01023674A5B
:10523000D3605FE0FB681B68584A934257D0FB6815
:105240001B68574A934250D0FB681B68554A9342EB
:1052500049D0FB681B68544A934242D0FB681B68E4
:10526000524A93423AD0FB681B68514A934232D06B
:10527000FB681B684F4A93422AD0FB681B684E4A62
:10528000934222D0FB681B684C4A93421AD0FB68B9
:105290001B684B4A934212D0FB681B68494A9342F1
:1052A0000AD0FB681B68484A934202D14FF480132E
:1052B0001EE04FF080631BE04FF4801318E04FF4C2
:1052C000801315E04FF4801312E04FF480630FE079
:1052D0004FF480630CE04FF4806309E04FF4806387
:1052E00006E0102304E0102302E0102300E0102366
:1052F000364A9360FB681B681A46354B9A4240F267
:105300008280FB681B68254A934278D0FB681B6843
:10531000234A934271D0FB681B68224A93426AD0A9
:10532000FB681B68204A934263D0FB681B681F4AD6
:1053300093425BD0FB681B681D4A934253D0FB68C5
:105340001B681C4A93424BD0FB681B681A4A934265
:1053500043D0FB681B68194A93423BD0FB681B682B
:10536000174A934212D0FB681B68164A93420AD030
:10537000FB681B68144A934202D14FF400233FE0BC
:105380004FF000733CE04FF4002339E04FF400236A
:1053900036E000BF006402405860024010600240E6
:1053A0001064024070600240706402402860024055
:1053B00028640240886002408864024040600240E5
:1053C00040640240A0600240A064024000600240CD
:1053D000586402404FF4002312E04FF400730FE0D2
:1053E0004FF400730CE04FF4007309E04FF40073C6
:1053F00006E0082304E0082302E0082300E0082375
:105400008C4AD3604EE1FB681B681A468A4B9A426D
:1054100060D9FB681B68894A934257D0FB681B68B8
:10542000874A934250D0FB681B68864A934249D012
:10543000FB681B68844A934242D0FB681B68834A1E
:1054400093423AD0FB681B68814A934232D0FB6892
:105450001B68804A93422AD0FB681B687E4A9342AD
:1054600022D0FB681B687D4A93421AD0FB681B68F8
:105470007B4A934212D0FB681B687A4A93420AD057
:10548000FB681B68784A934202D14FF400231EE068
:105490004FF000731BE04FF4002318E04FF400239B
:1054A00015E04FF4002312E04FF400730FE04FF4C7
:1054B00000730CE04FF4007309E04FF4007306E052
:1054C000082304E0082302E0082300E00823594AE7
:1054D0009360E7E0FB681B681A46644B9A4260D908
:1054E000FB681B68554A934257D0FB681B68544AB7
:1054F000934250D0FB681B68524A934249D0FB68E4
:105500001B68514A934242D0FB681B684F4A934242
:105510003AD0FB681B684E4A934232D0FB681B6846
:105520004C4A93422AD0FB681B684B4A934222D0D4
:10553000FB681B68494A93421AD0FB681B68484ABB
:10554000934212D0FB681B68464A93420AD0FB681C
:105550001B68454A934202D14FF400231EE04FF0EE
:1055600000731BE04FF4002318E04FF4002315E014
:105570004FF4002312E04FF400730FE04FF4007378
:105580000CE04FF4007309E04FF4007306E00823C9
:1055900004E0082302E0082300E00823344AD36033
:1055A00080E0FB681B68254A934278D0FB681B6843
:1055B000234A934271D0FB681B68224A93426AD007
:1055C000FB681B68204A934263D0FB681B681F4A34
:1055D00093425BD0FB681B681D4A934253D0FB6823
:1055E0001B681C4A93424BD0FB681B681A4A9342C3
:1055F00043D0FB681B68194A93423BD0FB681B6889
:10560000174A934212D0FB681B68164A93420AD08D
:10561000FB681B68144A934202D14FF400233FE019
:105620004FF000733CE04FF4002339E04FF40023C7
:1056300036E000BF00640240B860024010600240E3
:1056400010640240706002407064024028600240B2
:105650002864024088600240886402404060024042
:1056600040640240A0600240A064024058600240D2
:10567000006002404FF4002312E04FF400730FE08B
:105680004FF400730CE04FF4007309E04FF4007323
:1056900006E0082304E0082302E0082300E00823D2
:1056A0008A4A9360FB681B681A46894B9A4260D904
:1056B000FB681B68874A934257D0FB681B68864A81
:1056C000934250D0FB681B68844A934249D0FB68E0
:1056D0001B68834A934242D0FB681B68814A93420D
:1056E0003AD0FB681B68804A934232D0FB681B6843
:1056F0007E4A93422AD0FB681B687D4A934222D09F
:10570000FB681B687B4A93421AD0FB681B687A4A85
:10571000934212D0FB681B68784A93420AD0FB6818
:105720001B68774A934202D14FF480231EE04FF06A
:1057300080731BE04FF4802318E04FF4802315E0C2
:105740004FF4802312E04FF480730FE04FF4807326
:105750000CE04FF4807309E04FF4807306E00423FB
:1057600004E0042302E0042300E00423654AD3603C
:1057700050E1FB681B681A46634B9A4260D9FB688C
:105780001B68544A934257D0FB681B68524A9342A5
:1057900050D0FB681B68514A934249D0FB681B6894
:1057A0004F4A934242D0FB681B684E4A93423AD01C
:1057B000FB681B684C4A934232D0FB681B684B4A1B
:1057C00093422AD0FB681B68494A934222D0FB6867
:1057D0001B68484A93421AD0FB681B68464A9342AA
:1057E00012D0FB681B68454A93420AD0FB681B68CD
:1057F000434A934202D14FF480231EE04FF080735E
:105800001BE04FF4802318E04FF4802315E04FF4A1
:10581000802312E04FF480730FE04FF480730CE0AC
:105820004FF4807309E04FF4807306E0042304E032
:10583000042302E0042300E00423324A9360E9E0F9
:10584000FB681B681A46314B9A4240F28380FB6822
:105850001B68204A934279D0FB681B681E4A93421A
:1058600072D0FB681B681D4A93426BD0FB681B68B3
:105870001B4A934264D0FB681B681A4A93425CD06F
:10588000FB681B68184A934254D0FB681B68174A90
:1058900093424CD0FB681B68154A934244D0FB6886
:1058A0001B68144A93423CD0FB681B68124A93421F
:1058B00034D0FB681B68114A93422CD0FB681B68EC
:1058C0000F4A934224D14FF4802340E0006002400D
:1058D0005864024010600240106402407060024050
:1058E00070640240286002402864024088600240E0
:1058F000886402404060024040640240A060024070
:10590000A064024000640240B86002405860024057
:105910004FF080731BE04FF4802318E04FF4802396
:1059200015E04FF4802312E04FF480730FE04FF442
:1059300080730CE04FF4807309E04FF4807306E04D
:10594000042304E0042302E0042300E004238B4A40
:10595000D3605FE0FB681B68894A934257D0FB68BD
:105960001B68884A934250D0FB681B68864A934262
:1059700049D0FB681B68854A934242D0FB681B688C
:10598000834A93423AD0FB681B68824A934232D0E2
:10599000FB681B68804A93422AD0FB681B687F4AD9
:1059A000934222D0FB681B687D4A93421AD0FB6861
:1059B0001B687C4A934212D0FB681B687A4A934268
:1059C0000AD0FB681B68794A934202D14FF48023C6
:1059D0001EE04FF080731BE04FF4802318E04FF47B
:1059E000802315E04FF4802312E04FF480730FE022
:1059F0004FF480730CE04FF4807309E04FF4807330
:105A000006E0042304E0042302E0042300E004236E
:105A10005A4A9360FB681B681A46654B9A425CD9E8
:105A2000FB681B68564A934253D0FB681B68554A73
:105A300093424CD0FB681B68534A934245D0FB68A5
:105A40001B68524A93423ED0FB681B68504A9342FF
:105A500037D0FB681B684F4A934230D0FB681B6805
:105A60004D4A934229D0FB681B684C4A934222D08E
:105A7000FB681B684A4A93421AD0FB681B68494A74
:105A8000934212D0FB681B68474A93420AD0FB68D6
:105A90001B68464A934202D14FF480331AE04FF418
:105AA000800317E04FF4803314E04FF4803311E0AB
:105AB0004FF480330EE040230CE040230AE0402303
:105AC00008E0402306E0012304E0012302E0012373
:105AD00000E00123374AD36041E1FB681B681A46A6
:105AE000354B9A427CD9FB681B68254A934273D098
:105AF000FB681B68234A93426CD0FB681B68224AF0
:105B0000934265D0FB681B68204A93425ED0FB68D5
:105B10001B681F4A934257D0FB681B681D4A93427B
:105B200050D0FB681B681C4A934249D0FB681B6835
:105B30001A4A934242D0FB681B68194A93421AD012
:105B4000FB681B68174A934212D0FB681B68164A11
:105B500093420AD0FB681B68144A934202D14FF467
:105B600080333AE04FF4800337E04FF4803334E081
:105B70004FF4803331E04FF480332EE00060024078
:105B80001060024010640240706002407064024085
:105B90002860024028640240886002408864024015
:105BA0004060024040640240A0600240A0640240A5
:105BB0005864024000640240B860024040230CE098
:105BC00040230AE0402308E0402306E0012304E0EC
:105BD000012302E0012300E001237B4A9360BEE041
:105BE000FB681B681A46794B9A425CD9FB681B68B4
:105BF000774A934253D0FB681B68764A93424CD055
:105C0000FB681B68744A934245D0FB681B68734A63
:105C100093423ED0FB681B68714A934237D0FB68C1
:105C20001B68704A934230D0FB681B686E4A9342EF
:105C300029D0FB681B686D4A934222D0FB681B6821
:105C40006B4A93421AD0FB681B686A4A934212D08F
:105C5000FB681B68684A93420AD0FB681B68674A66
:105C6000934202D14FF480331AE04FF4800317E0DF
:105C70004FF4803314E04FF4803311E04FF480335D
:105C80000EE040230CE040230AE0402308E04023DC
:105C900006E0012304E0012302E0012300E00123E8
:105CA000574AD3605BE0FB681B68494A934253D074
:105CB000FB681B68474A93424CD0FB681B68464A06
:105CC000934245D0FB681B68444A93423ED0FB6830
:105CD0001B68434A934237D0FB681B68414A934292
:105CE00030D0FB681B68404A934229D0FB681B6890
:105CF0003E4A934222D0FB681B683D4A93421AD029
:105D0000FB681B683B4A934212D0FB681B683A4A07
:105D100093420AD0FB681B68384A934202D14FF481
:105D200080331AE04FF4800317E04FF4803314E01F
:105D30004FF4803311E04FF480330EE040230CE049
:105D400040230AE0402308E0402306E0012304E06A
:105D5000012302E0012300E00123294A9360FB684C
:105D60001B681A68FB681B6842F016021A60FB6821
:105D70001B685A69FB681B6842F080025A61FB6825
:105D80001B6C002B03D1FB689B6C002B07D0FB68BE
:105D90001B681A68FB681B6842F008021A60FB68FF
:105DA0001B681A68FB681B6842F001021A6005E074
:105DB000FB68002283F834200223FB75FB7D184624
:105DC0001837BD4680BD00BF0064024058600240E5
:105DD0001060024010640240706002407064024033
:105DE00028600240286402408860024088640240C3
:105DF0004060024040640240A0600240A064024053
:105E00000060024080B485B000AFF860B96013460E
:105E1000FB71FB79002B04D1FB681B68BA68DA6060
:105E200003E0FB681B68BA681A6100231846143740
:105E3000BD465DF8047B704780B485B000AFF86064
:105E4000B9607A603B60FB681B683A685A60FB681F
:105E50009B68402B08D1FB681B687A689A60FB68D6
:105E60001B68BA68DA6007E0FB681B68BA689A606A
:105E7000FB681B687A68DA6000BF1437BD465DF8BE
:105E8000047B704780B400AF084B1B6A074A43F09D
:105E900080531362054B1B6A044A23F0805313623C
:105EA00000BFBD465DF8047B704700BF003802406C
:105EB00080B483B000AF064B01221A60054B1B680B
:105EC0007B607B6800BF0C37BD465DF8047B704784
:105ED00020000E420070004080B483B000AF064B3B
:105EE00000221A60054B1B687B607B6800BF0C3783
:105EF000BD465DF8047B704720000E4200700040F4
:105F000080B483B000AF78602B4B1B6823F0E002B5
:105F10007B681B68284913430B60284B5B68274A42
:105F200023F480335360254B1B68244A23F48033C9
:105F30001360224B9B68214A23F4803393601F4BEC
:105F4000DB681E4A23F48033D3607B685B6803F40C
:105F50008033002B05D0194B1B68184A43F480335B
:105F600013607B685B6803F40033002B05D0134B90
:105F70005B68124A43F4803353607B685B6803F0CC
:105F80000103002B05D00D4B9B680C4A43F4803372
:105F900093607B685B6803F00203002B05D0074B1E
:105FA000DB68064A43F48033D36000BF0C37BD463C
:105FB0005DF8047B704700BF00700040003C01406A
:105FC00080B400AF034B01221A6000BFBD465DF8EC
:105FD000047B704710000E4280B400AF034B0022D8
:105FE0001A6000BFBD465DF8047B704710000E428A
:105FF00080B483B000AF7860054B5A6804497B6871
:1060000013434B6000BF0C37BD465DF8047B7047FF
:106010000070004080B483B000AF7860064B5A68CF
:106020007B68DB43044913404B6000BF0C37BD461F
:106030005DF8047B704700BF0070004080B483B0FF
:1060400000AF78600B46FB700B4B1B690A4A23F0CC
:1060500004031361FB78012B01D130BF05E0FB780D
:10606000032B01D040BF20BF20BF00BF0C37BD466F
:106070005DF8047B704700BF00ED00E080B483B0A2
:1060800000AF78600B46FB70124B1B6823F00302D5
:1060900010497B6813430B600F4B1B690E4A43F09A
:1060A00004031361FB78012B01D130BF05E0FB78BD
:1060B000032B01D040BF20BF20BF074B1B69064AFE
:1060C00023F00403136100BF0C37BD465DF8047B69
:1060D000704700BF0070004000ED00E080B400AFEA
:1060E000084B1B68074A43F002031360064B1B6909
:1060F000054A43F00403136130BF00BFBD465DF89D
:10610000047B70470070004000ED00E080B500AFF8
:10611000064B5B6903F48033002B05D000F008F8D0
:10612000024B4FF480325A6100BF80BD003C0140F9
:1061300080B400AF00BFBD465DF8047B704700002F
:1061400080B400AF054B1B69044A43F0020313619E
:1061500000BFBD465DF8047B704700BF00ED00E066
:1061600080B400AF054B1B69044A23F0020313619E
:1061700000BFBD465DF8047B704700BF00ED00E046
:1061800080B400AF054B1B69044A43F01003136150
:1061900000BFBD465DF8047B704700BF00ED00E026
:1061A00080B400AF054B1B69044A23F01003136150
:1061B00000BFBD465DF8047B704700BF00ED00E006
:1061C00080B582B000AF00237B600E4B01221A60C5
:1061D000F5F716F8786009E0F5F712F802467B68E3
:1061E000D31AB3F57A7F01D9032306E0064B5B6827
:1061F00003F00803082BEFD1002318460837BD46EB
:1062000080BD00BFA4000E420070004080B582B087
:1062100000AF00237B600E4B00221A60F4F7F0FF02
:10622000786009E0F4F7ECFF02467B68D31AB3F517
:106230007A7F01D9032306E0064B5B6803F008036D
:10624000082BEFD0002318460837BD4680BD00BF9D
:10625000A4000E420070004080B400AF034B012246
:106260001A6000BFBD465DF8047B704724000E42F3
:1062700080B400AF034B00221A6000BFBD465DF83A
:10628000047B704724000E4280B400AF044B1B68AF
:1062900003F440431846BD465DF8047B704700BFD9
:1062A0000070004080B586B000AF786000237B614D
:1062B00000233B61354B1B6C344A43F0805313641D
:1062C000324B1B6C03F080533B613B692F4B9B6847
:1062D00003F00C03082B51D02D4B00221A60F4F769
:1062E0008FFF786108E0F4F78BFF02467B69D31AD1
:1062F000022B01D9032344E0244B1B6803F00073F5
:10630000002BF0D10023FB60224B1B6823F440429A
:1063100020497B6813430B601E4B1B6803F440430A
:10632000FB60FB681A4B01221A60F4F769FF786181
:1063300008E0F4F765FF02467B69D31A022B01D906
:1063400003231EE0114B1B6803F00073002BF0D0F9
:10635000F4F756FF786109E0F4F752FF02467B69D3
:10636000D31AB3F57A7F01D903230AE0094B5B689E
:1063700003F48043B3F5804FEED101E0012300E048
:10638000002318461837BD4680BD00BF00380240C4
:10639000600047420070004080B400AF034B012210
:1063A0001A6000BFBD465DF8047B70472C000E42AA
:1063B00080B400AF034B00221A6000BFBD465DF8F9
:1063C000047B70472C000E4280B400AF034B0122C7
:1063D0001A6000BFBD465DF8047B704728000E427E
:1063E00080B400AF034B00221A6000BFBD465DF8C9
:1063F000047B704728000E4280B485B000AF7860FF
:106400007B6803F00703FB600C4BDB68BB60BA687A
:106410004FF6FF031340BB60FB681A02BB681343CF
:1064200043F0BF6343F40033BB60044ABB68D360EE
:1064300000BF1437BD465DF8047B704700ED00E0F7
:1064400080B400AF044BDB681B0A03F00703184657
:10645000BD465DF8047B704700ED00E080B483B07A
:1064600000AF0346FB7197F90730002B0BDBFB797C
:1064700003F01F02074997F907305B09012000FA72
:1064800002F241F8232000BF0C37BD465DF8047BC3
:10649000704700BF00E100E080B483B000AF034666
:1064A000FB7197F90730002B12DBFB7903F01F0219
:1064B0000A4997F907305B09012000FA02F22033FC
:1064C00041F82320BFF34F8F00BFBFF36F8F00BF92
:1064D00000BF0C37BD465DF8047B704700E100E06B
:1064E00080B483B000AF0346FB7197F90730002BEF
:1064F0000EDB0B4A97F907305B09403352F8232033
:10650000FB7903F01F0322FA03F303F0010300E019
:10651000002318460C37BD465DF8047B704700BF6A
:1065200000E100E080B483B000AF0346FB7197F94F
:106530000730002B0CDBFB7903F01F02074997F9AA
:1065400007305B09012000FA02F2403341F82320B2
:1065500000BF0C37BD465DF8047B704700E100E0EA
:1065600080B483B000AF0346FB7197F90730002B6E
:106570000CDBFB7903F01F02074997F907305B0931
:10658000012000FA02F2603341F8232000BF0C37EB
:10659000BD465DF8047B704700E100E080B483B045
:1065A00000AF0346FB7197F90730002B0EDB0B4A57
:1065B00097F907305B09803352F82320FB7903F009
:1065C0001F0322FA03F303F0010300E0002318463F
:1065D0000C37BD465DF8047B704700BF00E100E06A
:1065E00080B483B000AF03463960FB7197F9073080
:1065F000002B0ADB3B68DAB20C4997F9073012012D
:10660000D2B20B4483F800230AE03B68DAB20849AF
:10661000FB7903F00F03043B1201D2B20B441A764C
:1066200000BF0C37BD465DF8047B704700E100E019
:1066300000ED00E080B483B000AF0346FB7197F932
:106640000730002B09DB0D4A97F90730134493F804
:106650000033DBB21B09DBB209E0094AFB7903F026
:106660000F03043B13441B7EDBB21B09DBB218464D
:106670000C37BD465DF8047B704700BF00E100E0C9
:1066800000ED00E080B489B000AFF860B9607A60D6
:10669000FB6803F00703FB61FB69C3F10703042BED
:1066A00028BF0423BB61FB690433062B02D9FB69B5
:1066B000033B00E000237B614FF0FF32BB6902FA2D
:1066C00003F3DA43BB681A407B699A404FF0FF310D
:1066D0007B6901FA03F3D9437B680B4013431846E7
:1066E0002437BD465DF8047B704780B489B000AFA5
:1066F000F860B9607A603B60BB6803F00703FB6138
:10670000FB69C3F10703042B28BF0423BB61FB69AA
:106710000433062B02D9FB69033B00E000237B61B5
:10672000FA687B69DA404FF0FF31BB6901FA03F385
:10673000DB431A407B681A604FF0FF327B6902FA34
:1067400003F3DA43FB681A403B681A6000BF243742
:10675000BD465DF8047B704780B400AFBFF34F8F38
:1067600000BF064BDB6803F4E0620449044B1343AB
:10677000CB60BFF34F8F00BF00BFFDE700ED00E02F
:106780000400FA0580B582B000AF78607B68013BF9
:10679000B3F1807F01D301230FE00A4A7B68013BFC
:1067A00053600F214FF0FF30FFF71AFF054B002217
:1067B0009A60044B07221A60002318460837BD462A
:1067C00080BD00BF10E000E080B582B000AF78600F
:1067D0007868FFF711FE00BF0837BD4680BD80B561
:1067E00086B000AF0346B9607A60FB7300237B611B
:1067F000FFF726FE78617A68B9687869FFF742FF8B
:10680000024697F90F3011461846FFF7E9FE00BF20
:106810001837BD4680BD80B582B000AF0346FB711E
:1068200097F907301846FFF719FE00BF0837BD4635
:1068300080BD80B582B000AF0346FB7197F9073089
:106840001846FFF729FE00BF0837BD4680BD80B55A
:1068500000AFFFF781FF80B582B000AF7860786845
:10686000FFF790FF034618460837BD4680BD00007D
:1068700080B400AFBFF35F8F00BF074B5B6A064A6F
:1068800023F480335362054B00225A6000BFBD469B
:106890005DF8047B704700BF00ED00E090ED00E084
:1068A00080B483B000AF78600B4A7B6843F001038B
:1068B00053600A4B5B6A094A43F480335362BFF367
:1068C0004F8F00BFBFF36F8F00BF00BF0C37BD46B7
:1068D0005DF8047B704700BF90ED00E000ED00E044
:1068E00080B483B000AF7860074A7B689360064B42
:1068F0001B69054A43F00103136100BF0C37BD4615
:106900005DF8047B704700BF90ED00E080B483B079
:1069100000AF7860074A7B689360064B1B69054AA5
:1069200023F00103136100BF0C37BD465DF8047B03
:10693000704700BF90ED00E080B483B000AF786096
:106940007B685A781B4B9A601A4B1B69194A23F0D3
:1069500001031361174A7B685B68D3607B681B7B0C
:106960001A077B68DB7A1B061A437B689B7ADB0479
:106970001A437B685B7B9B041A437B689B7B5B04AD
:106980001A437B68DB7B1B041A437B685B7A1B0220
:106990001A437B681B7A5B0013437A6812781146AE
:1069A000044A0B43136100BF0C37BD465DF8047BFE
:1069B000704700BF90ED00E080B400AF40BF20BF43
:1069C00000BFBD465DF8047B704780B500AFFFF7A0
:1069D00037FD0346184680BD80B584B000AFB9606E
:1069E0007A603B600346FB7397F90F301846FFF758
:1069F00021FE3B687A68B968FFF777FE00BF103761
:106A0000BD4680BD80B582B000AF0346FB7197F9EB
:106A100007301846FFF786FD00BF0837BD4680BD2A
:106A200080B582B000AF0346FB7197F90730184676
:106A3000FFF756FD034618460837BD4680BD80B5B2
:106A400082B000AF0346FB7197F907301846FFF795
:106A500087FD00BF0837BD4680BD80B582B000AF5E
:106A60000346FB7197F907301846FFF797FD034679
:106A700018460837BD4680BD80B483B000AF78604B
:106A80007B68042B06D1094B1B68084A43F00403BA
:106A9000136005E0054B1B68044A23F004031360F0
:106AA00000BF0C37BD465DF8047B704710E000E086
:106AB00080B500AF00F002F800BF80BD80B400AF29
:106AC00000BFBD465DF8047B7047000080B487B00E
:106AD00000AF786039607B68002B02D03B68002BE8
:106AE00001D101238FE03B681A687B681A603B681C
:106AF0001B6803F01F037B6101227B6902FA03F329
:106B00003B613B681B6803F00073002B52D03B686D
:106B10009B6803F00103002B06D03E4B9A683D4969
:106B20003B6913438B6006E03A4B9A683B69DB4351
:106B3000384913408B603B689B6803F00203002BCD
:106B400006D0344BDA6833493B691343CB6006E027
:106B5000304BDA683B69DB432E491340CB603B681E
:106B60001B6803F0C063B3F1C06F23D12A4A7B696D
:106B70009B08023352F82330FB607B6903F0030368
:106B80009B000F2202FA03F3DB43FA681340FB6019
:106B90003B68DA687B6903F003039B0002FA03F3A6
:106BA000FA681343FB601C497B699B080233FA684F
:106BB00041F823203B685B6803F00103002B06D0FB
:106BC000144B1A6813493B6913430B6006E0114BE1
:106BD0001A683B69DB430F4913400B603B685B68F5
:106BE00003F00203002B06D00A4B5A6809493B699F
:106BF00013434B6006E0074B5A683B69DB4305498A
:106C000013404B60002318461C37BD465DF8047BDB
:106C1000704700BF003C01400038014080B487B09D
:106C200000AF786039607B68002B02D03B68002B96
:106C300001D1012361E07B681A683B681A603B68F8
:106C40001B6803F01F037B6101227B6902FA03F3D7
:106C50003B612D4B1A683B691340002B03D03B6806
:106C600001225A6002E03B6800225A60264B5A68B3
:106C70003B691340002B05D03B685B6843F0020280
:106C80003B685A603B6800229A603B680022DA60E9
:106C90003B681B6803F00073002B2DD01A4B9A68D9
:106CA0003B691340002B02D03B6801229A60164BCF
:106CB000DA683B691340002B05D03B689B6843F0C2
:106CC00002023B689A603B681B6803F0C063B3F143
:106CD000C06F11D10D4A7B699B08023352F82330F3
:106CE000FB607B6903F003039B00FA6822FA03F35D
:106CF00003F00F023B68DA60002318461C37BD46DC
:106D00005DF8047B704700BF003C01400038014043
:106D100080B487B000AF78607B68002B01D101237D
:106D20004CE07B681B6803F01F037B6101227B69D9
:106D300002FA03F33B61244B1A683B69DB432249A7
:106D400013400B60204B5A683B69DB431E491340DC
:106D50004B607B681B6803F00073002B2DD01A4B2F
:106D60009A683B69DB43184913408B60164BDA681D
:106D70003B69DB4314491340CB607B681B6803F01D
:106D8000C063B3F1C06F18D1104A7B699B0802330E
:106D900052F82330FB607B6903F003039B000F2252
:106DA00002FA03F3DB43FA681340FB6007497B698F
:106DB0009B080233FA6841F82320002318461C3749
:106DC000BD465DF8047B7047003C0140003801403F
:106DD00080B487B000AFF8600B467A60FB72002386
:106DE000FB75FB7A002B03D1FB687A685A6002E0DE
:106DF0000123FB7500BFFB7D18461C37BD465DF8BF
:106E0000047B704780B483B000AF786039607B68E2
:106E1000002B01D1012303E07B683A681A6000234C
:106E200018460C37BD465DF8047B704780B584B0CA
:106E300000AF78607B681B6803F01F03012202FA31
:106E400003F3FB600A4B5B69FA681340BB60BB68E5
:106E5000002B09D0064AFB6853617B685B68002BF6
:106E600002D07B685B68984700BF1037BD4680BD85
:106E7000003C014080B487B000AF786039607B6827
:106E80001B6803F01F037B6101227B6902FA03F395
:106E90003B61074B5A693B691A407B6922FA03F34D
:106EA000FB60FB6818461C37BD465DF8047B7047E5
:106EB000003C014080B485B000AF786039607B68E9
:106EC0001B6803F01F03012202FA03F3FB60044A6C
:106ED000FB68536100BF1437BD465DF8047B704703
:106EE000003C014080B485B000AF78607B681B68CF
:106EF00003F01F03012202FA03F3FB60044AFB685C
:106F0000136100BF1437BD465DF8047B704700BFB6
:106F1000003C014080B500AF1A4B1B78002B2CD1F0
:106F200000F046FA0346002B27D0174B174A1A6089
:106F3000154B174A5A60144B00229A60124B0022DC
:106F4000DA60114B4FF480421A610F4B00225A61F4
:106F50000D4B00229A610C4B0022DA610A4B002291
:106F60001A620948F4F79CFA0346002B0CBF012370
:106F70000023DBB21A46034B1A70024B1B781846EB
:106F800080BD00BF600100200C01002000540040C3
:106F9000A086010080B483B000AF00237B60104B5B
:106FA0005B6C0F4A43F4804353640D4B5B6C03F4FA
:106FB00080437B607B6800233B60094B1B6C084A65
:106FC00043F080531364064B1B6C03F080533B600B
:106FD0003B6800BF0C37BD465DF8047B704700BFBF
:106FE0000038024080B58AB000AF786007F1140322
:106FF00000221A605A609A60DA601A617B681B6826
:10700000194A93422CD100233B61184B1B6B174A42
:1070100043F002031363154B1B6B03F002033B6148
:107020003B690023FB60114B1B6C104A43F40013B7
:1070300013640E4B1B6C03F40013FB60FB684FF4EE
:1070400040737B611223BB610123FB6100233B6220
:1070500004237B6207F1140319460548FCF7ECFB97
:1070600000BF2837BD4680BD0054004000380240B4
:107070000004024080B500AFFFF74CFF0346002B31
:1070800001D100BFFDE700BF80BD80B400AF00BFED
:10709000BD465DF8047B704780B586B004AF0346FB
:1070A000FB800B467B7113463B717B799AB2F98862
:1070B00064230293012301933B1D0093012306489F
:1070C000F5F702FF0346002B01D000BFFDE700BF2C
:1070D0000837BD4680BD00BF0C01002080B588B0D8
:1070E00004AF03460A46FB8013467B710023FB7303
:1070F0007B799AB2F988642302930123019307F103
:107100000F03009301230648F5F7D8FF0346002B31
:1071100001D000BFFDE7FB7B18461037BD4680BDA0
:107120000C01002080B400AF024B1846BD465DF84C
:10713000047B70473C00002080B485B000AF002382
:10714000FB8100233B7140237B710723BB7100232C
:10715000BB7200233B7200237B720823FB713A79D8
:107160007B791343DAB2BB791343DBB21A46FB894E
:107170001343FB813A7A7B7A1343DAB2BB7A134327
:10718000DAB2FB791343DBB21B021AB2B7F90E3045
:1071900013431BB2FB81FB8918461437BD465DF8CB
:1071A000047B704780B500AF0B4B1B68002B0FD1E1
:1071B000FFF7B0FE0346002B07D0084800F024FC80
:1071C0000346002B01D1012300E00023024A136093
:1071D000014B1B68184680BD640100200C01002093
:1071E00080B500AF002000F02FFD044800F050FDF6
:1071F0000021002000F092FE00BF80BD0C010020A5
:1072000080B500AF024800F043FD00BF80BD00BF65
:107210000C01002080B582B000AF03460A46FB7126
:107220001346BB710A4B1B681B78BA7912FB03F338
:10723000D8B2074B1B685B78FA7912FB03F3DBB219
:10724000194600F06BFE00BF0837BD4680BD00BF89
:107250001400002080B582B000AF0346FB71054AE0
:10726000F879012306CA00F09FFD00BF0837BD462C
:1072700080BD00BF0C00002080B582B000AF7860F8
:107280007868F4F709F800BF0837BD4680BD80B5BF
:1072900086B004AF78600B46FB7064230293012331
:1072A0000193FB1C00930123002278217868F5F7F5
:1072B0000BFE034618460837BD4680BD80B588B032
:1072C00004AFF860B9601346FB8064230293FB8827
:1072D0000193BB680093012340227821F868F5F7F9
:1072E000F3FD034618461037BD4680BD80B500AF9C
:1072F000F3F772FF00BF80BD80B594B000AF0023EC
:10730000BB60294B1B6C284A43F080531364264B07
:107310001B6C03F08053BB60BB6800237B60234B76
:107320001B68224A43F440431360204B1B6803F45C
:1073300040437B607B680223FB600123BB61102319
:10734000FB6102237B620023BB621023FB624FF4CC
:10735000C8733B6304237B630723BB6307F10C0300
:107360001846FAF72BFB0346002B01D0002316E04A
:107370000F23FB6302233B6400237B644FF48053A1
:10738000BB640023FB6407F13C0303211846FAF7B2
:107390008DFD0346002B01D0002300E00123184699
:1073A0005037BD4680BD00BF00380240007000402D
:1073B00080B500AF0A4B1B68002B0DD1F3F77EFEA2
:1073C0000346002B03D0064B00221A6004E0FFF7AF
:1073D00093FF0346024A1360014B1B68184680BDA9
:1073E0006801002080B582B000AF78607B68082219
:1073F000DA617B6810221A62FFF7DAFF0346002B7E
:1074000006D0FFF7CFFE0346002B01D0012300E09A
:10741000002318460837BD4680BD80B582B000AF56
:107420007860FFF7DDFE00BF0837BD4680BD000075
:1074300080B586B000AF7860314B1B688022202178
:10744000184602F041FA2E4B19687B681A687B686F
:107450005B6812010A4413442A221A707B685B6934
:107460007B610DE0264B19687B695A687B699B68D4
:1074700012010A4413446F221A707B691B687B61F6
:107480007B69002B03D07B691B68002BEAD11C4B66
:1074900019687B68DA687B681B6912010A44134427
:1074A00040221A7000233B611EE03B69DBB20021E1
:1074B0001846FFF7AFFE0023FB600DE0104B1A6883
:1074C0003B691B011A44FB6813441B781846FFF7FD
:1074D000C1FEFB680133FB607B681B6AFA689A4255
:1074E000ECDB3B6901333B617B68DB693A699A42BB
:1074F000DBDBFFF785FE00BF1837BD4680BD00BF50
:107500001800002080B584B000AF7860FFF750FF0E
:107510000346002B0DD0FFF705FEF860FFF70CFEC9
:1075200003467B81FB681B687A89104698470123D4
:1075300000E0002318461037BD4680BD80B483B0FC
:1075400000AF786000BF0C37BD465DF8047B704724
:1075500080B586B000AF786007F1080300221A609A
:107560009A80FFF7DFFD78617B691B6B07F10802EA
:1075700010469847B7F90830002BB8BF5B429BB262
:107580007B82B7F90A30002BB8BF5B429BB23B82CB
:10759000B7F90C30002BB8BF5B429BB2FB81B7F947
:1075A0001220B7F910309A4213DDB7F91220B7F95B
:1075B0000E309A420DDDB7F90830002B04DD7B68F0
:1075C000032283F824201DE07B68012283F8242015
:1075D00018E0B7F91020B7F90E309A420DDDB7F96F
:1075E0000A30002B04DD7B68002283F8242009E0A8
:1075F0007B68022283F8242004E07B68042283F85D
:107600002420FFE700BF1837BD4680BD80B582B09B
:1076100000AF7860FFF7CCFE0346002B0AD00020B5
:1076200001F0AEFF02460B461346184601F01AFF62
:10763000012300E0002318460837BD4680BD80B412
:1076400083B000AF786000BF0C37BD465DF8047BA7
:10765000704780B582B000AF786001F031FF03461B
:107660007A6893FBF2F2796801FB02F29B1A1846E2
:107670000837BD4680BD80B582B000AF7860FFF7A7
:1076800097FE034618460837BD4680BD80B483B0D8
:1076900000AF786000BF0C37BD465DF8047B7047D3
:1076A00080B582B000AF78607868F3F7F5FD00BF71
:1076B0000837BD4680BD80B483B000AF78604FF01E
:1076C0006043D3F8803E03F00103002B13D04FF04A
:1076D0006043D3F8003E03F00103002B0BD000E021
:1076E00000BF4FF060431B68002BF9D04FF06043A0
:1076F0007A68D2B21A707B6818460C37BD465DF8BE
:10770000047B704780B400AF00BFBD465DF8047BCA
:10771000704780B400AF01231846BD465DF8047B76
:107720007047000080B483B000AF78603960054BCB
:1077300016221A604FF0FF3318460C37BD465DF82D
:10774000047B7047FC05002080B582B000AF7860F4
:107750004FF0FF317868FFF7E5FF00BFFDE780B528
:1077600086B000AFF860B9607A6000237B610023C7
:107770007B6109E0BB685A1CBA601B781846FFF7AA
:107780009AFF7B6901337B617A697B689A42F1DBFE
:107790007B6818461837BD4680BD000080B485B0B0
:1077A00000AF7860114B1B68002B02D10F4B104AC1
:1077B0001A600E4B1B68FB600C4B1A687B68134405
:1077C0006A46934205D90B4B0C221A604FF0FF33E7
:1077D00006E0064B1A687B681344044A1360FB6892
:1077E00018461437BD465DF8047B7047F001002051
:1077F0004C070020FC05002080B483B000AF786007
:107800004FF0FF3318460C37BD465DF8047B7047D8
:1078100080B483B000AF786039603B684FF40052A9
:107820005A60002318460C37BD465DF8047B70474C
:1078300080B483B000AF7860012318460C37BD4692
:107840005DF8047B704780B485B000AFF860B96024
:107850007A60002318461437BD465DF8047B7047F4
:1078600080B485B000AFF860B9607A600023184634
:107870001437BD465DF8047B70470EB480B482B007
:1078800000AF78604FF0FF3318460837BD465DF80B
:10789000047B03B07047000080B483B000AF786011
:1078A000054B0A221A604FF0FF3318460C37BD46CD
:1078B0005DF8047B704700BFFC05002080B483B0F6
:1078C00000AF7860054B02221A604FF0FF33184674
:1078D0000C37BD465DF8047B704700BFFC050020F7
:1078E00080B483B000AF78604FF0FF3318460C3798
:1078F000BD465DF8047B704780B483B000AF78600C
:1079000039603B684FF400525A60002318460C3728
:10791000BD465DF8047B704780B483B000AF7860EB
:107920003960054B1F221A604FF0FF3318460C37A1
:10793000BD465DF8047B7047FC05002080B400AFB5
:10794000044B0B221A604FF0FF331846BD465DF81A
:10795000047B7047FC05002080B485B000AFF86060
:10796000B9607A60054B0C221A604FF0FF3318465D
:107970001437BD465DF8047B704700BFFC0500204E
:1079800080B483B000AF786039604FF0FF331846A1
:107990000C37BD465DF8047B7047000080B400AF33
:1079A000164BD3F88830154A43F47003C2F8883078
:1079B000134B1B68124A43F001031360104B002263
:1079C0009A600F4B1B680E4A23F0847323F48033B4
:1079D00013600B4B0B4A5A60094B1B68084A23F48F
:1079E00080231360064B0022DA60044B4FF00062E4
:1079F0009A6000BFBD465DF8047B704700ED00E073
:107A0000003802401030002480B584B000AF7860A8
:107A10006420FFF731FC0023FB60AE217868FFF79C
:107A200036FC03461A46FB681344FB602021786845
:107A3000FFF72DFC03461A46FB681344FB60102138
:107A40007868FFF724FC03461A46FB681344FB6082
:107A5000B0217868FFF71BFC03461A46FB68134405
:107A6000FB60C0217868FFF712FC03461A46FB68EA
:107A70001344FB6000217868FFF709FC03461A46AF
:107A8000FB681344FB6010217868FFF700FC034695
:107A90001A46FB681344FB6040217868FFF7F7FB48
:107AA00003461A46FB681344FB6081217868FFF7A0
:107AB000EEFB03461A46FB681344FB60FF2178681F
:107AC000FFF7E5FB03461A46FB681344FB60A02161
:107AD0007868FFF7DCFB03461A46FB681344FB603B
:107AE000A6217868FFF7D3FB03461A46FB681344C8
:107AF000FB60A8217868FFF7CAFB03461A46FB68BB
:107B00001344FB603F217868FFF7C1FB03461A4628
:107B1000FB681344FB60A4217868FFF7B8FB0346B9
:107B20001A46FB681344FB60D3217868FFF7AFFB6C
:107B300003461A46FB681344FB6000217868FFF790
:107B4000A6FB03461A46FB681344FB60D521786800
:107B5000FFF79DFB03461A46FB681344FB60F021C8
:107B60007868FFF794FB03461A46FB681344FB60F2
:107B7000D9217868FFF78BFB03461A46FB6813444C
:107B8000FB6022217868FFF782FB03461A46FB68F8
:107B90001344FB60DA217868FFF779FB03461A4645
:107BA000FB681344FB6012217868FFF770FB034603
:107BB0001A46FB681344FB60DB217868FFF767FB1C
:107BC00003461A46FB681344FB6020217868FFF7E0
:107BD0005EFB03461A46FB681344FB608D21786800
:107BE000FFF755FB03461A46FB681344FB6014215C
:107BF0007868FFF74CFB03461A46FB681344FB60AA
:107C0000AF217868FFF743FB03461A46FB6813442D
:107C1000FB60FB68002B01D001230FE0002000F087
:107C200013F8786800F034F8064B00221A80054BF0
:107C300000225A80034B01225A7100231846103744
:107C4000BD4680BDF405002080B485B000AF03467A
:107C5000FB710023FB600DE0FB79002B01D10021BB
:107C600000E0FF21094AFB6813440A461A70FB68CA
:107C70000133FB60FB68B3F5806FEDD300BF00BF3D
:107C80001437BD465DF8047B704700BFF401002047
:107C900080B584B000AF78600023FB731AE0FB7BF3
:107CA000503BDBB219467868FFF7F1FA002178689B
:107CB000FFF7EDFA10217868FFF7E9FAFB7BDB01AB
:107CC000084A1344802219467868FFF7F7FAFB7BCD
:107CD0000133FB73FB7B072BE1D900BF00BF1037DB
:107CE000BD4680BDF401002080B483B000AF0346E0
:107CF000FB710B46BB7113467B7197F90730002B64
:107D000048DBBB793F2B45D8254B1B79002B06D090
:107D10007B79002B0CBF01230023DBB27B717B79C5
:107D2000012B1AD1FA79BB79DB08D8B20346DB0103
:107D300013441C4AD35C5AB2BB7903F007030121F8
:107D400001FA03F35BB2134359B2FA790346DB013C
:107D50001344C9B2134AD1541DE0FA79BB79DB0848
:107D6000D8B20346DB0113440E4AD35C5AB2BB7946
:107D700003F00703012101FA03F35BB2DB435BB2BB
:107D8000134059B2FA790346DB011344C9B2054ADC
:107D9000D15400E000BF0C37BD465DF8047B70474E
:107DA000F4050020F401002090B589B000AF04462E
:107DB000381D80E806001A462346FB731346BB7342
:107DC000384B1B881A463B791344802B06DC354B15
:107DD0005B881A467B791344402B01DD00235CE06D
:107DE0000023FB614CE0BA68FB7B203B797901FB07
:107DF00003F31946FB690B445B0013441B887B614A
:107E00000023BB6134E07A69BB6902FA03F303F42F
:107E10000043002B12D0234B1B88DAB2BB69DBB2C4
:107E20001344D8B21F4B5B88DAB2FB69DBB2134450
:107E3000DBB2BA7B1946FFF757FF16E0194B1B88D8
:107E4000DAB2BB69DBB21344D8B2164B5B88DAB244
:107E5000FB69DBB21344D9B2BB7B002B0CBF0123FF
:107E60000023DBB21A46FFF73FFFBB690133BB615A
:107E70003B791A46BB699342C5D3FB690133FB6169
:107E80007B791A46FB699342ADD3064B1B883A793E
:107E900013449AB2034B1A80FB7B18462437BD4625
:107EA00090BD00BFF405002080B584B000AFF8603D
:107EB000381D80E80600FB7012E0FB681878FB783C
:107EC0003A1D06CAFFF770FF03461A46FB681B7887
:107ED0009A4202D0FB681B7808E0FB680133FB6024
:107EE000FB681B78002BE8D1FB681B78184610371D
:107EF000BD4680BD80B400AF074B1B79002B0CBF83
:107F000001230023DBB21A46034B1A7100BFBD46A2
:107F10005DF8047B704700BFF405002080B483B097
:107F200000AF03460A46FB711346BB71FB799AB258
:107F3000054B1A80BB799AB2034B5A8000BF0C37AD
:107F4000BD465DF8047B7047F405002080B584B021
:107F500000AF0346FB800023FB73FFF78BF8FB8821
:107F6000FB73FB7B1A4620213220FFF795F8FB8834
:107F70001B0A9BB2FB73FB7B1A4623213220FFF7BF
:107F80008BF800BF1037BD4680BD80B400AF00BF86
:107F9000BD465DF8047B704780B582B000AF00231A
:107FA000FB71FFF767F80F213220FFF797F80346C0
:107FB000FB71FB7918460837BD4680BD80B582B09D
:107FC00000AF24213220FFF789F80346FB71FB79CB
:107FD00063F07F03FB71FB791A4624213220FFF7FF
:107FE0005BF800BF0837BD4680BD80B584B000AFE8
:107FF0000346FB7121213220FFF770F80346FB7323
:10800000FB7B03F00C03FB73FA7BFB791343FB73DD
:10801000FB7B1A4621213220FFF73EF800BF1037C4
:10802000BD4680BD80B584B000AF0346FB71212101
:108030003220FFF753F80346FB73FB7B23F0080362
:10804000FB73FA7BFB791343FB73FB7B1A462121FD
:108050003220FFF721F800BF1037BD4680BD80B544
:1080600088B000AF78600023BB820023FB77012338
:10807000BB7723213220FFF731F803463B752421DB
:108080003220FFF72BF803467B7528213220FFF7BB
:1080900025F803465BB23B7329213220FFF71EF817
:1080A00003465BB27B732A213220FFF717F80346A1
:1080B0005BB2BB732B213220FFF710F803465BB293
:1080C000FB732C213220FFF709F803465BB23B74A7
:1080D0002D213220FFF702F803465BB27B743B7D13
:1080E00003F04003002B23D10023FB771CE0FB7F30
:1080F0005B00013320333B4413F9143C9BB21B0259
:108100009AB2FB7F5B0020333B4413F9143C9BB2D3
:1081100013449AB2FB7F12B25B0020333B4423F836
:10812000082CFB7F0133FB77FB7F022BDFD922E09A
:108130000023FB771CE0FB7F5B0020333B4413F9FB
:10814000143C9BB21B029AB2FB7F5B0001332033CD
:108150003B4413F9143C9BB213449AB2FB7F12B216
:108160005B0020333B4423F8082CFB7F0133FB7773
:10817000FB7F022BDFD93B7D03F03003302B13D084
:10818000302B14DC202B0CD0202B10DC002B02D049
:10819000102B03D00BE00123BB7708E00223BB7751
:1081A00005E00423BB7702E00C23BB7700BF00236C
:1081B000FB7714E0FB7F5B0020333B4433F9083C42
:1081C0009AB2BB7F9BB212FB03F399B2FB7F5B00B9
:1081D0007A6813440AB21A80FB7F0133FB77FB7F76
:1081E000022BE7D900BF00BF2037BD4680BD80B558
:1081F00084B000AF0346FB710023FB7321213220C2
:10820000FEF76CFF0346FB73FB7B23F00403FB7359
:10821000FA7BFB791343FB73FB7B1A462121322047
:10822000FEF73AFF00BF1037BD4680BD80B584B071
:1082300000AF0346FB710023FB7322213220FEF7BF
:108240004DFF0346FB73FA7BFB791343FB73FB7B08
:108250001A4622213220FEF71FFF00BF1037BD460D
:1082600080BD80B584B000AF0346FB710023FB7373
:1082700022213220FEF732FF0346FB7397F90730C5
:10828000DB435AB297F90F3013405BB2FB73FB7BB1
:108290001A4622213220FEF7FFFE00BF1037BD46EE
:1082A00080BD80B584B000AF0346FB710023FB7333
:1082B00025213220FEF712FF0346FB73FA7BFB7980
:1082C0001343FB73FB7B1A4625213220FEF7E4FEA5
:1082D00000BF1037BD4680BD80B584B000AF0346F7
:1082E000FB710023FB7325213220FEF7F7FE0346C6
:1082F000FB7397F90730DB435AB297F90F301340FD
:108300005BB2FB73FB7B1A4625213220FEF7C4FECD
:1083100000BF1037BD4680BD80B584B000AF0346B6
:108320000A46FB711346BB710023FB7330213220D8
:10833000FEF7D4FE0346FB73BA79FB791343DAB236
:10834000FB7B1343FB73FB7B1A4630213220FEF785
:10835000A3FE00BF1037BD4680BD80B584B000AF1E
:1083600003460A46FB711346BB710023FB733021A1
:108370003220FEF7B3FE0346FB73BA79FB79134351
:10838000DBB25BB2DB435AB297F90F3013405BB2FA
:10839000FB73FB7B1A4630213220FEF77DFE00BFC7
:1083A0001037BD4680BD80B584B000AF03460A4695
:1083B000FB711346BB710023FB7334213220FEF79F
:1083C0008DFE0346FB73BA79FB791343DAB2FB7B6C
:1083D0001343FB73FB7B1A4634213220FEF75CFE0D
:1083E00000BF1037BD4680BD80B584B000AF0346E6
:1083F0000A46FB711346BB710023FB733421322004
:10840000FEF76CFE0346FB73BA79FB791343DBB2CC
:108410005BB2DB435AB297F90F3013405BB2FB7388
:10842000FB7B1A4634213220FEF736FE00BF1037A0
:10843000BD4680BD80B584B000AF0346FB7100230C
:10844000FB7338213220FEF749FE0346FB73FA7BAB
:10845000FB791343FB73FB7B1A4638213220FEF76E
:108460001BFE0A23FB73FB7B1A463A213220FEF7E0
:1084700013FE0523FB73FB7B1A463B213220FEF7DC
:108480000BFEFB7B1A463C213220FEF705FE322311
:10849000FB73FB7B1A463D213220FEF7FDFD00BF3A
:1084A0001037BD4680BD80B584B000AF0346FB7178
:1084B0000023FB7338213220FEF710FE0346FB73C6
:1084C00097F90730DB435AB297F90F3013405BB28C
:1084D000FB73FB7B1A4638213220FEF7DDFD00BF1F
:1084E0001037BD4680BD80B500AFFEF7CEFD8020C1
:1084F000FFF79CFE0420FFF77AFE1020FFF79AFF9B
:1085000000BF80BDDFF834D00D480E490E4A00236D
:1085100002E0D458C4500433C4188C42F9D30B4A37
:108520000B4C002301E013600432A242FBD3FFF79F
:1085300035FA00F023F8E7F7DBFF70470000022070
:1085400000000020CC00002040D20108CC00002018
:108550004C070020FEE7000008B5064B044613B1A7
:108560000021AFF30080044B1B6803B198472046FD
:10857000FFF7EAF8000000004007002070B50D4D3D
:108580000D4C641BA4100026A64209D10B4D0C4CC7
:1085900001F084FD641BA4100026A64205D170BD25
:1085A00055F8043B98470136EEE755F8043B9847E9
:1085B0000136F2E738D2010838D2010838D2010872
:1085C0003CD201080EB403B503AB816853F8042B09
:1085D000019300F04DF802B05DF804EB03B0704772
:1085E0000FB407B5064904AB086853F8042B81683B
:1085F000019300F03DF803B05DF804EB04B0704760
:10860000700000209368013B002B10B4936008DADF
:108610009469A34201DB0A2903D15DF8044B00F001
:1086200049B91368581C1060197008465DF8044B6E
:108630007047F8B506460F461446D518AC4201D12E
:10864000002007E014F8011B3A463046FFF7DAFF36
:10865000431CF3D1F8BD936810B5144633B100F054
:10866000ABFF0023A3600023636010BD1846FAE748
:108670002DE9F04F0D469DB014469846064618B1B8
:10868000036A0BB900F068FE6B6ED90705D4AB899D
:108690009A0502D4A86D01F09CF9AB891B0701D59E
:1086A0002B699BB92946304600F04AF970B16B6ED0
:1086B000DC0704D54FF0FF301DB0BDE8F08FAB896B
:1086C0009805F7D4A86D01F08AF9F3E70023099320
:1086D00020238DF82930CDF80C803023DFF8AC81D1
:1086E0008DF82A304FF0010923469A4613F8012BE2
:1086F0000AB1252AF9D1BAEB040B0BD05B4622460E
:1087000029463046FFF795FF013000F0A780099A0F
:108710005A4409929AF80030002B00F09F80002301
:108720004FF0FF32CDE905230AF1010A04930793C4
:108730008DF853301A935446052214F8011B534800
:10874000E7F776FD049AD8B9D10644BF20238DF807
:108750005330130744BF2B238DF853309AF8003061
:108760002A2B15D0079A544600204FF00A0C2146B8
:1087700011F8013B303B092B4BD9B0B1079214E003
:10878000A0EB080309FA03F313430493A246D2E7CC
:10879000039B191D1B680391002BBBBF5B4242F07A
:1087A000020207930793B8BF049223782E2B0AD1B5
:1087B00063782A2B32D1039B1A1D1B68039243EA6C
:1087C000E37302340593DFF8D4A0217803225046E6
:1087D000E7F72EFD38B1049BA0EB0A00402282404F
:1087E00013430134049314F8011B29488DF8281011
:1087F0000622E7F71DFD00283FD0264B1BBB039B3D
:10880000073323F0070308330393099B3B44099381
:108810006AE70CFB02320C460120A8E70023013472
:10882000059319464FF00A0C204610F8012B303AF8
:10883000092A03D9002BC6D00591C4E70CFB0121FE
:1088400004460123F0E703AB00932A46124B04A928
:108850003046AFF300800746781CD6D16B6ED9073F
:1088600005D4AB899A0502D4A86D01F0B8F8AB899C
:108870005B063FF51FAF09981EE703AB00932A463E
:10888000054B04A9304600F01FF9E4E72CD101089C
:1088900036D10108000000003386010832D10108FA
:1088A00013460A46014602480068FFF7E1BE00BFD2
:1088B00070000020F8B50E461446054618B1036A4C
:1088C0000BB900F049FDA369A360A3891A0701D57C
:1088D000236943B92146284600F032F818B14FF019
:1088E000FF373846F8BD23682269981A6369F6B2E3
:1088F0008342374605DC2146284600F049FB002824
:10890000EDD1A368013BA36023685A1C22601E704E
:108910006269431C9A4204D0A389DB07E1D50A2E81
:10892000DFD12146284600F033FB0028D9D0D6E716
:10893000024B0A4601461868FFF7BCBF70000020D2
:1089400038B5294B054618680C4618B1036A0BB9AF
:1089500000F002FDB4F90C30190722D4DA0607D46E
:1089600009222A6043F04003A3814FF0FF3033E037
:10897000580712D5616B41B104F14403994202D00A
:10898000284600F0D7FF00236363A38923F0240364
:10899000A3810023636023692360A38943F0080354
:1089A000A38123694BB9A38903F42073B3F5007F36
:1089B00003D02146284601F039F8B4F90C3013F001
:1089C00001020AD00022A26062695242A2612269B9
:1089D00042B913F08000C5D138BD990758BF62690C
:1089E000A260F4E70020F7E7700000202DE9F047CF
:1089F000164698468A680B69DDF820909342B8BF06
:108A00001346336091F8432007460C460AB1013300
:108A100033602368990642BF3368023333602568A8
:108A200015F0060506D104F1190AE36832689B1AAD
:108A3000AB4226DC94F843302268003B18BF012388
:108A400092062BD404F1430241463846C847013010
:108A50001ED02368226903F00603042B02BFE568D9
:108A60003368ED1AA3680CBF25EAE575002593422B
:108A7000C4BF9B1AED1800261A34B5421AD1002043
:108A800008E00123524641463846C847013003D129
:108A90004FF0FF30BDE8F0870135C6E7E1185A1CFA
:108AA000302081F84300224494F8451082F84310A6
:108AB0000233C7E70123224641463846C847013002
:108AC000E6D00136D9E700002DE9FF470F7E0C9E66
:108AD000782F914680460C469A4601F1430207D80A
:108AE000622F0AD8002F00F0DD80582F00F0C380DD
:108AF00004F1420684F842703AE0A7F16303152BB3
:108B0000F6D801A151F823F0618B0108758B01089B
:108B1000F18A0108F18A0108F18A0108F18A010845
:108B2000758B0108F18A0108F18A0108F18A0108B0
:108B3000F18A01088B8C0108038C0108438C010821
:108B4000F18A0108F18A0108AD8C0108F18A010857
:108B5000038C0108F18A0108F18A01084B8C010895
:108B600033681A1D1B68326004F1420684F84230F3
:108B70000123A8E031682368081D30601E0601D576
:108B80000D6803E05D06FBD5B1F900506168002D6A
:108B900078DA2D20002984F84300A1602DDA5E48A0
:108BA0006D420A231646B5FBF3F103FB1157C75D6F
:108BB00006F8017D2F46BB420D46F4D9082B0BD198
:108BC0002368DF0708D5236961689942DEBF302337
:108BD00006F8013C06F1FF36921B2261CDF800A099
:108BE0004B4603AA21464046FFF700FF01306FD1F4
:108BF0004FF0FF3004B0BDE8F08723F0040323609A
:108C0000CDE721683368080653F8045B02D44906AF
:108C100048BFADB26F2F4048336014BF0A2308230A
:108C2000002184F843106668A660002EBADB216834
:108C300021F004012160002DB4D1002EB2D11646DE
:108C4000BCE7236843F0200323603448782784F886
:108C50004570236831681F0651F8045B02D45F0633
:108C600048BFADB23160D90744BF43F02003236051
:108C70001DB11023D4E72848E9E7236823F0200337
:108C80002360F6E724480A23CDE733682568616945
:108C9000181D30602E061B6801D5196002E06806B9
:108CA000FBD5198000232361164697E733681A1D08
:108CB00032601E68626800213046E7F7B9FA08B1F1
:108CC000801B606063682361002384F8433085E77C
:108CD0002369324649464046D047013088D0236850
:108CE0009B0714D4E068039B9842B8BF184681E7FD
:108CF0000123324649464046D04701303FF478AF21
:108D00000135E36803995B1AAB42F1DCEAE7002521
:108D100004F11906F5E700BF3DD101084ED1010865
:108D2000036A70B5846805460E460BB900F014FB63
:108D3000636EDB0705D4A389980502D4A06D00F00B
:108D400048FEA389190702D52369002B35D1214696
:108D50002846FFF7F5FD80B34FF0FF35636EDA0765
:108D600005D4A3899B0502D4A06D00F038FE2846E7
:108D700070BD002B15DB23685A1C22601970A36894
:108D800016F8011F013BA3600029F2D1002B16DA6F
:108D900022460A212846FFF78DFD0130DCD00A2546
:108DA000DCE7A2699A4201DC0A29E4D1224628467E
:108DB000FFF780FD0130E2D1CEE7013EDFE7236817
:108DC0005A1C22600A221A70E9E70000024B014691
:108DD0001868FFF7A5BF00BF70000020294B1B6873
:108DE000834270B504464BD0C369ABB1DB686BB14D
:108DF0000025E369DB68595900293BD10435802DF2
:108E0000F7D1E3692046D96800F094FDE369196859
:108E100011B1204600F08EFD616911B1204600F0CD
:108E200089FDE16911B1204600F084FD216B11B18B
:108E3000204600F07FFD616B11B1204600F07AFD05
:108E4000A16B11B1204600F075FDA16C11B1204657
:108E500000F070FD616C11B1204600F06BFDE16A1D
:108E600011B1204600F066FD236A4BB12046BDE8F3
:108E7000704018470E68204600F05CFD3146BBE7A5
:108E800070BD00BF70000020B1F90C202DE9F04149
:108E9000170705460C4656D44B68002B02DC0B6CBA
:108EA000002B3DDDE66A002E3AD0002312F48052FA
:108EB0002F68216A2B6025D0626DA389580705D5DC
:108EC0006368D21A636B0BB1236CD21A216AE66A0B
:108ED00000232846B047411C24D000236360236947
:108EE0002360A389DA0400D56065616B2F60B9B196
:108EF00004F14403994202D0284600F01BFD0023F0
:108F000063630DE001232846B047461C0246D4D1D6
:108F10002B68002BD1D01D2B01D0162B2BD12F600D
:108F200000202FE02A68B4F90C3042B11D2A01D08C
:108F3000162A22D10023636023692360D5E762608B
:108F400022692260CEE70F69002FE9D093070E68EF
:108F500008BF4B690F6018BF0023A6EB07088B60A2
:108F6000B8F1000FDCDD216AA66A43463A4628467E
:108F7000B047002808DCB4F90C3043F04003A3816B
:108F80004FF0FF30BDE8F0810744A8EB0008E7E7A9
:108F900038B50B6905460C4613B90025284638BD7F
:108FA00018B1036A0BB900F0D7F9B4F90C30002BF3
:108FB000F3D0626ED00704D4990502D4A06D00F0FE
:108FC00008FD28462146FFF75FFF636EDA07054676
:108FD000E4D4A3899B05E1D4A06D00F000FDDDE79A
:108FE000014620B9044A0549054800F035BC054B47
:108FF0001868FFF7CDBF00BFC0000020918F0108A7
:109000007400002070000020024B0146186800F038
:109010002DB800BF70000020024B0146186800F018
:1090200089BC00BF7000002070B50F4E0C4631683F
:10903000054611B900F082FA30602146284600F05A
:109040007DFA431C03D14FF0FF34204670BDC41C91
:1090500024F00304A042F8D0211A284600F06EFA4A
:109060000130F2D1EFE700BF000600202DE9F84300
:10907000CD1C25F0030508350C2D38BF0C25002D1F
:10908000064601DBA94204D90C2333600020BDE869
:10909000F883DFF8D48000F0D9F9D8F800301C4606
:1090A00044BB29463046FFF7BFFF431C044658D156
:1090B000D8F800402746002F43D1002C4BD023681E
:1090C0003946304604EB030900F038FA814542D1B5
:1090D00021686D1A29463046FFF7A6FF01303AD0C5
:1090E00023682B442360D8F800305A6862BBC8F864
:1090F00000700FE02268521B20D40B2A17D9611987
:10910000A342256018BF5960636808BFC8F8001003
:1091100062514B60304600F09FF904F10B00231DB3
:1091200020F00700C21A1CBF1B1AA350AFE76268E9
:10913000A3420CBFC8F800205A60EBE723466468DE
:10914000AEE73C467F68B6E71A465B68A342FBD1B0
:1091500000235360DEE70C233360304600F07CF9D7
:1091600094E70560D6E700BF04060020002310B591
:109170000446C0E90033C0E904338360818143665B
:10918000C2818361194608225C3000F09DFB0D4BC3
:1091900063620D4BA3620D4BE3620D4B23630D4BDA
:1091A00024629C4206D003F16802944202D0D0337C
:1091B0009C4205D104F15800BDE8104000F005BC08
:1091C00010BD00BFC1930108E79301081F94010877
:1091D0004394010808060020024A0349034800F0AE
:1091E0003BBB00BFC0000020918F0108740000202D
:1091F00041680C4B994210B5044601D0FFF7C8FEF8
:10920000A168094B994202D02046FFF7C1FEE168F0
:10921000064B994204D02046BDE81040FFF7B8BE87
:1092200010BD00BF0806002070060020D8060020F0
:1092300008B54B6EDA0705D48B899B0502D4886D7F
:1092400000F0C7FB002008BD08B54B6EDA0705D457
:109250008B899B0502D4886D00F0C1FB002008BDFE
:1092600010B50B4B0B4C0C4A1A602046002204210F
:10927000FFF77CFF04F1680001220921FFF776FF68
:1092800004F1D0000222BDE810401221FFF76EBFAA
:109290004007002008060020D9910108014800F08D
:1092A00098BB00BF4B070020014800F098BB00BFEF
:1092B0004B070020F8B50746FFF7F0FF234B1B686C
:1092C0000BB9FFF7CDFF224ED6E90134013B0FD594
:1092D0003568002D37D14FF4D6713846FFF7C6FEFA
:1092E000044628BB3060FFF7DFFF0C233B601BE028
:1092F000B4F90C50D5B9174BE36004F1580065661A
:1093000000F063FBFFF7D0FFC4E90155C4E9045541
:109310002560A5610822294604F15C0000F0D4FA1A
:10932000C4E90D55C4E912552046F8BD6834CDE7AF
:109330000423056043600C30A0604FF4D0722946CE
:1093400000F0C2FA34603668BEE700BF4007002074
:10935000C00000200100FFFF10B50446FFF79EFF8C
:10936000236A1BB1BDE81040FFF79EBF044B236288
:10937000044B1B68002BF5D1FFF772FFF2E700BF2B
:10938000F19101084007002008B5FFF787FFBDE80D
:109390000840024A0249002000F05EBAC0000020E6
:1093A0003192010808B5044A0449002000F054FA3B
:1093B000BDE80840FFF778BFC000002049920108CF
:1093C00010B50C46B1F90E1000F0F4FB0028ABBF4D
:1093D000636DA3891B1823F48053ACBF6365A3811D
:1093E00010BD002070472DE9F0411F468B89DB0539
:1093F00005460C46164605D5B1F90E10022300228B
:1094000000F0C6FBA389B4F90E1023F48053A381A6
:1094100032463B462846BDE8F04100F09FB810B503
:109420000C46B1F90E1000F0B3FB431CA38915BF25
:10943000606523F4805343F48053A38118BFA38154
:1094400010BDB1F90E1000F02DBB0000014800F076
:10945000C0BA00BF48070020014800F0C0BA00BFF2
:109460004807002038B5104B1D682B6B0446B3B974
:109470001820FFF7C9FD0246286320B90B4B0C48A2
:10948000462100F02DFB0B490B4BC0E900130B4BA1
:1094900083600B23838100210120C2E904012B6B2F
:1094A00000221C615A6138BD700000205FD10108A4
:1094B00076D101080E33CDAB34126DE6ECDE05003B
:1094C000164B10B51C68236BB3B91820FFF79CFD31
:1094D0000246206320B9124B1248522100F000FBD3
:1094E0001149124BC0E90013114B83600B23838198
:1094F00000210120C2E90401216B0E480B694C696F
:109500000D4A584302FB0400A3FB0232013340EB37
:109510000200C1E9043020F0004010BD70000020BE
:109520005FD1010876D101080E33CDAB34126DE660
:10953000ECDE05002DF451582D7F954C38B5064DC5
:109540000023044608462B60FEF728F9431C02D18D
:109550002B6803B1236038BDFC05002038B5074DEA
:1095600004460846114600222A601A46FEF7F7F81C
:10957000431C02D12B6803B1236038BDFC050020D9
:10958000DFB50C4B4FF0FF364FF0FF37694604460E
:1095900000221868CDE9006700F0D8FA0028B8BFAB
:1095A000CDE90067DDE900010CB1C4E9000104B0B8
:1095B000D0BD00BF7000002093682DE9F74F06462C
:1095C0000C4691461BB9002003B0BDE8F08F8B8993
:1095D000180747D50B69002B44D0B4F90C30D9F8E3
:1095E000008013F0020762D113F0010300F09380B2
:1095F0003846BB46BA46BAF1000F00F0FA800028A0
:1096000000F0018120682169A568636957453A46E1
:1096100028BF5246884240F203811D44AA4240F3CB
:10962000FF8059462A4600F035F923682B44236011
:1096300021463046FFF7ACFC002867D17F1B40F085
:10964000078121463046FFF7A3FC00285ED1D9F8F8
:1096500008305B1BAB44AAEB050AC9F80830002BA5
:10966000C9D1B0E721463046FFF76AF90028B4D0E7
:109670004FF0FF30A8E7D8E900A508F10808D4F8B2
:1096800028B0216A002DF6D0BD422B46524628BF95
:109690003B463046D847002838DDD9F808301B1A39
:1096A00082442D1AC9F80830002BE8D18BE74FF01F
:1096B000000A684F5546E2E7D8E9007A08F1080841
:1096C000B4F90C302068A268BAF1000FF4D0990503
:1096D00063D5524536D813F4906F33D0216965694C
:1096E000A0EB010B05EB450505EBD5750BF1010270
:1096F0006D105244954238BF15465B053DD529464D
:109700003046FFF7B3FC48B90C233360A38943F01C
:109710004003A381ACE71F469A46D1E75A46216928
:10972000019000F0CFF9A289019B22F4906242F0EF
:109730008002A281236165615B44A5EB0B05236078
:109740005246A560524528BF5246206801923946CC
:1097500000F0A0F8A368019A9B1AA3602368134441
:1097600055462360D9F808305B1B2F44AAEB050A45
:10977000C9F80830002BA3D125E72A46304600F06F
:10978000ABF803460028D5D12169304600F0D2F865
:10979000A38923F08003A381B6E72369834202D320
:1097A0006169514515D9524528BF5246394615467B
:1097B00000F070F8A36822685B1B2A44A360226053
:1097C000002BCFD121463046FFF7E2FB0028C9D05D
:1097D0009CE76FF00043534528BF5346A56A93FBAF
:1097E000F1F33A464B433046216AA847051EB9DCDF
:1097F0008CE7D8F804A0434608F10808BAF1000F36
:10980000F7D0D3F800B052460A215846E6F710FDCB
:1098100018B10130A0EB0B07F4E60AF10107F1E6FD
:10982000934208DCA56A216A5A463046A847051EBD
:109830003FF704AF6AE75946019200F02BF8019A0E
:10984000A3689B1AA3602368134423601546F5E6BA
:109850000120FCE600FCFF7F2DE9F843074688461F
:1098600014460026D4E90195B9F1010905D524680B
:10987000002CF7D13046BDE8F883AB89012B07D91E
:10988000B5F90E30013303D029463846C0470643A8
:109890006835E9E7884210B501EB020402D9844239
:1098A000234607D8431EA14208D011F8012B03F824
:1098B000012FF8E7024401468A4200D110BD13F897
:1098C000014D02F8014DF7E702440346934200D1EF
:1098D000704703F8011BF9E72DE9F0418046154672
:1098E0000C4621B9BDE8F0411146FFF7BFBB2AB9CC
:1098F00000F020F800242046BDE8F08100F08CF94B
:109900008542064602D8B5EB500FF4D829464046AA
:10991000FFF7ACFB07460028ECD0B5422A462146AB
:1099200028BF324600F0CEF82146404600F002F84B
:109930003C46E0E738B50546002941D051F8043CE3
:109940000C1F002BB8BFE418FFF780FD1D4A1368F9
:1099500033B9636014602846BDE83840FFF77CBD2A
:10996000A34208D9206821188B4201BF19685B689F
:1099700009182160EDE71A465B680BB1A342FAD9DA
:1099800011685018A0420BD120680144501883423E
:109990001160E0D118685B68536008441060DAE732
:1099A00002D90C232B60D6E7206821188B4204BF14
:1099B00019685B68636004BF091821605460CAE7D6
:1099C00038BD00BF040600207047704770477047DD
:1099D00070477047012070470120704770477047FB
:1099E00070B50C46B1F90E10002996B015461E460A
:1099F0000DDAA38913F0800F4FF0000114BF40234C
:109A00004FF48063002031602B6016B070BD6A4651
:109A100000F08AF80028ECDB019901F47041A1F50F
:109A20000053594259414FF48063EBE78B89F7B5F6
:109A30009D0706460C4607D504F1470323602361C2
:109A40000123636103B0F0BD01AB6A46FFF7C8FFB5
:109A5000009F054639463046FFF708FB48B9B4F980
:109A60000C309A05EED423F0030343F00203A381E4
:109A7000E2E7A389206043F08003A381019BC4E94E
:109A800004075BB1B4F90E10304600F071F828B14C
:109A9000A38923F0030343F00103A381A3891D439A
:109AA000A581CFE738B5064D0023044608462B6054
:109AB000FDF7A2FE431C02D12B6803B1236038BD21
:109AC000FC0500200A44914200F1FF3300D17047A9
:109AD00010B511F8014B03F8014F9142F9D110BDB7
:109AE0001FB514461A46094B1B680546D86854B979
:109AF000074B1C46CDE9013400912B46054900F087
:109B000079F800F091F8044BF4E700BF70000020F2
:109B10000AD20108DCD10108CFD1010808B51346EB
:109B20000022FFF7DDFF000038B5074D0023044693
:109B3000084611462B60FDF76BFE431C02D12B68D3
:109B400003B1236038BD00BFFC05002038B5074DC8
:109B500000230446084611462B60FDF711FF431C05
:109B600002D12B6803B1236038BD00BFFC05002083
:109B700038B5064D0023044608462B60FDF758FE15
:109B8000431C02D12B6803B1236038BDFC050020C3
:109B900038B5074D04460846114600222A601A4689
:109BA000FDF751FE431C02D12B6803B1236038BD81
:109BB000FC05002038B5074D044608461146002232
:109BC0002A601A46FDF74CFE431C02D12B6803B1F4
:109BD000236038BDFC0500200CB407B504AB53F876
:109BE000042B0193FEF744FD03B05DF804EB02B0D3
:109BF000704700000EB403B5014603AB054853F8A7
:109C0000042B00680193FEF733FD02B05DF804EB0E
:109C100003B070477000002051F8043C181F002B5F
:109C2000BCBF0B58C018704708B5062000F07CF880
:109C30000120FDF789FD38B5C56B044655B9802173
:109C4000FFF714FAE06338B1031F7C3043F8045F78
:109C50008342FBD1002038BD4FF0FF30FBE71F29C6
:109C600070B504460D46164604D9162303604FF01E
:109C7000FF3006E0C36B2BB1E36B53F8250043F8CC
:109C8000256070BDFFF7D7FF0028F5D0EFE71F294B
:109C900038B505460C4604D9162303604FF0FF3053
:109CA00038BDC26B12B152F821304BB9284600F0D2
:109CB0006BF8224601462846BDE8384000F052B80D
:109CC000012B0AD0591C03D1162303600120E7E7BA
:109CD000002142F82410204698470020E0E71F2981
:109CE00038B504460D4602D94FF0FF3038BDC36B7E
:109CF0002BB1E26B52F8253033B90120F6E7FFF7BC
:109D00009AFF0028F5D0EFE7591C08D0012B08D0A6
:109D10000024284642F8254098472046E6E70220DE
:109D2000E4E70320E2E70000024B01461868FFF772
:109D3000AEBF00BF70000020024B0A460146186803
:109D4000FFF78DBF70000020014B1868FFF773BF4D
:109D500070000020024B01461868FFF7C0BF00BF2B
:109D60007000002038B5074D002304460846114610
:109D70002B60FDF7D7FC431C02D12B6803B1236095
:109D800038BD00BFFC050020FDF7C3BC2DE9F0473E
:109D9000089D0C46002B4ED194468C458646B2FA5F
:109DA00082F262D94AB1C2F12003914020FA03F352
:109DB0000CFA02FC194300FA02FE4FEA1C471FFA94
:109DC0008CF6B1FBF7F44FEA1E4307FB141143EA8C
:109DD000014304FB06F199420AD91CEB030304F189
:109DE000FF3080F01281994240F20F81023C6344BF
:109DF000591A1FFA8EF3B1FBF7F007FB101143EA73
:109E0000014300FB06F69E420AD91CEB030300F156
:109E1000FF3180F0FC809E4240F2F98063440238BA
:109E20009B1B40EA044000211DB1D3400022C5E93C
:109E30000032BDE8F0878B4205D90DB1C5E90001BC
:109E400000210846F5E7B3FA83F1002946D1A34281
:109E500002D39042C0F0F080861A64EB0303012025
:109E6000002DE6D0C5E90063E3E7002A40F09080CA
:109E7000A1EB0C044FEA1C481FFA8CF70121B4FB3C
:109E8000F8F64FEA1E4308FB164443EA044307FB77
:109E900006F0984208D91CEB030306F1FF3402D206
:109EA000984200F2CD8026461C1A1FFA8EF3B4FBAE
:109EB000F8F008FB104443EA044300FB07F79F4215
:109EC00008D91CEB030300F1FF3402D29F4200F2D9
:109ED000B0802046DB1B40EA0640A5E7C1F1200622
:109EE0008B4022FA06F71F4320FA06FC04FA01F31E
:109EF00043EA0C03F44000FA01F8380C4FEA134926
:109F0000B4FBF0FE1FFA87FC00FB1E4449EA044440
:109F10000EFB0CF9A14502FA01F20AD93C190EF127
:109F2000FF3A80F08480A14540F28180AEF1020EBC
:109F30003C44A4EB09041FFA83F9B4FBF0F300FBE3
:109F4000134449EA044403FB0CFCA44507D93C191B
:109F500003F1FF3067D2A44565D9023B3C4443EA94
:109F60000E40A0FB0293A4EB0C049C42CE469C4600
:109F700051D34ED055B1B8EB0E0364EB0C0404FA88
:109F800006F6CB401E43CC40C5E90064002150E7F3
:109F9000C2F1200320FA03F10CFA02FC24FA03F3C5
:109FA00094400C434FEA1C4800FA02FE1FFA8CF75B
:109FB000B3FBF8F008FB1031230C43EA014300FB2C
:109FC00007F1994208D91CEB030300F1FF362CD2AC
:109FD00099422AD9023863445B1AA4B2B3FBF8F160
:109FE00008FB113344EA034401FB07F3A34208D9F9
:109FF0001CEB040401F1FF3613D2A34211D902393C
:10A000006444E41A41EA004139E70446F0E60846B0
:10A0100006E7C845AED2B9EB020E63EB070C013878
:10A02000A8E73146EDE7034699E73046D4E7D64640
:10A030007FE7634402384DE70646234608460FE7AC
:10A04000023E634430E700BF100000000000000043
:10A05000017A5200027C0E011B0C0D00380000003A
:10A0600018000000CC61FEFF9E00000000510E10A1
:10A0700084048503860287015BC7C6C5C40E004CF5
:10A080000A420B0A420B0E108404850386028701E4
:10A0900051C7C6C5C40E000000000000F8B500BFDF
:10A0A000F8BC08BC9E467047F8B500BFF8BC08BCB9
:04A0B0009E46704711
:10A0B40080B483B000AF00237B600C4B1B6C0B4A55
:10A0C40043F080531364094B1B6C03F080537B6093
:10A0D4007B68074B1B68064A43F400131360002394
:10A0E40018460C37BD465DF8047B704700380240C3
:10A0F4000070004080B483B000AF00237B600C4B41
:10A104001B6C0B4A43F080531364094B1B6C03F024
:10A1140080537B607B68074B1B68064A23F400135B
:10A124001360002318460C37BD465DF8047B704766
:10A13400003802400070004080B483B000AF0023B8
:10A144007B600C4B1B6C0B4A43F080531364094B2C
:10A154001B6C03F080537B607B68074B1B68064ACB
:10A1640043F480131360002318460C37BD465DF892
:10A17400047B7047003802400070004080B483B014
:10A1840000AF00237B600C4B1B6C0B4A43F08053E5
:10A194001364094B1B6C03F080537B607B68074B93
:10A1A4001B68064A23F480131360002318460C37F7
:10A1B400BD465DF8047B70470038024000700040E3
:10A1C4004572726F723A2074696D655F696E697465
:10A1D4000D0000004572726F723A20646973706CEE
:10A1E40061795F696E69740D0000000047616D65F7
:10A1F400206669656C642077697468202564207220
:10A204006F777320616E6420256420636F6C756DB5
:10A214006E730D0A000000004865616420696E20B9
:10A22400746F70206C65667420636F726E65720D56
:10A2340000000000426F647920636F6E74696E756C
:10A24400657320766572746963616C6C7920646FE0
:10A25400776E2074686520636F6C756D6E20756E03
:10A2640074696C206D69642D636F6C756D6E0D007F
:10A27400426F647920636F6E74696E7565732068CC
:10A284006F72697A6F6E74616C6C7920746F20746C
:10A29400686520726967687420746F77617264738B
:10A2A400207468652063656E746572206F6620741F
:10A2B40068652067616D65206669656C640D0000E2
:10A2C4004170706C6520696E20626F74746F6D20CC
:10A2D400726967687420636F726E65720D000000A6
:10A2E4003D400B401040264035400340064014409A
:10A2F4000E400D40254012402840024018400940BD
:10A304000A400000000610160006101600000000A7
:10A31400000000000000000000000000000C001E0F
:10A32400001E000C000C0000000C0000003600367B
:10A334000036000000000000000000000036003677
:10A34400007F0036007F003600360000000C003E1F
:10A354000003001E0030001F000C0000000000631A
:10A3640000330018000C006600630000001C003677
:10A37400001C006E003B0033006E00000006000667
:10A384000003000000000000000000000018000CA2
:10A39400000600060006000C001800000006000C71
:10A3A400001800180018000C0006000000000066E9
:10A3B400003C00FF003C0066000000000000000CB0
:10A3C400000C003F000C000C000000000000000026
:10A3D400000000000000000E000C00060000000059
:10A3E4000000003F0000000000000000000000002A
:10A3F400000000000000000C000C000000600030B1
:10A404000018000C0006000300010000001E0033C9
:10A41400003B003F00370033001E0000000C000F1B
:10A42400000C000C000C000C003F0000001E003368
:10A434000030001C00060033003F0000001E003303
:10A444000030001C00300033001E00000038003CC7
:10A4540000360033007F003000300000003F00036E
:10A46400001F003000300033001E0000001C0006F6
:10A474000003001F00330033001E0000003F0033C0
:10A4840000300018000C000600060000001E003317
:10A494000033001E00330033001E0000001E003392
:10A4A4000033003E00300018000E000000000000E1
:10A4B400000C000C0000000C000C00000000000068
:10A4C400000C000C0000000E000C00060018000C2C
:10A4D400000600030006000C001800000000000045
:10A4E400003F0000003F0000000000000006000CD8
:10A4F400001800300018000C00060000001E003395
:10A5040000300018000C0000000C0000003E006346
:10A51400007B007B007B0003001E0000000C001E7B
:10A5240000330033003F003300330000003F006677
:10A534000066003E00660066003F0000003C0066C6
:10A544000003000300030066003C0000003F0036E7
:10A554000066006600660036003F0000007F00468B
:10A564000016001E00160046007F0000007F004613
:10A574000016001E00160006000F0000003C0066D6
:10A584000003000300730066007C00000033003306
:10A594000033003F0033003300330000001E000C82
:10A5A400000C000C000C000C001E000000780030B1
:10A5B4000030003000330033001E000000670066E6
:10A5C4000036001E0036006600670000000F00061B
:10A5D4000006000600460066007F00000063007766
:10A5E400007F006B0063006300630000006300678A
:10A5F400006F007B0073006300630000001C0036E2
:10A604000063006300630036001C0000003F006626
:10A614000066003E00060006000F0000001E003326
:10A6240000330033003B001E00380000003F00668A
:10A634000066003E001E003600670000001E003366
:10A644000007001C00380033001E0000003F002DEE
:10A65400000C000C000C000C001E00000033003342
:10A664000033003300330033003F00000033003375
:10A67400003300330033001E000C0000006300634D
:10A684000063006B007F00770063000000630063D9
:10A694000036001C00360063006300000033003302
:10A6A4000033001E000C000C001E0000007F00336D
:10A6B4000019000C00460063007F0000001E000625
:10A6C4000006000600060006001E00000003000647
:10A6D400000C00180030006000400000001E00184C
:10A6E4000018001800180018001E00000008001CC4
:10A6F40000360063000000000000000000000000BD
:10A704000000000000000000000000FF000C000C2E
:10A71400001800000000000000000000000000001D
:10A72400001E0030003E0033006E000000070006EB
:10A73400003E006600660066003D00000000000068
:10A74400001E003300030033001E000000380030F8
:10A754000030003E00330033006E000000000000B3
:10A76400001E0033003F0003001E0000001C0036E2
:10A774000006000F00060006000F000000000000A5
:10A78400006E00330033003E0030001F0007000657
:10A794000036006E0066006600670000000C0000D2
:10A7A400000E000C000C000C001E0000001800003D
:10A7B400001E001800180018001B000E00070006F9
:10A7C40000660036001E003600670000000E000C14
:10A7D400000C000C000C000C001E00000000000027
:10A7E4000037007F006B006300630000000000007E
:10A7F400001F00330033003300330000000000006A
:10A80400001E003300330033001E0000000000006F
:10A81400003B00660066003E0006000F00000000DA
:10A82400006E00330033003E00300078000000006A
:10A83400001B003600360006000F00000000000078
:10A84400003E0003001E0030001F00000008000C42
:10A85400003E000C000C002C00180000000000005A
:10A864000033003300330033006E000000000000AA
:10A87400003300330033001E000C00000000000011
:10A8840000630063006B007F0036000000000000DE
:10A8940000630036001C0036006300000000000066
:10A8A400003300330033003E0030001F000000007E
:10A8B400003F0019000C0026003F00000038000C87
:10A8C400000C0007000C000C0038000000180018F1
:10A8D4000018000000180018001800000007000C01
:10A8E400000C0038000C000C00070000006E003B58
:10A8F4000000000000000000000000000000000054
:10A90400000000000102030406070809000000001B
:10A914000102030400000000000000000000000029
:10A9240000000000000000000010001000100010E3
:10A934000010001000000010000000000028002893
:10A9440000280000000000000000000000000000DB
:10A9540000240024007C00240048007C00480048B7
:10A964000000000000380054005000380014005467
:10A97400005400380010000000200054005800303B
:10A9840000280054001400080000000000100028F3
:10A994000028001000340048004800340000000083
:10A9A4000010001000100000000000000000000073
:10A9B40000000000000800100020002000200020FB
:10A9C40000200020001000080020001000080008EB
:10A9D40000080008000800080010002000100038DB
:10A9E400001000280000000000000000000000002B
:10A9F4000000000000100010007C00100010000097
:10AA04000000000000000000000000000000000042
:10AA14000000001000100010000000000000000002
:10AA240000000038000000000000000000000000EA
:10AA34000000000000000000000000100000000002
:10AA44000008000800100010001000100020002072
:10AA54000000000000380044004400540044004456
:10AA640000440038000000000010003000500010C6
:10AA74000010001000100010000000000038004416
:10AA840000440004000800100020007C00000000C6
:10AA94000038004400040018000400040044003896
:10AAA4000000000000080018002800280048007C6E
:10AAB4000008000800000000007C0040004000780E
:10AAC4000004000400440038000000000038004482
:10AAD40000400078004400440044003800000000B6
:10AAE400007C00040008001000100020002000205A
:10AAF40000000000003800440044003800440044D2
:10AB040000440038000000000038004400440044C1
:10AB1400003C000400440038000000000000000075
:10AB24000010000000000000000000100000000001
:10AB340000000000000000100000000000000010F1
:10AB44000010001000000000000C00300040003035
:10AB5400000C000000000000000000000000007C69
:10AB64000000007C00000000000000000000000065
:10AB740000600018000400180060000000000000DD
:10AB84000038004400040008001000100000001009
:10AB94000000000000380044004C0054005C0040F9
:10ABA40000400038000000000010002800280028A1
:10ABB4000028007C004400440000000000780044A9
:10ABC4000044007800440044004400780000000081
:10ABD4000038004400400040004000400044003879
:10ABE4000000000000700048004400440044004499
:10ABF4000048007000000000007C00400040007C21
:10AC0400004000400040007C00000000007C004048
:10AC14000040007800400040004000400000000078
:10AC24000038004400400040005C00440044003808
:10AC340000000000004400440044007C0044004440
:10AC44000044004400000000003800100010001010
:10AC54000010001000100038000000000004000480
:10AC64000004000400040004004400380000000054
:10AC74000044004800500060005000480048004470
:10AC84000000000000400040004000400040004040
:10AC94000040007C000000000044006C006C005484
:10ACA40000440044004400440000000000440064E8
:10ACB400006400540054004C004C004400000000A8
:10ACC4000038004400440044004400440044003878
:10ACD4000000000000780044004400440078004074
:10ACE40000400040000000000038004400440044DC
:10ACF400004400440054003800040000007800447C
:10AD0400004400440078004800480044000000006B
:10AD140000380044004000300008000400440038BB
:10AD240000000000007C0010001000100010001053
:10AD340000100010000000000044004400440044DF
:10AD44000044004400440038000000000044004473
:10AD54000044002800280028001000100000000013
:10AD640000440044005400540054006C002800289F
:10AD740000000000004400280028001000100028F3
:10AD8400002800440000000000440044002800287B
:10AD9400001000100010001000000000007C0004EF
:10ADA40000080010001000200040007C000000009B
:10ADB4000018001000100010001000100010001007
:10ADC40000100018002000200010001000100010D7
:10ADD40000080008000000000030001000100010FF
:10ADE40000100010001000100010003000100028A7
:10ADF40000280044000000000000000000000000E3
:10AE0400000000000000000000000000000000003E
:10AE1400000000FE00200010000000000000000000
:10AE240000000000000000000000000000380044A2
:10AE3400003C0044004C003400000000004000408E
:10AE440000580064004400440064005800000000FE
:10AE54000000000000380044004000400044003876
:10AE640000000000000400040034004C00440044CE
:10AE7400004C0034000000000000000000380044D2
:10AE8400007C00400044003800000000000C00106A
:10AE9400007C0010001000100010001000000000E2
:10AEA400000000000034004C00440044004C003416
:10AEB400000400780040004000580064004400444E
:10AEC4000044004400000000001000000070001066
:10AED400001000100010001000000000001000001E
:10AEE400007000100010001000100010001000E0AE
:10AEF40000400040004800500060005000480044FA
:10AF0400000000000070001000100010001000107D
:10AF14000010001000000000000000000078005441
:10AF240000540054005400540000000000000000CD
:10AF34000058006400440044004400440000000041
:10AF4400000000000038004400440044004400387D
:10AF540000000000000000000058006400440044A9
:10AF64000064005800400040000000000034004C21
:10AF740000440044004C00340004000400000000BD
:10AF84000058006400400040004000400000000001
:10AF9400000000000038004400300008004400387D
:10AFA4000000000000200020007800200020002085
:10AFB40000200018000000000000000000440044CD
:10AFC40000440044004C0034000000000000000075
:10AFD400004400440028002800280010000000005D
:10AFE40000000000005400540054006C00280028A5
:10AFF40000000000000000000044002800100010C1
:10B004000028004400000000000000000044004448
:10B01400002800280010001000100060000000004C
:10B02400007C0008001000200040007C00000000AC
:10B034000018001000100010002000200010001064
:10B044000010001800100010001000100010001074
:10B05400001000100010001000300010001000104C
:10B06400000800080010001000100030000000006C
:10B0740000000074004C000000000000000000000C
:10B0840000000000000000000000000000000000BC
:10B0940000000000000000000000000000000000AC
:10B0A400000000000000000C000C000C000C000C60
:10B0B400000C000C000C000C000C000C0000000C38
:10B0C400000C0000000000000000001B001B001B1F
:10B0D400001B001B00000000000000000000000036
:10B0E40000000000000000000000000000008019C3
:10B0F400801980198019C07FC07F80190033C07FF8
:10B10400C07F003300330033003300000000000030
:10B114000000001E003F807580650074003C001E26
:10B1240000078005806580658075003F001E00046F
:10B13400000400000000007000D840D8C0D880D9B6
:10B1440000730006000C801BC036C066C046C006F3
:10B1540080030000000000000000001E003F0033D8
:10B1640000330033001E000CC03CC0668063806165
:10B174008063C03E801C0000000000000000000C42
:10B18400000C000C000C000C00000000000000008B
:10B1940000000000000000000000000000000000AB
:10B1A400800000010003000600060004000C000CEF
:10B1B400000C000C000C000C000400060006000348
:10B1C40000018000002000100018000C000C000496
:10B1D4000006000600060006000600060004000C37
:10B1E400000C0018001000200000000C002D003F8F
:10B1F400001E0033000000000000000000000000FA
:10B20400000000000000000000000000000000003A
:10B214000000000C000C000C000CC0FFC0FF000C70
:10B22400000C000C000C00000000000000000000F6
:10B23400000000000000000000000000000000000A
:10B2440000000000000000000000000C000C0004DE
:10B2540000040008000000000000000000000000DE
:10B26400000000000000001E001E0000000000009E
:10B2740000000000000000000000000000000000CA
:10B2840000000000000000000000000000000000BA
:10B294000000000C000C000000000000000000038F
:10B2A400000300030006000600060006000C000C64
:10B2B400000C000C0018001800180000000000002A
:10B2C4000000001E003F0033806180618061806D5A
:10B2D400806D8061806180610033003F001E00004A
:10B2E4000000000000000006000E001E00360026CC
:10B2F400000600060006000600060006000600061A
:10B3040000060000000000000000001E003F8073E3
:10B3140080618061800100030006000C0018003089
:10B324000060807F807F0000000000000000001C9F
:10B33400003E006300630003000E000E0003800162
:10B34400800180618073003F001E00000000000047
:10B3540000000006000E000E001E001E001600363F
:10B3640000360066807F807F00060006000600002D
:10B37400000000000000007F007F006000600060AB
:10B38400006E007F80638001800180618073003FD4
:10B39400001E0000000000000000001E003F80337B
:10B3A40080610060006E007F8073806180618061D5
:10B3B4008033003F001E0000000000000000807F7A
:10B3C400807F80010003000300060006000C000CCF
:10B3D400000C00080018001800180000000000000D
:10B3E4000000001E003F8063806180610021001E18
:10B3F400003F8061806180618061003F001E000029
:10B40400000000000000001E003F007380618061A6
:10B4140080618073803F801D800180610073003FE4
:10B42400001E0000000000000000000000000000FA
:10B434000000000C000C00000000000000000000F0
:10B444000000000C000C00000000000000000000E0
:10B454000000000000000000000C000C00000000D0
:10B46400000000000000000C000C000400040008B0
:10B47400000000000000000080008003000E00387F
:10B4840000600038000E800380000000000000000F
:10B494000000000000000000000000000000807FA9
:10B4A400807F00000000807F807F0000000000009B
:10B4B4000000000000000000000000000000000088
:10B4C40000400070001C000780010007001C007091
:10B4D4000040000000000000000000000000001F09
:10B4E400803FC071C060C000C00180030007000E2F
:10B4F400000C000C0000000C000C00000000000018
:10B504000000001E003F803180718063806F806D79
:10B51400806D806F806700600032003E001C000078
:10B52400000000000000000E000E001B001B001BAA
:10B53400001B80318031803F803F8031C060C0601B
:10B54400C0600000000000000000007C007E00637A
:10B55400006300630063007E007E0063806180619D
:10B564008063007F007E0000000000000000001ED9
:10B57400003F803180610060006000600060006016
:10B58400006080618031003F001E00000000000068
:10B594000000007C007F00638063806180618061C3
:10B5A40080618061806100630063007E007C000034
:10B5B400000000000000807F807F00600060006069
:10B5C4000060007F007F0060006000600060807F9A
:10B5D400807F0000000000000000807F807F00600A
:10B5E400006000600060007F007F00600060006019
:10B5F4000060006000600000000000000000001E09
:10B60400003F80318061006000600060806380637F
:10B61400806180618031803F001E000000000000D6
:10B624000000806180618061806180618061807FD1
:10B63400807F8061806180618061806180610000C1
:10B64400000000000000003F003F000C000C000C54
:10B65400000C000C000C000C000C000C000C003F53
:10B66400003F000000000000000080018001800114
:10B6740080018001800180018001800180618061FE
:10B684008073003F001E0000000000000000C06046
:10B694008061006300660066006C0078007C0066D0
:10B6A4000066006380618061C060000000000000EB
:10B6B40000000060006000600060006000600060E6
:10B6C40000600060006000600060807F807F000098
:10B6D400000000000000C071C071C07BC07AC06A65
:10B6E400C06AC06EC064C060C060C060C060C0603A
:10B6F400C06000000000000000008071807180794B
:10B7040080798079806D806D806D806580678067C9
:10B714008067806380630000000000000000001E5A
:10B72400003F00338061806180618061806180615D
:10B73400806180610033003F001E000000000000B3
:10B744000000007E007F806380618061806180638F
:10B75400007F007E00600060006000600060000008
:10B76400000000000000001E003F00338061806183
:10B774008061806180618061806580670033803F83
:10B78400401E0000000000000000007E007F806377
:10B79400806180618063007F007E006600630063D7
:10B7A40080618061C0600000000000000000000EA5
:10B7B400001F8031803100300038001E00078003F4
:10B7C400806180618031003F001E000000000000A5
:10B7D4000000C0FFC0FF000C000C000C000C000CAB
:10B7E400000C000C000C000C000C000C000C000001
:10B7F40000000000000080618061806180618061E0
:10B804008061806180618061806180618073003FBC
:10B81400001E0000000000000000C060C060C060A6
:10B82400803180318031001B001B001B001B000E87
:10B83400000E000E00040000000000000000C0C064
:10B84400C0C0C0C0C0C0C0C0C0CC804C804C805EF2
:10B85400805280528073806180610000000000008B
:10B864000000C0C0806080610033003B001E000CFB
:10B87400000C001E001F003B80718061C0C00000EE
:10B88400000000000000C0C080618061003300330C
:10B89400001E001E000C000C000C000C000C000C20
:10B8A400000C0000000000000000803F803F800189
:10B8B400000300030006000C000C00180018003000
:10B8C4000060807F807F000000000000000F000FF8
:10B8D400000C000C000C000C000C000C000C000C04
:10B8E400000C000C000C000C000C000C000F000FEE
:10B8F4000000001800180018000C000C000C000CCC
:10B904000006000600060006000300030003000012
:10B9140000000000001E001E0006000600060006CF
:10B9240000060006000600060006000600060006E3
:10B9340000060006001E001E0000000C000C001E85
:10B9440000120033003380618061000000000000B9
:10B9540000000000000000000000000000000000E3
:10B9640000000000000000000000000000000000D3
:10B97400000000000000000000000000E0FF0000E4
:10B98400000000380018000C000000000000000057
:10B9940000000000000000000000000000000000A3
:10B9A4000000000000000000000000000000001F74
:10B9B400803F80618001801F803F80618063807F41
:10B9C400C03800000000000000000060006000605B
:10B9D4000060006E007F807380618061806180619F
:10B9E4008073007F006E0000000000000000000073
:10B9F400000000000000001E003F807380610060B2
:10BA0400006080618073003F001E000000000000A1
:10BA140000008001800180018001801D803F8073CF
:10BA240080618061806180618073803F801D00003F
:10BA34000000000000000000000000000000001EE4
:10BA4400003F00738061807F807F00608071003FD1
:10BA5400001E0000000000000000C007C00F000C22
:10BA6400000C807F807F000C000C000C000C000C8C
:10BA7400000C000C000C000000000000000000009E
:10BA840000000000801D803F8073806180618061C0
:10BA940080618073803F801D80018063007F003E51
:10BAA40000000060006000600060006F807F8071B3
:10BAB400806180618061806180618061806100005B
:10BAC4000000000000000006000600000000003E28
:10BAD400003E0006000600060006000600060006FA
:10BAE4000006000000000000000600060000000040
:10BAF400003E003E000600060006000600060006A2
:10BB04000006000600060046007E003C00000060BF
:10BB1400006000600060806100630066006C007C6F
:10BB24000076006300638061C060000000000000D4
:10BB34000000003E003E0006000600060006000667
:10BB440000060006000600060006000600060000C7
:10BB5400000000000000000000000000000080DD84
:10BB6400C0FFC0CEC0CCC0CCC0CCC0CCC0CCC0CC3C
:10BB7400C0CC000000000000000000000000000035
:10BB84000000006F807F80718061806180618061CE
:10BB940080618061806100000000000000000000FE
:10BBA400000000000000001E003F8073806180617F
:10BBB400806180618073003F001E0000000000006F
:10BBC4000000000000000000006E007F80738061B0
:10BBD4008061806180618073007F006E006000601E
:10BBE400006000600000000000000000801D803F35
:10BBF400807380618061806180618073803F801D7B
:10BC0400800180018001800100000000000000002C
:10BC140000000067803F0039003000300030003001
:10BC24000030003000300000000000000000000080
:10BC3400000000000000001E803F80610060007F63
:10BC4400803F80018061007F001E00000000000032
:10BC540000000000000800180018007F007F001892
:10BC640000180018001800180018801F800F00002A
:10BC740000000000000000000000000000008061DF
:10BC84008061806180618061806180618063807F88
:10BC9400803D0000000000000000000000000000E3
:10BCA4000000C060803180318031001B001B001B0C
:10BCB400000E000E0006000000000000000000005E
:10BCC40000000000000080DD80DD80DD00550055AF
:10BCD40000550077007700220022000000000000D9
:10BCE4000000000000000000000080610033003309
:10BCF400001E000C000C001E0033003380610000A5
:10BD0400000000000000000000000000806180616D
:10BD1400803100330033001B001B001B000E000E9B
:10BD2400000E001C007C00700000000000000000F9
:10BD34000000C07FC07F800100030006000C0018D3
:10BD44000030C07FC07F0000000000008003800737
:10BD540000060006000600060006000E001C001C7B
:10BD6400000E000600060006000600068007800399
:10BD7400000600060006000600060006000600068F
:10BD8400000600060006000600060006000600067F
:10BD9400000600060038003C000C000C000C000CEF
:10BDA400000C000E00070007000E000C000C000C35
:10BDB400000C000C003C00380000000000000000F3
:10BDC4000000000000008038807F00470000000071
:10BDD400000000000000000000000000000000005F
:10BDE400000000000000000000000000000000004F
:10BDF400000000000000000000000000000000003F
:10BE0400000000000000000000000000000000002E
:10BE1400E003E003E003E003E003E003E003E00306
:10BE2400C003C003C001C001C001C001C0010000C3
:10BE340000000000E003E003E00300000000000055
:10BE4400000000003C1E3C1E3C1E3C1E3C1E3C1ED2
:10BE54003C1E000000000000000000000000000084
:10BE640000000000000000000000000000000000CE
:10BE74000000000000000000CE01CE03DE039E039C
:10BE84009C039C07FF3FFF7F3807380F780F780F1C
:10BE9400780EFFFFFFFFF01EF01CE01CE03CE03DCD
:10BEA400E03900000000000000000000FC03FE0F69
:10BEB400EE1FE01EE01EE01EE01EE01FE00FE007A4
:10BEC400F003FC01FE01FE01FE01FE01FE01FE0184
:10BED400FE3DFC3FF00FE001E00100000000000027
:10BEE400033E07F78FE78EE79EE3BCE3B8E7F8E786
:10BEF400F0F7E03FC001FF03FF07F307F30FF31E62
:10BF0400F33CF338F3787FF03FE0000000000000DA
:10BF140000000000E007F80F780F781F781F781FE3
:10BF2400780FF00FE00F801FC37FC3FBE7F3F7F137
:10BF3400F7F0FFF07FF03EF87F7CFF3FEF1F00003B
:10BF44000000000000000000E003E003E003E00361
:10BF5400E003C003C0010000000000000000000076
:10BF640000000000000000000000000000000000CD
:10BF74000000000000000000000000003F007C0002
:10BF8400F001E001C003C00780078007800F000FA5
:10BF9400000F000F000F000F000F800F80078007B5
:10BFA400C007C003E001F0017C003F000F00000067
:10BFB400007E001FC007C003E001F001F000F000A4
:10BFC400F800780078007800780078007800F800AD
:10BFD400F000F000F001E001C003C007001F007E84
:10BFE40000780000E003C003C001CE39FF3F7F3F6B
:10BFF40020037003F807780F3C1F38060000000088
:10C00400000000000000000000000000000000002C
:10C01400000000000000000000000000000000001C
:10C0240000000000C001C001C001C001C001C00186
:10C03400C001FFFFFFFFC001C001C001C001C0017A
:10C04400C00100000000000000000000000000002B
:10C0540000000000000000000000000000000000DC
:10C064000000000000000000000000000000E003E9
:10C07400E003E003E003E001E001E001C00180032C
:10C0840000000000000000000000000000000000AC
:10C09400000000000000FE3FFE3F00000000000022
:10C0A400000000000000000000000000000000008C
:10C0B400000000000000000000000000000000007C
:10C0C400000000000000000000000000000000006C
:10C0D400000000000000E003E003E003E0030000D0
:10C0E40000000000000000000F000F001E001E00F2
:10C0F4003C003C0078007800F000F000E001E00132
:10C10400C003C00380078007000F000F001E001E3D
:10C11400003C003C0078007800F00000F007F80FC5
:10C124007C1F3E3E1E3C1F7C1F7C0F780F780F78CF
:10C134000F780F780F780F781F7C1F7C1E3C3E3ED3
:10C144007C1FF80FF0070000000000000000000052
:10C15400F000F007F03FF03FF001F001F001F001D2
:10C16400F001F001F001F001F001F001F001F00143
:10C17400F001F001F001FF3FFF3F0000000000006C
:10C1840000000000E00FF83F7C3C3C003E003E0015
:10C194003E003C003C007C00F800F001E003C007D6
:10C1A4008007000F001E003E003CFE3FFE3F0000E3
:10C1B4000000000000000000F00FF81F7C1C3E008F
:10C1C4003E003E003C003C00F800F00FF80F7C00FD
:10C1D4003E001E001E001E001E003E007C1CF81FB8
:10C1E400E01F000000000000000000007800F800DC
:10C1F400F800F801F803F807F807780F781E781E9E
:10C20400783C78787878FFFFFFFF78007800780032
:10C2140078007800780000000000000000000000B2
:10C22400FC1FFC1FFC1F001E001E001E001E001E23
:10C23400E01FF81FFC007C003E003E001E003E0094
:10C244003E003C007C1CF81FE01F000000000000C2
:10C2540000000000FC01FE078E0F001F001E003EC0
:10C26400003C003CF83DFC3F3E7F1F7E0F3C0F3CF2
:10C274000F3C0F3C0F3E1F1E3E1FFC0FF00300003F
:10C284000000000000000000FF3FFF3FFF3F0F00E1
:10C294001E001E003C0038007800F000F000E001B1
:10C2A400E001C003C0038007800F800F000F001F50
:10C2B400001F00000000000000000000F807FC0F51
:10C2C4003E1F1E1E1E3E1E3E1E1E3C1FF80FF00784
:10C2D400F80FFC1E3E3E1F3C1F7C0F7C0F7C1F3C56
:10C2E4003E3FFC1FF00700000000000000000000BB
:10C2F400F007F80F7C1E3E3C1E3C1F7C1F7C1F7CFD
:10C304001F7C1F3C3F3EFF1FEF071F001E001E0047
:10C314003E003C00F838F03FE01F00000000000041
:10C324000000000000000000000000000000000009
:10C33400E003E003E003E00300000000000000006D
:10C34400000000000000E003E003E003E00300005D
:10C3540000000000000000000000000000000000D9
:10C3640000000000E003E003E003E003000000003D
:10C3740000000000000000000000E003E003E00310
:10C38400E003E001E001E001C003800300000000DD
:10C39400000000000000000003000F003F00FC004C
:10C3A400F003C00F003F00FE003FC00FF003FC008D
:10C3B4003F000F0003000000000000000000000028
:10C3C4000000000000000000000000000000000069
:10C3D40000000000FFFFFFFF000000000000FFFF5F
:10C3E400FFFF00000000000000000000000000004B
:10C3F4000000000000000000000000000000000039
:10C4040000E000F8007E801FE007F8017E001F00B6
:10C414007E00F801E007801F007E00F800E00000C5
:10C424000000000000000000F01FFC3F3E381F38F1
:10C434001F381E001E003C007800F000E001C0031D
:10C44400C003C007C007000000000000C007C00709
:10C45400C00700000000000000000000F803FE0F09
:10C464001E1F0F3E7F3CFF78EF79C773C7F38FF32E
:10C474008FF38FF39FF39FF3FF73FF7BF779003CF8
:10C484001C1FFC0FF8030000000000000000000067
:10C49400000000000000E003E003F007F007F007ED
:10C4A400780F780F7C0E3C1E3C1E3E3CFE3FFF3F47
:10C4B4001F780F780FF007F007F00000000000006D
:10C4C40000000000000000000000F83FFC3F3E3C7C
:10C4D4001E3C1E3C1E3C3E3C7C3CF03FF83F7E3CF8
:10C4E4001F3C1F3C0F3C0F3C1F3CFE3FF83F00002D
:10C4F4000000000000000000000000000000FF0138
:10C50400FF07871F003E003C007C0078007800781D
:10C5140000780078007C007C003E003F831FFF070A
:10C52400FF01000000000000000000000000000007
:10C534000000F07FFC7F7E781F781F780F780F78DB
:10C544000F780F780F780F780F780F781F781E7890
:10C554007E78F87FE07F000000000000000000000B
:10C56400000000000000FF3FFF3F003E003E003E91
:10C57400003E003E003EFE3FFE3F003E003E003EC9
:10C58400003E003E003EFF3FFF3F00000000000071
:10C5940000000000000000000000FF1FFF1F001E3D
:10C5A400001E001E001E001E001EFF1FFF1F001E97
:10C5B400001E001E001E001E001E001E001E0000A5
:10C5C4000000000000000000000000000000FE0366
:10C5D400FF0F871F003E007C007C007800F800F805
:10C5E4007FF87FF80F780F7C0F7C0F3E8F1FFF0FB3
:10C5F400FE03000000000000000000000000000036
:10C6040000001F7C1F7C1F7C1F7C1F7C1F7C1F7CE9
:10C614001F7CFF7FFF7F1F7C1F7C1F7C1F7C1F7C78
:10C624001F7C1F7C1F7C0000000000000000000035
:10C63400000000000000FF3FFF3FE003E003E003D1
:10C64400E003E003E003E003E003E003E003E003CE
:10C65400E003E003E003FF3FFF3F000000000000B1
:10C6640000000000000000000000FC1FFC1F7C0014
:10C674007C007C007C007C007C007C007C007C00D6
:10C684007C007C0078007800F838F03FC03F000060
:10C6940000000000000000000000000000001F3C3B
:10C6A4001E3C3C3C783CF03CE03DE03FC03F803FDA
:10C6B400C03FE03FF03DF03C783C7C3C3E3C1F3CBE
:10C6C4000F3C00000000000000000000000000001B
:10C6D4000000003E003E003E003E003E003E003EA4
:10C6E400003E003E003E003E003E003E003E003E56
:10C6F400003EFF3FFF3F000000000000000000007C
:10C704000000000000001FF81FFC1FFC3FFE3FFE5E
:10C714003FFE7FFF77FF77FFF7F7E7F7E7F3E7F3EE
:10C72400C7F307F007F007F007F00000000000006F
:10C73400000000000000000000000F7C0F7C0F7E52
:10C744000F7F0F7F8F7F8F7FCF7FEF7BEF79FF7915
:10C75400FF78FF787F783F783F781F781F78000054
:10C764000000000000000000000000000000F007CE
:10C77400FC1F3E3E1F7C0F780F780FF80FF80FF860
:10C784000FF80FF80FF80F780F781F7C3E3EFC1F50
:10C79400F00700000000000000000000000000009E
:10C7A4000000FC3FFF3F1F3E0F3E0F3E0F3E0F3E7B
:10C7B4001F3E3F3EFC3FF03F003E003E003E003E39
:10C7C400003E003E003E00000000000000000000AB
:10C7D400000000000000F007FC1F3E3E1F7C0F78A5
:10C7E4000F780FF80FF80FF80FF80FF80FF80F780D
:10C7F4000F781F7C3E3EFC1FF8077C003F000F00B3
:10C8040003000000000000000000F03FFC3F7E3CFD
:10C814003E3C1E3C1E3C3E3C3C3CFC3CF03FE03F6E
:10C82400F03DF83C7C3C3E3C1E3C1F3C0F3C000071
:10C834000000000000000000000000000000FC07F1
:10C84400FE1F0E3E003C003C003C003EC01FF80FA3
:10C85400FE037F001F000F000F001F203E3CFC3F23
:10C86400F01F0000000000000000000000000000B5
:10C874000000FFFFFFFFE003E003E003E003E00349
:10C88400E003E003E003E003E003E003E003E0038C
:10C89400E003E003E00300000000000000000000EB
:10C8A4000000000000000F7C0F7C0F7C0F7C0F7CCD
:10C8B4000F7C0F7C0F7C0F7C0F7C0F7C0F7C0F7C1C
:10C8C4001E3C1E3C3E3EFC1FF00700000000000022
:10C8D4000000000000000000000007F007F007F867
:10C8E4000F780F7C1E3C1E3C1E3E3C1E3C1F781FD6
:10C8F400780FF80FF007F007F007E003E0030000FB
:10C90400000000000000000000000000000003E040
:10C9140003F003F007F0E7F3E7F3E7F3E773F77BDC
:10C92400F77FFF7F7F7F7F7F7E7F7E3F3E3E3E3E61
:10C934003E3E000000000000000000000000000077
:10C94400000007F80F7C1E3E3E3E3C1FF80FF00728
:10C95400E007E003E003F007F80F7C0F7C1E3E3C89
:10C964001F780F780FF000000000000000000000A6
:10C9740000000000000007F807780F7C1E3C1E3EF4
:10C984003C1F780FF80FF007E003E003E003E00337
:10C99400E003E003E003E003E00300000000000024
:10C9A40000000000000000000000FF7FFF7F0F0078
:10C9B4001F003E007C00F800F000E001E003C00727
:10C9C400800F000F001E003E007CFF7FFF7F0000F1
:10C9D4000000000000000000FF07800780078007B8
:10C9E400800780078007800780078007800780070B
:10C9F40080078007800780078007800780078007FB
:10CA0400800780078007FF07FF0700000078007891
:10CA1400003C003C001E001E000F000F8007800732
:10CA2400C003C003E001E001F000F00078007800EA
:10CA34003C003C001E001E000F000F000700000019
:10CA4400F07FF000F000F000F000F000F000F000E3
:10CA5400F000F000F000F000F000F000F000F00052
:10CA6400F000F000F000F000F000F000F000F07FC3
:10CA7400F07F0000C000C001C001E003E003F00744
:10CA8400F0077807780F380F3C1E3C1E1E3C1E3CF6
:10CA94000F380F7807780000000000000000000045
:10CAA4000000000000000000000000000000000082
:10CAB4000000000000000000000000000000000072
:10CAC4000000000000000000000000000000000062
:10CAD4000000FFFFFFFF000000000000F000000066
:10CAE4000000000000000000000000000000000042
:10CAF4000000000000000000000000000000000032
:10CB04000000000000000000000000000000000021
:10CB1400000000000000000000000000F80FFC3FCF
:10CB24007C3C3E003E003E00FE07FE1F3E3E3E7C37
:10CB34003E783E7C7E7CFF3FCF1F0000000000005B
:10CB440000000000003C003C003C003C003C003C79
:10CB5400F83DFE3F3E3F1F3E0F3C0F3C0F3C0F3C59
:10CB64000F3C0F3C1F3C1E3C3E3FFC3FF03B000093
:10CB740000000000000000000000000000000000B1
:10CB840000000000FE03FF0F871F003E003E003C34
:10CB9400007C007C007C003C003E003E871FFF0FB1
:10CBA400FE03000000000000000000001F001F0042
:10CBB4001F001F001F001F00FF07FF1F3F3E1F3CF9
:10CBC4001F7C1F7C1F7C1F781F781F7C1F7C3F3CB1
:10CBD4007F3EFF1FDF0F0000000000000000000088
:10CBE400000000000000000000000000F803FC0F3B
:10CBF4003E1F1E3E1F3C1F7CFF7FFF7F007C007C8E
:10CC0400003C003E071FFF0FFE0300000000000071
:10CC140000000000FF01E103C003C007C007C00714
:10CC2400FF7FFF7FC007C007C007C007C007C0075A
:10CC3400C007C007C007C007C007C007C00700007F
:10CC440000000000000000000000000000000000E0
:10CC540000000000EF07FF1F7F3E1F3C1F7C1F7C6E
:10CC64001F781F781F781F7C1F7C3F3C7F3EFF1F6F
:10CC7400DF0F1E001E001E007C38F83F003C003C05
:10CC8400003C003C003C003CFC3DFE3F9E3F1F3FFF
:10CC94001F3E1F3C1F3C1F3C1F3C1F3C1F3C1F3CB6
:10CCA4001F3C1F3C1F3C000000000000000000006F
:10CCB400F001F0010000000000000000E07FE07FD0
:10CCC400E001E001E001E001E001E001E001E00158
:10CCD400E001E001E001E001E001000000000000EB
:10CCE40000000000F800F800000000000000000050
:10CCF400F83FF83FF800F800F800F800F800F800F2
:10CD0400F800F800F800F800F800F800F800F8005F
:10CD1400F800F000F071E07F003C003C003C003C77
:10CD2400003C003C1F3C3E3C7C3CF83CF03DE03D7C
:10CD3400C03FC03FE03FF03DF83C7C3C3E3C1F3CE4
:10CD44001F3C00000000000000000000F07FF00124
:10CD5400F001F001F001F001F001F001F001F00147
:10CD6400F001F001F001F001F001F001F001F00137
:10CD7400F001F001F00100000000000000000000DC
:10CD84000000000000000000000000009EF7FFFF0C
:10CD9400FFFFFFFFE7FBE7F9C7F1C7F1C7F1C7F1F1
:10CDA400C7F1C7F1C7F1C7F1C7F1000000000000E7
:10CDB400000000000000000000000000000000006F
:10CDC400FC3DFE3F9E3F1F3F1F3E1F3C1F3C1F3C40
:10CDD4001F3C1F3C1F3C1F3C1F3C1F3C1F3C0000D2
:10CDE400000000000000000000000000000000003F
:10CDF40000000000F007FC1F3E3E1F3C1F7C0F7824
:10CE04000F780F780F780F781F7C1F3C3E3EFC1F75
:10CE1400F007000000000000000000000000000017
:10CE24000000000000000000F83DFE3F3E3F1F3EB2
:10CE34000F3C0F3C0F3C0F3C0F3C0F3C1F3C1E3E75
:10CE44003E3FFC3FF83F003C003C003C003C003CC3
:10CE5400000000000000000000000000EE07FE1FBC
:10CE64007E3E1E3C1E7C1E781E781E781E781E7820
:10CE74001E7C3E7C7E3EFE1FDE0F1E001E001E003A
:10CE84001E001E0000000000000000000000000062
:10CE94007F1FFF1FE71FC71F871F001F001F001FE3
:10CEA400001F001F001F001F001F001F001F0000A5
:10CEB400000000000000000000000000000000006E
:10CEC40000000000FC07FE1F0E1E003E003E003F57
:10CED400E01FFC07FE003E001E001E003E3CFC3F1F
:10CEE400F01F00000000000000000000000000002F
:10CEF4000000800780078007FF7FFF7F800780078F
:10CF040080078007800780078007800780078007E5
:10CF1400C007FF03FF010000000000000000000044
:10CF24000000000000000000000000001E3C1E3C49
:10CF34001E3C1E3C1E3C1E3C1E3C1E3C1E3C1E3C1D
:10CF44003E3C7E3CFE3EFE1FDE0F00000000000063
:10CF540000000000000000000000000000000000CD
:10CF640007F00F780F781E3C1E3C1E3E3C1E3C1EF4
:10CF7400780F780FF00FF007F007E003E0030000EC
:10CF8400000000000000000000000000000000009D
:10CF94000000000003F0E3F1E3F3E7F3F7F3F7F342
:10CFA400F77F777F7F7F7F7F7F7F3E3E3E3E3E3EA3
:10CFB4003E3E0000000000000000000000000000F1
:10CFC40000000000000000000F7C1E3E3C3E3C1FA1
:10CFD400F80FF007F007E003F007F807F80F7C1EDE
:10CFE4003E3E1F3C1F7800000000000000000000CF
:10CFF40000000000000000000000000007F80F78A7
:10D004000F7C1E3C1E3C3C1E3C1E3C1F780FF80F40
:10D01400F007F007E003E003C003C003C003800788
:10D02400800F007F000000000000000000000000EE
:10D03400FF3FFF3F1F003E007C00F800F001E003CB
:10D04400C007800F001F001E003CFF7FFF7F000011
:10D054000000000000000000FE01E003C003C00364
:10D06400C003C003E001E001E001C001C003803F50
:10D07400803FC003C001E001E001E001C003C00340
:10D08400C003C003E003FE017E000000C001C00134
:10D09400C001C001C001C001C001C001C001C00184
:10D0A400C001C001C001C001C001C001C001C00174
:10D0B400C001C001C001C001C001C001C001000025
:10D0C400C03FE003E001E001E001E001C001C00372
:10D0D400C003C001E001FE00FE00E001C001C00386
:10D0E400C003C001E001E001E001E001E003C03F52
:10D0F400003F0000000000000000000000000000ED
:10D1040000000000000000000000073FC77FE77335
:10D11400FFF17EF0000000000000000000000000AD
:10D124000000000000000000232D302B2000686C5C
:10D134004C00656667454647003031323334353636
:10D14400373839414243444546003031323334356F
:10D1540036373839616263646566005245454E541A
:10D16400206D616C6C6F63207375636365656465C2
:10D1740064002F646174612F6A656E6B696E732F2E
:10D18400776F726B73706163652F474E552D746FA3
:10D194006F6C636861696E2F61726D2D31322F730C
:10D1A40072632F6E65776C69622D63796777696E38
:10D1B4002F6E65776C69622F6C6962632F73746478
:10D1C4006C69622F72616E642E63002C2066756E2A
:10D1D4006374696F6E3A2000617373657274696F6A
:10D1E4006E2022257322206661696C65643A20668C
:10D1F400696C6520222573222C206C696E652025BC
:10D2040064257325730A00003D400B4010402640FE
:10D2140035400340064014400E400D402540124066
:0CD2240028400240184009400A40000069
:08D23000702FFE7F01000000D9
:04D238006D0300087A
:04D23C00450300089E
:10D2400000000000100000000100000008080000BD
:10D2500010A301080C0000206C010020EC0100204C
:10D260000024F400070A000018A901080B120000AE
:10D2700084B00108101A0000E0BD01084D7F0108CC
:10D280008B7F0108997F0108BD7F01080000000025
:10D29000E78401080000000000000000000000001A
:10D2A00000000000EB7F0108258001085F80010875
:10D2B0007400002000000000080600207006002016
:10D2C000D806002000000000000000000000000060
:10D2D000000000000000000000000000000000004E
:10D2E000000000000000000000000000000000003E
:10D2F000000000000000000000000000000000002E
:0CD30000000000000300000008060020F0
:040000050801850564
:00000001FF
